run	subrun	event	n_nu	inu	nu_pdg	ccnc	mode	interaction_type	E_nu_MeV	vtx_x_cm	vtx_y_cm	vtx_z_cm	t_ns	lepton_pdg	target_pdg	n_genie_particles	in_active_tpc
719	45	3	1	0	14	1	1	1008	819.74	-206.05	-88.32	175.17	1543.4	14	1000180400	18	0
719	45	10	1	0	14	0	2	1091	2260.55	62.60	103.39	299.07	1150.2	13	1000180400	14	1
719	45	12	1	0	14	1	0	1002	1557.28	-5.78	0.15	509.13	1478.3	14	1000260560	14	0
719	45	17	1	0	14	0	0	1001	1100.49	-154.39	-116.85	15.30	703.5	13	1000180400	8	1
719	45	19	4	0	14	0	0	1001	784.27	-4.52	-525.91	877.89	391.3	13	1000110230	8	0
719	45	19	4	1	14	0	0	1001	358.65	87.37	-193.66	562.15	1100.1	13	1000180400	10	0
719	45	19	4	2	14	1	1	1008	863.84	-59.08	104.04	377.34	773.5	14	1000180400	11	1
719	45	19	4	3	14	0	1	1003	1815.44	-27.31	-307.57	-561.00	1250.1	13	1000080160	19	0
719	45	22	1	0	14	0	1	1004	1750.24	-126.99	218.62	426.50	395.4	13	1000180400	12	0
719	45	25	1	0	14	0	0	1001	784.58	68.74	-146.13	485.57	1117.8	13	1000180400	9	1
719	45	30	1	0	14	0	1	1005	1126.00	212.19	67.15	53.41	762.7	13	1000180400	20	0
719	45	32	4	0	14	0	1	1003	617.03	-180.20	-98.57	19.68	420.0	13	1000180400	16	1
719	45	32	4	1	14	1	0	1002	1239.15	-166.35	5.89	228.04	1147.1	14	1000180400	9	1
719	45	32	4	2	14	0	0	1001	637.82	253.22	75.78	18.35	1459.6	13	1000180400	9	0
719	45	32	4	3	-14	0	0	1001	653.00	167.60	250.75	-370.08	370.8	-13	1000200400	8	0
719	45	33	2	0	14	1	1	1006	533.89	569.09	614.90	706.74	1428.4	14	1000200400	12	0
719	45	33	2	1	14	0	0	1001	719.03	201.23	-177.84	504.78	1365.6	13	1000180400	14	0
719	45	34	2	0	14	0	1	1003	2350.82	575.36	197.49	836.35	925.1	13	1000200400	12	0
719	45	34	2	1	14	1	2	1092	4757.77	183.69	-223.92	542.95	1518.3	14	1000180400	33	0
719	45	35	1	0	14	0	0	1001	933.16	26.53	7.34	-140.23	831.6	13	1000260560	9	0
719	45	37	2	0	14	0	10	1000	332.94	-103.50	-434.83	-113.80	95.8	13	1000080160	11	0
719	45	37	2	1	14	1	0	1002	242.98	-401.08	236.92	-26.04	247.6	14	1000130270	11	0
719	45	40	3	0	14	0	10	1000	1021.99	-229.54	-545.91	-77.54	75.0	13	1000080160	21	0
719	45	40	3	1	14	0	1	1003	1838.44	-240.70	-487.66	496.93	360.3	13	1000080160	15	0
719	45	40	3	2	14	1	0	1002	1086.34	-529.66	-31.59	485.32	738.8	14	1000140280	22	0
719	45	41	3	0	14	1	1	1009	1135.62	-680.42	556.23	-436.41	1333.2	14	1000200400	31	0
719	45	41	3	1	14	0	1	1005	1313.14	6.49	123.78	-328.54	1146.5	13	1000080160	11	0
719	45	41	3	2	14	0	2	1091	1894.54	57.80	108.44	-277.08	1318.2	13	1000140280	13	0
719	45	42	2	0	14	0	1	1004	1465.72	-237.58	-441.18	79.76	1162.6	13	1000080160	13	0
719	45	42	2	1	14	0	10	1000	485.02	-54.26	-124.21	415.76	1061.3	13	1000180400	13	1
719	45	45	2	0	14	0	10	1000	637.49	-169.58	-497.73	75.54	837.5	13	1000110230	12	0
719	45	45	2	1	14	1	2	1092	5796.40	-22.55	-127.47	561.70	1443.2	14	1000180400	28	0
719	45	48	1	0	14	0	1	1003	1332.07	26.02	193.80	433.42	1249.9	13	1000180400	11	1
713	45	1	1	0	14	0	1	1003	1382.83	1.36	-16.27	306.28	620.6	13	1000180400	13	1
713	45	6	2	0	14	0	0	1001	1640.18	242.70	91.46	323.22	1264.7	13	1000180400	19	0
713	45	6	2	1	14	0	0	1001	506.40	-238.71	-366.00	-340.69	804.5	13	1000140280	9	0
713	45	10	2	0	14	1	0	1002	834.53	319.73	-456.16	346.37	490.5	14	1000140280	11	0
713	45	10	2	1	14	0	10	1000	1286.23	-3.52	178.16	324.32	1039.0	13	1000180400	18	1
713	45	12	1	0	14	0	1	1003	551.37	-97.43	205.42	-272.18	162.3	13	1000080160	17	0
713	45	15	1	0	14	0	1	1004	4880.01	408.50	-133.90	-447.90	441.2	13	1000080160	16	0
713	45	25	2	0	14	0	10	1000	590.50	-278.38	552.82	-469.59	367.9	13	1000200400	17	0
713	45	25	2	1	14	0	10	1000	1191.47	18.08	168.72	308.34	808.7	13	1000180400	12	1
713	45	26	3	0	14	0	1	1005	1097.48	-76.53	-147.87	334.47	847.7	13	1000180400	14	1
713	45	26	3	1	14	1	0	1002	422.88	680.54	466.16	60.73	535.4	14	1000200400	9	0
713	45	26	3	2	14	0	0	1001	623.07	309.61	59.18	-393.67	1127.8	13	1000200400	8	0
713	45	28	3	0	14	0	0	1001	509.22	630.26	171.45	913.52	866.8	13	1000140280	16	0
713	45	28	3	1	14	0	1	1003	705.89	550.66	-625.67	268.51	391.6	13	1000080160	14	0
713	45	28	3	2	14	0	1	1003	1005.94	-163.96	11.60	614.65	1367.4	13	1000180400	28	0
713	45	30	3	0	14	0	1	1003	4491.80	32.77	-164.64	1196.92	932.2	13	1000200400	13	0
713	45	30	3	1	14	0	2	1091	2223.74	80.02	154.77	540.98	209.8	13	1000180400	14	0
713	45	30	3	2	14	0	1	1000	2746.03	-188.36	-628.11	-729.80	699.1	13	1000080160	17	0
713	45	31	1	0	14	0	0	1001	425.24	131.44	189.91	430.41	832.5	13	1000180400	9	1
713	45	33	2	0	14	0	1	1003	2186.29	489.06	454.81	-237.88	545.5	13	1000140280	11	0
713	45	33	2	1	14	0	1	1003	1026.73	-22.43	23.47	235.61	561.2	13	1000180400	16	1
713	45	38	2	0	14	1	1	1006	915.15	-319.60	236.47	-338.63	86.2	14	1000190390	26	0
713	45	38	2	1	14	0	0	1001	1289.03	-33.82	134.86	4.50	722.6	13	1000180400	9	1
713	45	45	3	0	14	0	0	1001	2167.28	-632.79	-540.79	-88.21	1325.5	13	1000110230	8	0
713	45	45	3	1	14	1	1	1007	1780.29	-519.22	386.47	-403.33	1504.3	14	1000160320	40	0
713	45	45	3	2	14	1	0	1002	692.68	150.50	-25.80	104.72	176.2	14	1000180400	11	1
713	45	47	2	0	14	0	0	1001	929.30	119.81	-603.84	698.04	1277.7	13	1000110230	8	0
713	45	47	2	1	14	0	0	1001	880.48	192.05	28.81	526.56	228.7	13	1000180400	10	0
713	58	2	2	0	14	0	1	1004	1365.68	6.91	-251.68	-20.90	969.2	13	1000180400	12	0
713	58	2	2	1	14	0	0	1001	408.79	543.16	-25.34	418.87	867.6	13	1000200400	8	0
713	58	4	2	0	14	0	0	1001	1113.16	-172.58	-219.90	193.56	937.7	13	1000180400	10	0
713	58	4	2	1	14	0	10	1000	644.61	-53.34	-532.33	532.02	875.0	13	1000080160	12	0
713	58	5	3	0	14	0	10	1000	1927.07	466.25	600.49	-571.77	550.5	13	1000080160	22	0
713	58	5	3	1	-14	0	0	1001	1313.91	-60.11	2.32	-55.07	834.9	-13	1000180400	9	0
713	58	5	3	2	14	0	10	1000	373.42	206.79	-70.00	-461.79	234.0	13	1000200400	25	0
713	58	9	1	0	14	1	0	1002	167.46	34.58	35.12	439.43	93.2	14	1000180400	12	1
713	58	11	2	0	14	1	0	1002	182.57	-295.32	-515.06	192.47	787.4	14	1000140280	10	0
713	58	11	2	1	14	0	0	1001	1033.54	-233.00	3.48	215.80	898.5	13	1000180400	9	0
713	58	19	3	0	14	0	1	1003	1418.29	-103.37	-10.50	177.01	350.7	13	1000180400	13	1
713	58	19	3	1	14	1	0	1002	621.92	-444.47	64.37	960.34	889.2	14	1000080160	10	0
713	58	19	3	2	14	0	0	1001	295.99	652.37	167.34	568.58	440.6	13	1000140280	8	0
713	58	20	2	0	14	0	2	1091	2679.84	201.24	-104.13	-309.63	1036.6	13	1000080160	17	0
713	58	20	2	1	14	0	0	1001	354.46	-368.13	-598.87	-368.47	146.4	13	1000080160	9	0
713	58	23	1	0	14	0	1	1003	551.31	166.97	-54.20	456.82	985.6	13	1000180400	14	1
713	58	28	2	0	14	0	0	1001	290.08	-698.51	526.17	-240.74	1359.2	13	1000160320	11	0
713	58	28	2	1	14	0	0	1001	542.90	-101.88	-144.25	-45.57	381.0	13	1000180400	9	0
713	58	34	1	0	14	0	0	1001	477.16	170.55	-114.43	-20.48	1290.7	13	1000180400	9	0
713	58	47	1	0	14	1	10	1000	1338.05	-212.06	77.63	177.63	615.3	14	1000180400	12	0
713	97	6	1	0	14	0	0	1001	1488.97	-0.68	16.23	117.59	914.9	13	1000260560	9	1
713	97	7	1	0	14	1	1	1009	433.60	477.73	293.84	-27.22	382.1	14	1000140280	12	0
713	97	9	1	0	14	1	0	1002	631.05	235.37	-103.54	183.18	993.3	14	1000180400	10	0
713	97	10	2	0	14	0	10	1000	1198.65	87.88	-14.47	379.16	984.5	13	1000180400	12	1
713	97	10	2	1	14	0	1	1003	2407.22	504.44	-112.79	-459.03	1218.9	13	1000140280	19	0
713	97	11	3	0	14	1	0	1002	693.45	-360.65	148.59	-360.60	1319.2	14	1000080160	14	0
713	97	11	3	1	14	0	1	1003	1627.60	91.29	-595.32	76.02	327.1	13	1000140280	13	0
713	97	11	3	2	14	0	2	1091	3904.06	224.98	29.31	-138.70	809.9	13	1000060120	25	0
713	97	15	3	0	14	1	0	1002	211.05	-308.07	136.60	-334.14	1033.1	14	1000080160	9	0
713	97	15	3	1	14	0	10	1000	784.22	205.97	98.97	29.22	1328.1	13	1000180400	12	0
713	97	15	3	2	14	1	0	1002	803.73	-620.20	-217.22	162.32	349.5	14	1000200400	9	0
713	97	18	1	0	14	0	1	1003	1135.92	103.49	16.25	417.49	471.6	13	1000180400	23	1
713	97	25	2	0	14	1	2	1092	1148.79	-589.04	20.42	114.39	1050.6	14	1000110230	15	0
713	97	25	2	1	14	0	10	1000	733.41	-82.12	-50.68	592.10	1424.6	13	1000180400	19	0
713	97	35	3	0	14	0	0	1001	495.02	-189.04	-151.77	219.70	200.5	13	1000180400	23	1
713	97	35	3	1	14	1	0	1002	443.56	-234.29	-566.43	-330.32	770.2	14	1000080160	9	0
713	97	35	3	2	14	0	1	1005	964.59	167.71	-437.97	-273.96	276.8	13	1000140280	13	0
713	97	36	1	0	14	0	10	1000	1170.34	24.29	-215.25	-1.77	1424.4	13	1000180400	11	0
713	97	40	3	0	14	0	0	1001	677.36	-41.17	-240.46	-3.14	798.1	13	1000180400	16	0
713	97	40	3	1	14	0	0	1001	531.33	386.10	496.31	-449.77	820.0	13	1000200400	8	0
713	97	40	3	2	14	0	10	1000	1653.15	231.82	234.17	2.02	1213.8	13	1000180400	12	0
713	97	42	2	0	14	0	0	1001	670.20	-197.25	-642.19	985.90	317.1	13	1000080160	9	0
713	97	42	2	1	14	1	0	1002	758.44	-150.66	-49.12	446.91	208.3	14	1000180400	12	1
713	97	43	1	0	14	0	0	1001	379.99	-143.80	239.30	296.19	769.2	13	1000180400	10	0
713	97	49	1	0	14	0	0	1001	470.56	3.53	207.74	311.14	997.2	13	1000260560	8	0
715	36	2	1	0	14	0	10	1000	821.98	-23.62	75.07	231.09	825.9	13	1000180400	11	1
715	36	10	1	0	14	0	0	1001	871.12	-299.15	38.58	102.85	895.9	13	1000060120	16	0
715	36	11	3	0	14	0	10	1000	1054.47	391.01	187.04	-388.60	1507.5	13	1000140280	11	0
715	36	11	3	1	14	0	0	1001	1094.43	158.69	-44.33	197.75	727.5	13	1000180400	19	1
715	36	11	3	2	14	1	0	1002	331.30	199.57	-367.47	-306.79	430.0	14	1000260560	36	0
715	36	15	1	0	14	1	1	1008	1705.52	10.87	-9.28	340.68	1357.5	14	1000180400	19	1
715	36	40	3	0	14	1	1	1009	678.29	483.30	28.56	87.76	289.3	14	1000140280	12	0
715	36	40	3	1	14	1	0	1002	694.64	157.26	193.78	10.11	702.7	14	1000180400	11	1
715	36	40	3	2	12	0	3	1097	1974.28	-141.33	-239.64	-272.56	1264.3	11	1000080160	5	0
715	36	43	2	0	14	0	1	1004	939.34	2.95	22.36	504.14	1384.4	13	1000180400	16	0
715	36	43	2	1	14	1	1	1006	734.38	567.75	-287.84	-326.60	1524.8	14	1000200400	15	0
715	36	46	3	0	14	0	1	1003	570.57	-188.11	-261.69	150.64	142.4	13	1000180400	15	0
715	36	46	3	1	14	0	1	1003	1431.55	6.64	-230.98	-315.43	1373.0	13	1000200400	11	0
715	36	46	3	2	-14	0	1	1000	1203.66	62.66	-11.67	126.35	783.1	-13	1000180400	12	1
715	36	47	3	0	14	0	0	1001	505.12	-311.79	-242.54	-362.75	501.2	13	1000080160	15	0
715	36	47	3	1	14	1	2	1092	6144.54	-34.05	-92.55	621.64	668.8	14	1000180400	34	0
715	36	47	3	2	14	0	1	1000	3368.02	-145.05	-516.37	-412.05	1050.4	13	1000080160	13	0
715	34	1	4	0	14	0	10	1000	1001.72	-155.84	131.31	-373.75	1413.7	13	1000200400	11	0
715	34	1	4	1	14	0	10	1000	568.43	345.70	545.71	-375.05	410.1	13	1000130270	12	0
715	34	1	4	2	14	0	10	1000	816.19	89.39	154.02	12.16	782.5	13	1000180400	12	1
715	34	1	4	3	14	0	0	1001	633.39	-224.97	21.25	-405.89	1541.6	13	1000140280	9	0
715	34	2	3	0	14	1	0	1002	1023.93	-181.67	26.04	992.43	661.2	14	1000140280	12	0
715	34	2	3	1	14	1	2	1092	1704.34	-177.36	12.50	194.74	390.8	14	1000180400	17	1
715	34	2	3	2	14	0	0	1001	600.44	231.03	-219.65	964.86	980.7	13	1000080160	22	0
715	34	3	1	0	14	1	1	1009	759.37	-128.97	177.67	356.80	92.9	14	1000180400	12	1
715	34	13	1	0	14	0	1	1004	2561.27	-149.81	117.46	546.00	1061.4	13	1000180400	15	0
715	34	17	2	0	14	1	1	1009	2348.27	654.01	-72.70	579.16	194.5	14	1000080160	12	0
715	34	17	2	1	14	0	1	1003	1422.10	73.48	-68.34	156.50	899.7	13	1000180400	16	1
715	34	20	2	0	14	1	0	1002	926.92	78.02	147.89	65.16	799.6	14	1000180400	25	1
715	34	20	2	1	14	0	0	1001	425.53	330.64	154.41	-471.63	555.1	13	1000200400	8	0
715	34	42	1	0	14	1	1	1007	651.50	-134.89	-264.84	191.80	312.5	14	1000180400	12	0
715	34	43	1	0	14	0	0	1001	1197.69	-84.34	92.68	352.76	791.2	13	1000180400	9	1
715	34	50	3	0	14	0	1	1004	1084.51	116.42	-70.27	466.68	966.1	13	1000180400	16	1
715	34	50	3	1	14	0	0	1001	1203.88	-224.88	2.13	179.67	66.5	13	1000180400	9	0
715	34	50	3	2	14	0	1	1004	766.42	-119.74	-26.91	512.74	892.3	13	1000180400	12	0
714	12	1	1	0	14	0	10	1000	427.05	30.10	-116.97	263.82	1128.3	13	1000180400	11	1
714	12	2	1	0	14	0	10	1000	1259.11	31.29	-194.04	480.03	1497.8	13	1000180400	25	1
714	12	4	2	0	14	0	10	1000	896.19	73.20	-269.36	105.72	575.5	13	1000180400	43	0
714	12	4	2	1	14	0	10	1000	418.45	-689.24	-394.53	-79.65	798.3	13	1000140280	38	0
714	12	6	1	0	14	0	1	1003	993.87	24.37	90.62	199.14	406.9	13	1000180400	13	1
714	12	10	2	0	-14	1	10	1000	551.40	59.39	24.14	5.27	1482.1	-14	1000180400	45	1
714	12	10	2	1	14	1	0	1002	561.39	-413.71	-458.40	728.71	1372.4	14	1000200400	10	0
714	12	17	2	0	14	0	1	1003	1451.50	51.77	-198.57	503.18	379.7	13	1000180400	11	0
714	12	17	2	1	14	0	0	1001	366.17	347.05	-462.80	-54.89	1157.9	13	1000200400	9	0
714	12	18	1	0	14	0	0	1001	416.13	90.03	-237.92	194.94	996.5	13	1000180400	16	0
714	12	22	2	0	14	0	0	1001	351.04	202.30	361.96	350.65	1376.5	13	1000280590	14	0
714	12	22	2	1	14	1	0	1002	575.33	-657.01	384.37	-300.48	296.4	14	1000200400	11	0
714	12	24	2	0	14	0	1	1005	4127.30	128.05	-70.17	-273.89	598.4	13	1000080160	14	0
714	12	24	2	1	14	0	1	1000	1342.26	-146.06	-104.07	949.47	603.7	13	1000140280	14	0
714	12	26	1	0	14	1	1	1008	823.22	-86.35	229.36	200.82	900.2	14	1000180400	16	0
714	12	27	2	0	14	0	0	1001	364.97	210.31	-155.29	134.88	1464.8	13	1000180400	15	0
714	12	27	2	1	14	0	0	1001	479.62	91.21	-655.44	62.70	1331.0	13	1000140280	9	0
714	12	29	2	0	14	1	1	1008	697.78	-111.02	-259.24	145.32	520.4	14	1000180400	11	0
714	12	29	2	1	14	0	0	1001	401.75	-253.12	-478.35	663.53	631.1	13	1000080160	19	0
714	12	31	1	0	14	0	1	1004	1493.04	-81.37	-55.81	490.99	209.9	13	1000180400	11	1
714	12	34	2	0	14	0	1	1005	1408.17	-285.00	250.99	-281.20	1130.9	13	1000080160	15	0
714	12	34	2	1	14	0	1	1003	1857.20	449.12	-291.79	-310.08	143.6	13	1000080160	17	0
714	12	35	2	0	14	1	2	1092	3440.58	-671.84	0.43	671.74	538.8	14	1000080160	14	0
714	12	35	2	1	14	0	1	1003	1621.17	-92.27	-116.86	122.33	1087.9	13	1000180400	12	1
714	12	36	3	0	14	0	0	1001	607.61	-21.57	-175.21	594.49	366.3	13	1000180400	9	0
714	12	36	3	1	14	0	1	1003	1712.01	-451.22	237.30	-518.65	573.8	13	1000200400	11	0
714	12	36	3	2	14	0	1	1004	704.04	247.16	-138.70	-474.69	79.5	13	1000120240	15	0
714	12	41	2	0	14	0	0	1001	605.92	-458.00	-428.13	-164.61	870.5	13	1000140280	9	0
714	12	41	2	1	14	0	1	1004	514.78	-164.62	-62.11	-294.08	524.2	13	1000200400	16	0
714	12	42	2	0	14	0	1	1003	2066.56	-87.80	552.03	-602.59	172.2	13	1000200400	13	0
714	12	42	2	1	14	1	1	1007	1547.08	37.67	-184.43	418.20	187.6	14	1000180400	11	1
714	12	47	2	0	14	0	1	1003	4751.82	-140.48	283.66	1383.64	1375.4	13	1000200400	11	0
714	12	47	2	1	14	0	1	1005	1024.70	217.29	-165.58	508.93	246.9	13	1000260560	12	0
714	12	49	2	0	14	0	0	1001	952.87	-321.20	243.96	-314.96	694.3	13	1000080160	8	0
714	12	49	2	1	14	0	0	1001	853.94	-42.73	193.84	319.36	1361.1	13	1000180400	9	1
719	92	3	2	0	14	0	0	1001	454.41	577.58	-194.30	337.22	827.3	13	1000200400	9	0
719	92	3	2	1	14	0	0	1001	320.02	-63.99	16.41	238.83	1374.6	13	1000180400	16	1
719	92	6	2	0	14	0	1	1003	2340.67	-15.06	-241.57	-387.76	276.0	13	1000080160	13	0
719	92	6	2	1	14	1	0	1002	214.64	181.83	-591.58	204.99	122.9	14	1000130270	11	0
719	92	9	1	0	14	0	1	1000	1222.72	43.50	-217.36	-49.52	1575.7	13	1000180400	14	0
719	92	12	2	0	14	0	1	1003	2223.62	373.61	-370.09	115.37	1444.9	13	1000260560	20	0
719	92	12	2	1	14	1	10	1000	814.40	134.48	-8.75	575.54	1365.0	14	1000180400	26	0
719	92	16	1	0	14	0	2	1091	2936.82	-82.17	-153.15	-333.58	1487.7	13	1000140280	11	0
719	92	24	1	0	14	1	2	1092	3474.29	-90.12	-249.76	-302.93	1318.7	14	1000080160	13	0
719	92	31	1	0	14	0	2	1091	2653.42	-234.22	52.66	90.43	1124.0	13	1000180400	14	0
719	92	33	1	0	14	0	2	1091	1665.16	-49.83	-72.90	476.05	1060.8	13	1000180400	13	1
719	92	40	2	0	14	0	10	1000	647.14	-7.02	-56.68	69.91	1197.3	13	1000180400	15	1
719	92	40	2	1	14	1	10	1000	536.24	-552.23	-71.21	203.37	916.0	14	1000140280	28	0
719	92	42	2	0	14	0	10	1000	1500.80	-49.89	63.00	-388.80	84.5	13	1000080160	23	0
719	92	42	2	1	14	1	0	1002	326.60	705.97	586.96	144.89	745.1	14	1000140280	9	0
719	92	43	1	0	14	0	0	1001	471.35	-70.82	29.15	178.15	880.2	13	1000180400	8	1
719	92	44	1	0	14	0	0	1001	1248.78	-52.11	61.38	224.60	1318.1	13	1000180400	13	1
719	92	45	1	0	14	0	0	1001	883.78	126.81	63.52	475.67	111.5	13	1000180400	14	1
711	90	4	2	0	14	0	1	1003	1596.18	-696.53	-466.79	998.84	1001.5	13	1000140280	16	0
711	90	4	2	1	14	0	10	1000	709.10	223.77	147.52	331.72	1037.4	13	1000180400	12	0
711	90	6	1	0	14	0	1	1004	763.06	85.96	-177.92	8.87	475.6	13	1000180400	12	1
711	90	11	1	0	14	1	0	1002	564.28	236.60	201.28	436.55	171.1	14	1000180400	9	0
711	90	13	2	0	14	1	0	1002	612.75	6.71	-211.79	70.97	249.5	14	1000180400	27	0
711	90	13	2	1	12	0	1	1003	656.39	169.82	150.30	-367.57	843.3	11	1000200400	17	0
711	90	15	1	0	14	0	1	1003	1878.84	-204.70	-192.51	87.52	1500.4	13	1000180400	12	0
711	90	18	2	0	14	0	1	1003	2900.69	67.81	-92.70	-292.24	581.3	13	1000080160	14	0
711	90	18	2	1	14	0	0	1001	617.69	-24.37	42.44	444.14	1078.2	13	1000180400	9	1
711	90	19	2	0	14	0	0	1001	673.02	-510.71	93.89	175.54	1259.2	13	1000130270	17	0
711	90	19	2	1	14	1	1	1008	3154.77	-103.47	99.74	143.19	1426.7	14	1000180400	21	1
711	90	20	4	0	14	0	0	1001	567.53	-228.76	-151.19	-323.97	731.0	13	1000080160	9	0
711	90	20	4	1	14	0	10	1000	278.57	631.54	217.38	245.32	693.4	13	1000200400	13	0
711	90	20	4	2	14	1	1	1008	784.29	294.48	103.37	-311.39	1396.2	14	1000140280	13	0
711	90	20	4	3	14	1	0	1002	963.51	-19.79	80.31	305.80	903.4	14	1000180400	10	1
711	90	25	3	0	14	0	1	1003	1581.31	118.96	170.02	141.53	994.4	13	1000180400	11	1
711	90	25	3	1	14	0	0	1001	1061.43	99.62	-79.88	-439.54	612.7	13	1000200400	8	0
711	90	25	3	2	14	0	10	1000	691.26	-48.12	-425.08	1006.83	511.2	13	1000080160	12	0
711	90	27	2	0	14	1	0	1002	1133.43	-13.25	-52.21	227.74	351.4	14	1000180400	10	1
711	90	27	2	1	14	0	1	1003	703.05	-634.14	333.19	527.77	606.8	13	1000200400	12	0
711	90	30	1	0	14	0	1	1003	989.88	18.43	53.99	21.55	894.3	13	1000180400	12	1
711	90	32	1	0	14	0	1	1003	1298.32	67.45	-201.84	75.72	310.2	13	1000180400	11	0
711	90	35	3	0	14	0	1	1000	3619.55	341.68	151.21	1321.54	729.9	13	1000200400	22	0
711	90	35	3	1	14	1	0	1002	544.64	-111.13	-196.61	-357.15	1431.8	14	1000140280	9	0
711	90	35	3	2	14	1	1	1008	635.61	-60.73	95.17	400.41	717.4	14	1000180400	49	1
711	90	36	4	0	14	0	0	1001	917.22	217.25	149.67	595.66	723.1	13	1000180400	8	0
711	90	36	4	1	14	0	0	1001	1488.09	-65.65	115.58	-306.59	902.7	13	1000140280	8	0
711	90	36	4	2	14	0	1	1004	1554.42	222.09	40.76	404.99	1305.2	13	1000180400	12	0
711	90	36	4	3	14	0	0	1001	1184.06	349.32	-580.32	459.60	133.2	13	1000110230	8	0
711	90	38	3	0	14	1	0	1002	345.14	487.57	404.45	578.85	741.2	14	1000080160	9	0
711	90	38	3	1	14	1	0	1002	610.36	229.09	490.72	-298.34	1226.9	14	1000260560	11	0
711	90	38	3	2	14	0	0	1001	886.73	221.94	78.26	13.04	1556.3	13	1000180400	9	0
711	90	39	1	0	14	0	2	1091	3763.89	-26.02	-142.54	-301.28	484.6	13	1000140280	24	0
711	90	40	1	0	14	0	1	1004	720.65	-84.88	254.79	997.25	776.6	13	1000080160	13	0
711	90	41	1	0	14	0	1	1004	1598.06	-190.81	-216.60	508.77	643.3	13	1000180400	20	0
711	90	43	2	0	14	1	10	1000	443.93	-554.41	-371.01	220.47	1375.9	14	1000080160	11	0
711	90	43	2	1	14	0	1	1003	465.90	-151.95	-55.72	-293.05	635.9	13	1000200400	12	0
711	90	44	1	0	14	1	0	1002	555.37	213.12	176.44	384.87	223.9	14	1000180400	10	0
711	90	49	1	0	14	1	0	1002	678.33	-166.20	31.92	-24.74	986.1	14	1000180400	10	0
715	59	1	2	0	14	0	1	1000	3149.62	-488.86	116.21	12.60	1215.8	13	1000080160	14	0
715	59	1	2	1	14	0	1	1005	1163.18	278.85	224.06	143.83	385.7	13	1000060120	19	0
715	59	3	2	0	14	1	1	1006	1699.37	180.11	83.77	25.20	1159.8	14	1000180400	14	1
715	59	3	2	1	14	0	0	1001	1048.57	-149.14	-200.92	992.72	1494.9	13	1000140280	8	0
715	59	5	2	0	14	0	1	1003	991.48	10.23	39.52	-113.52	889.2	13	1000060120	12	0
715	59	5	2	1	14	0	0	1001	837.29	-498.02	53.25	309.54	200.7	13	1000080160	15	0
715	59	6	1	0	14	0	0	1001	612.12	-67.20	-252.56	416.49	184.3	13	1000180400	9	0
715	59	7	2	0	14	0	0	1001	677.89	-165.08	-167.97	206.54	180.5	13	1000180400	9	1
715	59	7	2	1	14	0	0	1001	242.55	-607.23	-580.80	-400.23	558.1	13	1000140280	9	0
715	59	9	2	0	14	0	1	1004	1136.02	-53.03	-251.21	5.99	1536.9	13	1000180400	14	0
715	59	9	2	1	14	0	0	1001	2083.52	504.47	240.27	953.47	1134.6	13	1000080160	8	0
715	59	14	2	0	14	0	0	1001	2603.79	122.88	-13.66	-540.38	684.8	13	1000080160	8	0
715	59	14	2	1	14	1	1	1007	481.22	-570.93	356.57	483.45	1193.9	14	1000200400	46	0
715	59	28	1	0	14	0	10	1000	1331.36	151.53	-253.67	449.22	966.4	13	1000180400	14	0
715	59	31	2	0	14	1	10	1000	822.77	86.96	146.29	-327.67	352.0	14	1000140280	11	0
715	59	31	2	1	14	0	1	1000	1701.41	33.23	43.90	170.52	200.5	13	1000180400	16	1
715	59	40	1	0	14	0	2	1091	2261.39	-79.10	351.47	-131.56	946.4	13	1000240520	14	0
715	59	47	1	0	14	0	0	1001	459.17	229.58	193.01	197.56	144.0	13	1000180400	10	0
715	59	50	2	0	14	0	0	1001	552.17	-185.35	80.25	544.50	325.0	13	1000180400	9	0
715	59	50	2	1	14	0	10	1000	476.26	-687.72	574.59	-105.43	1004.7	13	1000200400	12	0
713	35	3	3	0	14	1	0	1002	468.52	-218.46	-178.16	10.78	210.0	14	1000180400	10	0
713	35	3	3	1	14	0	0	1001	435.36	341.17	18.42	-349.51	674.1	13	1000120240	8	0
713	35	3	3	2	14	0	0	1001	355.27	-493.89	-13.59	-489.39	1160.9	13	1000200400	8	0
713	35	9	1	0	14	0	1	1004	3633.91	98.69	-5.50	-595.25	969.1	13	1000080160	12	0
713	35	12	2	0	14	0	0	1001	866.00	-134.79	-38.55	-339.93	843.5	13	1000200400	20	0
713	35	12	2	1	14	1	1	1008	1154.93	510.89	53.30	-136.04	643.3	14	1000140280	12	0
713	35	17	2	0	14	0	0	1001	415.52	-66.15	178.23	231.31	202.5	13	1000180400	12	1
713	35	17	2	1	14	1	1	1000	4421.73	-250.80	-270.20	-1357.51	186.7	14	1000140280	20	0
713	35	18	2	0	14	1	1	1009	1596.88	-199.96	183.22	-278.66	1093.1	14	1000260560	14	0
713	35	18	2	1	14	0	1	1004	968.55	34.60	-132.49	268.36	620.3	13	1000180400	12	1
713	35	46	4	0	14	1	0	1002	1009.65	113.17	86.13	582.74	968.7	14	1000180400	10	0
713	35	46	4	1	14	0	2	1091	3824.10	-19.03	-74.27	-369.92	65.8	13	1000200400	18	0
713	35	46	4	2	14	1	0	1002	476.38	529.94	258.54	666.59	1240.4	14	1000080160	11	0
713	35	46	4	3	14	0	1	1004	1643.26	20.09	-354.82	-461.27	369.6	13	1000080160	12	0
719	19	1	1	0	14	1	0	1002	1337.67	9.38	-2.70	493.68	321.8	14	1000180400	12	1
719	19	8	1	0	14	0	2	1091	5741.50	151.48	-13.11	128.66	213.8	13	1000180400	13	1
719	19	10	1	0	14	1	1	1006	1086.18	-49.56	241.17	77.60	157.4	14	1000180400	12	0
719	19	21	1	0	14	0	10	1000	1115.13	-69.27	-61.43	543.19	1386.1	13	1000180400	22	0
719	19	25	2	0	14	0	0	1001	247.21	-33.74	-105.15	309.27	904.7	13	1000180400	10	1
719	19	25	2	1	14	0	0	1001	993.37	355.03	-92.54	-465.15	952.8	13	1000080160	9	0
719	19	28	2	0	14	0	0	1001	346.39	657.86	-139.14	645.46	1539.1	13	1000200400	14	0
719	19	28	2	1	14	1	1	1007	1639.76	-8.63	-92.18	566.55	1518.8	14	1000180400	13	0
719	19	30	2	0	14	0	0	1001	440.31	400.04	-476.79	-54.24	458.2	13	1000080160	8	0
719	19	30	2	1	14	0	0	1001	739.01	-185.88	-128.14	116.36	119.1	13	1000180400	9	1
719	19	35	2	0	14	0	1	1003	943.26	360.14	-207.33	997.82	1495.4	13	1000080160	13	0
719	19	35	2	1	14	1	0	1002	1194.11	-236.69	10.63	225.61	861.5	14	1000180400	9	0
719	19	38	1	0	14	0	0	1001	561.30	-493.00	24.14	283.85	808.6	13	1000200400	12	0
719	19	41	4	0	14	0	1	1003	882.83	74.20	161.62	487.70	908.3	13	1000180400	40	1
719	19	41	4	1	14	0	0	1001	299.35	-703.01	-127.71	91.03	687.3	13	1000140280	8	0
719	19	41	4	2	14	0	0	1001	974.29	213.10	629.90	-313.53	408.8	13	1000110230	9	0
719	19	41	4	3	14	1	0	1002	1251.16	543.06	562.79	-372.82	597.3	14	1000130270	11	0
719	19	42	1	0	14	0	0	1001	488.50	-122.58	-9.01	369.56	282.8	13	1000180400	10	1
719	19	44	1	0	14	0	0	1001	708.44	177.22	-39.65	-46.19	1401.6	13	1000180400	8	0
719	19	46	1	0	14	0	2	1091	1681.42	-56.23	-108.90	-36.53	567.9	13	1000180400	13	0
719	19	50	3	0	14	1	0	1002	377.35	-709.38	441.92	-110.56	756.4	14	1000080160	9	0
719	19	50	3	1	14	1	1	1006	582.07	194.69	-86.05	299.73	617.7	14	1000180400	12	1
719	19	50	3	2	14	0	1	1004	1267.90	108.56	51.83	80.31	1217.9	13	1000180400	18	1
715	79	3	1	0	14	0	0	1001	920.61	-219.44	141.08	89.71	1465.6	13	1000180400	9	0
715	79	5	2	0	14	0	10	1000	3101.62	154.39	105.98	299.97	1319.5	13	1000180400	12	1
715	79	5	2	1	14	0	1	1003	1018.76	182.37	197.53	-7.78	174.4	13	1000260560	21	0
715	79	10	2	0	14	0	0	1001	1638.23	-398.79	-428.24	-6.81	382.1	13	1000080160	10	0
715	79	10	2	1	14	0	1	1005	2151.53	-175.17	275.66	-417.60	728.2	13	1000250550	14	0
715	79	21	1	0	14	1	0	1002	518.62	118.88	-178.88	486.59	1460.9	14	1000180400	25	1
715	79	22	1	0	14	0	0	1001	608.81	-79.75	-197.59	413.10	1247.7	13	1000180400	8	1
715	79	25	1	0	14	0	0	1001	886.93	-292.88	28.91	-330.21	692.4	13	1000080160	13	0
715	79	26	3	0	14	1	1	1006	1333.89	-705.85	-147.51	335.00	845.6	14	1000080160	13	0
715	79	26	3	1	14	0	0	1001	1697.43	-94.79	-466.05	964.73	1035.7	13	1000260560	8	0
715	79	26	3	2	14	0	0	1001	752.77	-1.90	-172.96	172.26	555.2	13	1000180400	9	1
715	79	27	1	0	14	1	0	1002	412.77	71.81	-222.37	616.82	515.4	14	1000180400	16	0
715	79	37	2	0	14	0	10	1000	547.67	-84.97	198.77	415.72	547.7	13	1000180400	11	1
715	79	37	2	1	14	0	1	1005	1310.41	-10.72	5.30	391.07	1568.5	13	1000180400	19	1
715	79	40	1	0	-14	0	0	1001	924.51	176.77	97.24	330.76	1527.8	-13	1000180400	9	1
715	79	47	1	0	14	1	0	1002	832.46	-111.13	0.66	525.64	248.8	14	1000180400	11	0
715	79	50	2	0	14	0	1	1000	3058.58	219.46	-220.25	629.71	745.0	13	1000180400	19	0
715	79	50	2	1	14	0	0	1001	621.50	-675.53	595.12	299.43	697.5	13	1000200400	9	0
717	45	5	3	0	14	0	0	1001	687.90	-194.74	-99.82	773.74	1505.5	13	1000130270	9	0
717	45	5	3	1	14	0	0	1001	873.44	-165.09	75.43	294.07	1490.0	13	1000180400	8	1
717	45	5	3	2	14	0	0	1001	654.82	-647.49	-280.59	909.02	1585.1	13	1000080160	11	0
717	45	6	1	0	14	1	1	1006	1234.88	-156.45	71.38	415.93	374.7	14	1000180400	12	1
717	45	9	2	0	14	1	1	1006	2623.25	-281.49	-295.35	723.20	1237.3	14	1000260560	21	0
717	45	9	2	1	14	0	1	1000	3417.64	-180.98	407.23	-318.20	1263.4	13	1000200400	30	0
717	45	15	1	0	14	0	0	1001	535.47	148.94	-83.81	331.80	297.5	13	1000180400	10	1
717	45	18	1	0	14	0	0	1001	719.86	129.43	99.22	-7.30	475.6	13	1000180400	9	0
717	45	26	2	0	14	0	3	1097	967.95	-114.43	53.72	341.23	1549.6	13	1000180400	5	1
717	45	26	2	1	14	0	1	1004	3724.61	261.62	177.43	-1110.51	1405.7	13	1000160320	23	0
717	45	29	1	0	14	1	1	1009	1273.91	30.55	115.03	495.22	1401.3	14	1000180400	13	1
717	45	30	1	0	14	1	1	1008	400.78	-666.10	-115.03	222.24	1223.3	14	1000080160	13	0
717	45	32	1	0	14	0	0	1001	702.99	-16.32	-75.73	111.72	329.1	13	1000180400	10	1
717	45	33	2	0	14	0	0	1001	709.06	206.87	-75.22	56.42	1389.4	13	1000180400	9	0
717	45	33	2	1	14	0	1	1004	1289.56	-161.50	55.95	63.46	1577.6	13	1000180400	23	1
717	45	35	1	0	14	0	1	1003	2952.57	-479.76	-283.56	-188.27	318.0	13	1000140280	13	0
717	45	37	2	0	14	1	10	1000	684.53	-167.77	-244.61	512.65	589.9	14	1000180400	11	0
717	45	37	2	1	14	0	2	1091	2755.40	308.37	285.04	1130.08	382.7	13	1000140280	13	0
717	45	45	3	0	14	0	0	1001	461.61	572.39	2.33	7.23	1348.1	13	1000080160	8	0
717	45	45	3	1	14	0	1	1000	1326.65	-322.38	-61.46	-139.19	1381.8	13	1000060120	16	0
717	45	45	3	2	14	0	0	1001	1276.79	-240.66	-71.74	234.90	258.4	13	1000180400	10	0
717	45	46	3	0	14	1	0	1002	490.02	-638.69	87.73	387.33	226.1	14	1000080160	9	0
717	45	46	3	1	14	0	10	1000	2533.29	-117.47	43.35	-169.15	297.8	13	1000260560	22	0
717	45	46	3	2	14	1	2	1092	4365.13	-229.41	-109.44	233.75	505.4	14	1000180400	15	0
717	45	47	2	0	14	1	2	1092	4186.91	251.93	54.63	414.66	184.9	14	1000180400	14	0
717	45	47	2	1	14	0	1	1003	644.13	169.14	-103.70	563.82	1556.1	13	1000180400	13	0
717	45	48	1	0	14	1	0	1002	595.43	186.86	-6.71	121.98	952.9	14	1000180400	13	1
712	12	17	1	0	14	1	0	1002	701.30	-198.59	-268.03	108.83	1123.1	14	1000180400	12	0
712	12	21	3	0	14	0	1	1005	2100.00	42.56	-451.49	-576.98	1290.9	13	1000200400	13	0
712	12	21	3	1	14	0	0	1001	405.14	493.21	79.69	109.93	1484.0	13	1000140280	9	0
712	12	21	3	2	14	0	2	1091	1994.66	-464.97	-470.38	-480.94	1293.8	13	1000080160	19	0
712	12	22	2	0	14	1	0	1002	511.47	-72.33	204.95	419.04	755.9	14	1000180400	11	0
712	12	22	2	1	14	0	0	1001	487.33	25.49	-561.57	-133.17	926.8	13	1000080160	8	0
712	12	25	1	0	14	0	2	1091	1279.89	152.63	-26.88	110.52	1066.2	13	1000180400	13	1
712	12	28	2	0	14	0	1	1003	1555.03	-57.04	124.35	-333.24	597.4	13	1000080160	14	0
712	12	28	2	1	14	0	1	1005	1755.93	-543.01	453.93	272.28	467.8	13	1000080160	13	0
712	12	32	1	0	14	0	0	1001	1791.29	-30.15	-161.49	191.73	124.3	13	1000180400	10	1
712	12	33	3	0	14	1	2	1092	1155.47	-112.51	38.14	89.84	669.8	14	1000180400	11	1
712	12	33	3	1	14	1	2	1092	782.38	-290.99	-382.87	98.70	251.5	14	1000130270	12	0
712	12	33	3	2	14	0	1	1000	1619.22	-344.96	129.80	349.91	1282.9	13	1000240520	15	0
712	12	35	2	0	14	1	0	1002	675.09	-150.64	-192.37	241.42	276.9	14	1000180400	10	1
712	12	35	2	1	14	0	0	1001	1369.39	-184.52	131.02	417.93	1570.1	13	1000180400	23	1
712	12	38	1	0	14	0	1	1003	718.14	-8.46	-162.27	365.28	641.8	13	1000180400	12	1
712	12	46	2	0	14	0	0	1001	1764.09	-93.41	-52.92	36.81	591.7	13	1000180400	8	1
712	12	46	2	1	14	0	0	1001	1838.86	-28.93	-151.15	-302.83	259.2	13	1000130270	9	0
719	1	1	1	0	14	0	10	1000	873.57	-252.25	-137.94	117.33	1179.5	13	1000180400	14	0
719	1	2	2	0	14	0	1	1003	1123.10	-160.03	-11.84	415.84	357.6	13	1000180400	12	1
719	1	2	2	1	14	0	0	1001	744.51	-54.43	-148.73	262.15	1489.6	13	1000180400	9	1
719	1	17	2	0	14	0	10	1000	1825.33	-69.58	138.81	212.06	295.5	13	1000180400	14	1
719	1	17	2	1	14	0	2	1091	3325.14	197.14	7.01	1282.63	1600.2	13	1000140280	14	0
719	1	19	3	0	14	1	0	1002	297.29	640.68	197.37	647.36	1538.9	14	1000080160	10	0
719	1	19	3	1	12	0	0	1001	983.62	-181.85	-69.89	370.59	487.9	11	1000180400	12	1
719	1	19	3	2	14	0	1	1003	618.11	43.40	353.42	-432.98	1428.0	13	1000140280	12	0
719	1	21	2	0	14	0	1	1003	1268.83	-188.22	179.81	-315.43	1489.7	13	1000080160	11	0
719	1	21	2	1	14	1	2	1092	2388.73	185.02	379.56	-295.03	1470.1	14	1000140280	24	0
719	1	23	2	0	14	1	0	1002	554.07	4.64	-597.17	-101.12	928.1	14	1000130270	9	0
719	1	23	2	1	14	0	1	1004	787.30	76.94	-257.67	-9.43	1573.3	13	1000180400	12	0
719	1	24	1	0	14	0	0	1001	375.08	-175.24	46.13	134.97	1484.8	13	1000180400	16	1
719	1	30	2	0	14	0	0	1001	410.71	-489.35	83.21	905.10	396.7	13	1000140280	8	0
719	1	30	2	1	14	0	0	1001	599.05	-184.85	-224.52	134.92	1389.8	13	1000180400	8	0
719	1	32	3	0	14	0	0	1001	370.58	75.60	-204.38	-5.48	61.5	13	1000180400	10	0
719	1	32	3	1	14	0	10	1000	826.78	-99.32	-112.37	-458.22	1538.5	13	1000200400	16	0
719	1	32	3	2	14	1	0	1002	1449.81	261.38	406.46	-353.31	352.9	14	1000200400	9	0
719	1	34	1	0	14	0	2	1091	3438.20	77.09	99.06	143.16	933.5	13	1000180400	18	1
719	1	37	1	0	14	0	0	1001	799.98	110.51	352.42	-70.64	1061.0	13	1000260560	20	0
719	1	41	3	0	14	1	0	1002	413.17	-524.92	455.26	-77.07	1004.2	14	1000080160	9	0
719	1	41	3	1	14	0	0	1001	524.18	-627.21	-513.51	505.10	1290.6	13	1000110230	8	0
719	1	41	3	2	14	0	0	1001	743.38	229.18	-184.69	286.07	1129.5	13	1000180400	9	0
719	1	43	2	0	14	0	0	1001	334.99	-294.62	421.87	-289.61	601.5	13	1000140280	8	0
719	1	43	2	1	14	0	1	1003	3379.55	-215.08	-433.61	-262.12	844.7	13	1000200400	13	0
719	1	44	3	0	14	0	0	1001	3068.40	196.56	155.57	22.71	1044.8	13	1000180400	14	1
719	1	44	3	1	14	0	1	1004	533.41	-148.45	-196.77	776.42	276.4	13	1000060120	11	0
719	1	44	3	2	14	0	0	1001	487.25	598.82	-515.73	407.80	110.7	13	1000110230	9	0
719	1	45	1	0	14	0	0	1001	655.90	141.61	-151.08	274.84	353.9	13	1000180400	10	1
719	1	46	1	0	14	0	10	1000	1513.05	120.68	-122.62	424.88	1059.5	13	1000180400	12	1
719	1	49	2	0	14	1	2	1092	708.91	-81.04	94.20	251.85	312.9	14	1000180400	27	1
719	1	49	2	1	14	0	1	1003	1193.21	-92.38	-222.36	176.80	293.9	13	1000180400	11	0
715	15	14	3	0	14	0	1	1003	3779.63	81.61	-487.27	-60.97	741.4	13	1000140280	12	0
715	15	14	3	1	14	0	1	1003	1839.48	-226.63	176.97	291.22	1528.6	13	1000180400	14	0
715	15	14	3	2	14	1	0	1002	252.87	674.78	133.61	-341.55	596.0	14	1000080160	9	0
715	15	19	1	0	14	0	0	1001	947.07	-63.28	12.73	-45.66	1441.1	13	1000180400	26	0
715	15	20	2	0	14	0	2	1091	827.54	118.88	100.06	343.80	489.1	13	1000180400	15	1
715	15	20	2	1	14	0	1	1003	540.88	311.91	624.33	-506.27	384.0	13	1000080160	20	0
715	15	21	3	0	14	1	2	1092	3183.08	-196.34	92.51	-544.19	1463.4	14	1000080160	14	0
715	15	21	3	1	14	0	0	1001	971.16	-8.67	-437.07	134.84	573.1	13	1000140280	8	0
715	15	21	3	2	14	0	0	1001	535.68	-509.78	242.41	-419.63	161.4	13	1000080160	9	0
715	15	24	2	0	-14	0	0	1001	294.37	702.88	-467.40	237.19	126.5	-13	1000080160	9	0
715	15	24	2	1	14	0	1	1003	2206.23	-132.51	71.36	65.18	196.4	13	1000180400	19	1
715	15	26	1	0	14	1	0	1002	258.18	244.88	185.18	86.94	251.8	14	1000180400	11	0
715	15	30	1	0	14	0	0	1001	311.00	-24.51	-197.25	293.17	883.3	13	1000180400	8	1
715	15	33	1	0	14	0	10	1000	580.23	-494.08	167.04	122.31	595.4	13	1000080160	11	0
715	15	34	1	0	14	1	1	1008	1530.31	145.64	55.18	-21.19	133.0	14	1000180400	16	0
715	15	35	1	0	14	0	0	1001	3859.00	-110.81	-151.61	225.94	106.0	13	1000180400	9	1
715	15	39	4	0	14	0	10	1000	1710.42	-502.29	565.22	709.70	843.2	13	1000140280	11	0
715	15	39	4	1	14	0	10	1000	666.53	-390.71	-463.11	88.65	139.2	13	1000080160	12	0
715	15	39	4	2	14	0	0	1001	1055.21	-328.53	-196.18	-339.34	674.6	13	1000200400	8	0
715	15	39	4	3	14	1	0	1002	445.13	579.19	-11.98	-414.30	1049.0	14	1000080160	23	0
715	15	43	2	0	14	0	1	1000	1279.18	-82.35	112.87	611.01	115.7	13	1000180400	21	0
715	15	43	2	1	14	0	2	1091	1142.01	209.10	18.96	609.61	1143.2	13	1000180400	15	0
715	15	47	2	0	14	0	1	1003	803.28	-124.65	-171.67	334.03	186.6	13	1000180400	11	1
715	15	47	2	1	14	0	1	1003	1012.92	267.68	-548.88	281.85	1111.6	13	1000110230	11	0
715	15	48	1	0	14	0	0	1001	940.52	-153.59	85.55	396.91	565.7	13	1000180400	12	1
715	15	49	2	0	14	0	1	1004	1310.67	-40.16	-119.36	73.40	741.6	13	1000180400	12	1
715	15	49	2	1	14	0	0	1001	1035.82	-64.24	-635.48	-358.62	1430.0	13	1000190390	8	0
715	87	1	2	0	14	0	0	1001	371.86	115.30	-496.87	499.85	112.1	13	1000140280	8	0
715	87	1	2	1	14	0	0	1001	1034.66	-193.48	-51.97	189.00	840.8	13	1000180400	37	1
715	87	3	1	0	14	0	0	1001	469.26	221.60	66.60	-288.46	145.5	13	1000200400	8	0
715	87	9	2	0	14	0	0	1001	324.80	154.67	3.38	-355.14	372.1	13	1000140280	16	0
715	87	9	2	1	14	1	1	1009	682.63	212.31	-380.69	247.75	86.5	14	1000060120	18	0
715	87	12	1	0	14	0	1	1003	2031.21	123.66	28.80	-309.58	1092.0	13	1000080160	13	0
715	87	13	4	0	14	0	0	1001	526.24	-223.10	-259.24	-50.84	968.5	13	1000180400	10	0
715	87	13	4	1	14	1	0	1002	405.86	430.28	-169.98	-344.39	540.4	14	1000080160	16	0
715	87	13	4	2	14	0	0	1001	1193.52	-213.01	-127.13	-322.53	1374.0	13	1000080160	8	0
715	87	13	4	3	14	1	0	1002	246.54	697.79	383.21	-236.56	431.4	14	1000080160	11	0
715	87	18	1	0	14	0	0	1001	519.92	-90.04	271.59	38.45	174.1	13	1000260560	8	0
715	87	19	2	0	14	0	1	1005	716.71	-147.56	198.82	185.81	1393.4	13	1000180400	11	1
715	87	19	2	1	14	0	0	1001	377.71	-484.62	-93.59	757.26	1145.6	13	1000140280	9	0
715	87	24	2	0	14	0	1	1004	748.85	-26.77	166.29	165.96	994.2	13	1000180400	12	1
715	87	24	2	1	14	0	0	1001	659.99	-218.46	-211.17	79.86	802.4	13	1000180400	34	0
715	87	25	2	0	14	0	0	1001	563.11	30.78	21.34	452.44	624.1	13	1000180400	10	1
715	87	25	2	1	14	0	0	1001	439.75	-500.07	-302.96	665.93	1538.3	13	1000080160	17	0
715	87	32	1	0	14	0	2	1091	4863.45	-146.49	103.84	45.08	1215.5	13	1000180400	16	1
715	87	36	2	0	14	1	0	1002	544.33	509.89	113.51	568.75	249.0	14	1000080160	10	0
715	87	36	2	1	14	0	10	1000	1431.85	-261.02	244.17	-454.08	1066.5	13	1000220480	13	0
715	87	37	1	0	14	0	0	1001	412.51	-152.00	-110.52	-17.13	174.0	13	1000180400	9	0
715	87	48	1	0	12	0	0	1001	622.05	109.78	-9.81	6.89	818.5	11	1000180400	8	1
715	87	50	2	0	14	0	0	1001	625.73	-173.89	-1.41	-54.40	1460.3	13	1000180400	8	0
715	87	50	2	1	14	1	0	1002	665.39	133.65	287.38	-291.80	279.0	14	1000200400	10	0
719	74	7	2	0	14	0	0	1001	375.74	-119.25	-31.88	73.11	458.2	13	1000180400	15	1
719	74	7	2	1	14	0	1	1003	3530.74	-581.91	-181.96	587.55	306.7	13	1000140280	14	0
719	74	8	1	0	14	0	0	1001	1311.09	185.22	199.65	273.02	807.2	13	1000180400	8	1
719	74	9	2	0	14	0	1	1000	1978.16	169.08	190.63	404.26	886.8	13	1000180400	18	1
719	74	9	2	1	14	0	0	1001	1049.09	674.96	172.80	-384.10	901.5	13	1000140280	8	0
719	74	15	1	0	14	0	1	1003	674.08	-22.17	-130.01	298.89	201.6	13	1000180400	17	1
719	74	16	3	0	14	0	0	1001	283.16	-284.87	243.53	996.60	605.5	13	1000080160	8	0
719	74	16	3	1	14	0	1	1005	1392.09	-175.71	-71.57	444.05	509.4	13	1000180400	13	1
719	74	16	3	2	14	0	0	1001	313.66	-110.21	52.43	183.55	803.9	13	1000180400	9	1
719	74	24	2	0	12	0	2	1091	2960.03	155.03	-397.50	-574.13	532.2	11	1000140280	16	0
719	74	24	2	1	14	0	0	1001	851.70	-13.77	189.78	439.04	549.3	13	1000180400	17	1
719	74	28	1	0	14	0	10	1000	773.77	56.74	39.75	105.07	62.9	13	1000180400	12	1
719	74	32	2	0	14	0	0	1001	1319.84	5.69	53.67	-481.40	575.4	13	1000080160	8	0
719	74	32	2	1	14	0	0	1001	422.49	321.38	-305.26	-342.59	712.0	13	1000080160	9	0
719	74	33	2	0	14	0	1	1003	1045.13	12.27	1.28	575.70	1027.0	13	1000180400	50	0
719	74	33	2	1	14	0	0	1001	626.57	284.05	-591.90	232.94	1545.3	13	1000140280	9	0
719	74	37	5	0	14	0	0	1001	340.41	-316.84	-510.77	-215.50	1470.3	13	1000080160	12	0
719	74	37	5	1	14	0	0	1001	1181.09	87.30	126.62	233.46	1337.1	13	1000180400	9	1
719	74	37	5	2	14	0	0	1001	969.95	-152.42	-611.99	742.12	1279.3	13	1000080160	8	0
719	74	37	5	3	-14	1	10	1000	645.35	-392.72	146.80	997.80	357.3	-14	1000200400	11	0
719	74	37	5	4	14	0	10	1000	699.95	227.79	126.19	-333.11	845.0	13	1000140280	15	0
719	74	39	1	0	14	0	0	1001	576.60	-102.68	-58.28	495.12	684.5	13	1000180400	34	1
719	74	48	2	0	14	0	10	1000	743.75	-201.93	-123.89	286.07	617.0	13	1000180400	12	0
719	74	48	2	1	14	1	0	1002	557.72	481.04	-84.11	848.45	165.0	14	1000140280	9	0
719	74	49	4	0	14	0	2	1091	3982.50	-170.76	-132.25	-21.32	210.6	13	1000180400	22	0
719	74	49	4	1	14	0	0	1001	876.51	50.69	150.16	389.54	1438.5	13	1000180400	10	1
719	74	49	4	2	14	0	2	1091	2782.54	-596.14	-689.39	-213.64	697.7	13	1000130270	17	0
719	74	49	4	3	14	1	0	1002	2564.03	-275.79	-114.89	-650.02	379.8	14	1000080160	9	0
715	10	1	1	0	-14	0	0	1001	860.38	21.30	-39.97	59.10	612.2	-13	1000180400	10	1
715	10	9	2	0	14	0	1	1003	602.23	133.95	198.87	505.78	1401.8	13	1000180400	11	0
715	10	9	2	1	14	1	0	1002	328.43	528.61	124.60	6.87	1481.3	14	1000080160	11	0
715	10	10	3	0	14	0	0	1001	671.19	402.23	-346.00	-399.69	310.1	13	1000080160	16	0
715	10	10	3	1	14	1	0	1002	940.48	419.44	-636.26	918.54	297.4	14	1000140280	11	0
715	10	10	3	2	14	0	0	1001	3692.39	80.23	80.58	-824.76	1302.4	13	1000080160	9	0
715	10	15	2	0	14	0	0	1001	674.47	-554.88	-111.75	168.78	196.9	13	1000200400	16	0
715	10	15	2	1	14	1	1	1009	1180.84	-151.26	-113.66	361.57	562.1	14	1000180400	11	1
715	10	18	2	0	14	0	0	1001	444.99	59.96	444.27	-106.65	721.1	13	1000260560	19	0
715	10	18	2	1	14	0	0	1001	1490.19	131.14	82.90	-28.78	1574.3	13	1000180400	24	0
715	10	20	1	0	14	0	0	1001	1054.50	-224.65	10.06	126.16	1165.4	13	1000180400	8	0
715	10	31	1	0	14	0	10	1000	510.98	-21.38	-28.94	465.84	1325.6	13	1000180400	22	1
715	10	43	2	0	14	1	0	1002	1384.60	-254.75	75.81	378.01	205.8	14	1000180400	44	0
715	10	43	2	1	14	0	0	1001	853.76	266.78	107.37	-419.21	917.6	13	1000200400	8	0
715	10	44	2	0	14	1	0	1002	404.73	-152.72	-270.47	83.45	1028.9	14	1000180400	11	0
715	10	44	2	1	14	0	2	1091	1918.35	-13.48	-113.44	96.93	1482.1	13	1000180400	14	1
720	12	1	1	0	14	0	0	1001	935.00	-93.47	69.13	-15.29	782.2	13	1000180400	9	0
720	12	9	2	0	14	0	0	1001	705.25	-102.55	-408.21	-25.57	1214.7	13	1000080160	9	0
720	12	9	2	1	14	0	0	1001	236.78	-71.28	-64.61	-22.52	686.9	13	1000260560	9	0
720	12	11	3	0	14	1	1	1007	1361.00	95.75	58.33	-323.50	1224.3	14	1000140280	17	0
720	12	11	3	1	14	1	1	1007	6372.29	84.47	-80.13	-778.71	241.2	14	1000140280	17	0
720	12	11	3	2	14	0	0	1001	996.37	-606.70	-233.81	948.13	1400.1	13	1000200400	8	0
720	12	23	1	0	14	0	0	1001	492.53	93.15	210.97	236.50	126.6	13	1000180400	9	0
720	12	35	2	0	14	0	0	1001	1072.75	-63.67	10.10	546.59	212.4	13	1000180400	11	0
720	12	35	2	1	14	0	0	1001	525.33	-528.33	360.70	-221.14	790.7	13	1000080160	8	0
720	12	38	2	0	14	1	0	1002	2452.02	-45.92	-26.51	-9.66	230.8	14	1000180400	11	0
720	12	38	2	1	14	0	1	1004	777.15	-17.14	238.45	952.84	1096.2	13	1000140280	16	0
720	12	41	1	0	14	0	1	1003	712.27	-211.11	-60.04	189.46	597.3	13	1000180400	14	0
720	12	42	2	0	14	1	10	1000	563.65	-153.94	-6.98	208.33	390.6	14	1000180400	21	1
720	12	42	2	1	14	0	0	1001	707.27	606.11	20.64	320.62	279.2	13	1000140280	9	0
720	12	48	3	0	14	0	1	1004	638.37	-162.90	178.55	167.64	729.7	13	1000180400	12	1
720	12	48	3	1	14	1	0	1002	577.89	37.83	-119.45	-309.43	597.1	14	1000080160	10	0
720	12	48	3	2	14	0	0	1001	495.51	-557.79	307.76	145.30	423.9	13	1000080160	9	0
713	68	2	1	0	14	0	1	1005	703.08	-96.14	-260.18	42.18	875.1	13	1000180400	18	0
713	68	6	1	0	14	0	10	1000	453.72	133.98	-65.17	472.92	606.7	13	1000180400	11	1
713	68	11	2	0	14	1	2	1092	2671.74	395.88	-4.02	968.90	1134.4	14	1000080160	17	0
713	68	11	2	1	14	0	10	1000	1518.60	-228.98	-314.90	-358.25	1166.1	13	1000080160	11	0
713	68	23	2	0	14	0	0	1001	410.95	630.15	468.53	719.05	595.7	13	1000260560	8	0
713	68	23	2	1	14	0	1	1003	737.54	-103.39	233.58	19.12	1575.7	13	1000180400	17	0
713	68	43	3	0	14	1	0	1002	3103.83	-428.26	-450.87	976.15	1020.0	14	1000080160	10	0
713	68	43	3	1	14	0	0	1001	1415.26	-134.03	142.98	-316.11	124.4	13	1000140280	9	0
713	68	43	3	2	14	0	1	1004	2142.46	-103.09	66.87	464.98	567.9	13	1000180400	11	1
715	89	1	2	0	14	0	1	1003	3853.51	-58.59	264.73	-461.01	801.6	13	1000200400	12	0
715	89	1	2	1	14	0	0	1001	358.17	106.36	-165.96	333.88	1038.0	13	1000180400	9	1
715	89	5	1	0	14	0	0	1001	465.52	145.31	33.70	-306.48	806.9	13	1000080160	10	0
715	89	6	1	0	14	0	0	1001	581.28	-110.92	-212.07	413.99	1570.8	13	1000180400	10	0
715	89	8	2	0	14	0	1	1003	815.33	-17.85	303.96	-293.99	562.5	13	1000080160	17	0
715	89	8	2	1	14	0	1	1003	715.34	-366.45	-205.35	991.17	1153.7	13	1000080160	12	0
715	89	12	3	0	14	0	1	1003	1134.24	-26.34	-133.78	632.87	1141.9	13	1000180400	12	0
715	89	12	3	1	14	1	1	1000	972.61	-165.13	-118.51	-390.58	1260.5	14	1000200400	24	0
715	89	12	3	2	14	1	10	1000	349.00	579.43	-501.57	-490.10	214.2	14	1000080160	14	0
715	89	13	1	0	14	1	0	1002	751.33	113.14	-126.41	607.73	401.9	14	1000180400	44	0
715	89	14	2	0	14	0	10	1000	819.70	-531.31	-60.49	602.21	345.0	13	1000080160	11	0
715	89	14	2	1	14	0	1	1004	852.59	122.37	-312.48	-272.51	1431.6	13	1000080160	12	0
715	89	23	1	0	14	1	1	1008	1099.54	236.65	65.24	163.17	482.1	14	1000180400	14	0
715	89	28	2	0	14	1	0	1002	848.77	-539.76	-214.79	-315.98	731.9	14	1000200400	11	0
715	89	28	2	1	14	0	2	1091	1679.68	-219.60	-228.22	175.64	1110.0	13	1000180400	13	0
715	89	34	1	0	14	1	0	1002	2487.44	-236.83	126.59	151.57	1050.0	14	1000180400	11	0
715	89	40	2	0	14	0	0	1001	489.65	-11.88	-260.14	393.63	1171.3	13	1000180400	27	0
715	89	40	2	1	14	1	0	1002	3635.15	-261.45	-642.76	-984.35	290.3	14	1000080160	12	0
715	89	46	2	0	14	1	1	1006	1520.68	-169.39	190.76	132.06	972.4	14	1000180400	13	1
715	89	46	2	1	14	0	1	1003	896.25	44.82	231.72	-410.79	632.7	13	1000200400	26	0
720	36	1	1	0	14	0	0	1001	1249.28	-15.61	-4.11	509.66	1211.7	13	1000180400	9	0
720	36	4	3	0	14	1	0	1002	539.76	-188.15	-462.23	-440.51	423.3	14	1000130270	10	0
720	36	4	3	1	14	0	1	1000	1381.04	-78.26	79.92	-273.10	808.1	13	1000080160	19	0
720	36	4	3	2	14	0	1	1003	594.93	-218.72	-185.37	249.83	979.2	13	1000180400	12	0
720	36	5	1	0	14	0	1	1003	939.36	15.35	-44.73	183.76	1447.1	13	1000180400	13	1
720	36	10	5	0	14	0	0	1001	422.52	81.63	-148.61	125.02	877.3	13	1000180400	9	1
720	36	10	5	1	14	0	0	1001	725.61	267.97	-144.85	-497.80	1085.4	13	1000120240	8	0
720	36	10	5	2	14	0	1	1003	539.95	198.19	169.70	514.64	1326.7	13	1000180400	13	0
720	36	10	5	3	14	0	10	1000	564.46	-502.40	-69.04	242.36	598.5	13	1000080160	16	0
720	36	10	5	4	14	1	10	1000	915.32	-50.11	-106.98	101.89	1161.8	14	1000180400	13	1
720	36	15	1	0	14	0	0	1001	796.16	-16.33	97.42	511.79	797.7	13	1000180400	18	0
720	36	17	1	0	14	0	2	1091	3593.88	156.86	-82.09	408.33	508.2	13	1000180400	16	1
720	36	19	2	0	14	1	1	1007	585.91	286.99	-485.95	-442.53	498.2	14	1000080160	12	0
720	36	19	2	1	14	0	1	1004	1529.67	-152.31	8.27	-325.44	484.5	13	1000200400	11	0
720	36	25	1	0	14	1	0	1002	487.30	125.32	179.36	179.32	1011.5	14	1000180400	9	1
720	36	29	1	0	14	0	1	1005	1730.37	7.57	-63.94	-295.97	409.8	13	1000080160	19	0
720	36	40	1	0	14	0	0	1001	2381.51	50.26	-49.84	-37.23	891.4	13	1000180400	10	0
720	36	47	2	0	14	0	0	1001	462.48	-224.82	-15.14	28.80	1518.6	13	1000180400	13	0
720	36	47	2	1	14	0	0	1001	569.40	439.31	-599.67	990.17	1570.3	13	1000140280	8	0
720	36	49	4	0	14	0	0	1001	267.75	611.62	-100.98	832.07	770.1	13	1000080160	9	0
720	36	49	4	1	14	0	1	1003	843.65	182.65	206.75	80.30	458.9	13	1000180400	20	0
720	36	49	4	2	14	0	0	1001	289.21	-178.58	68.70	380.31	1566.7	13	1000180400	9	1
720	36	49	4	3	14	0	10	1000	315.04	-304.73	-511.06	-476.34	423.1	13	1000140280	13	0
713	85	3	3	0	14	0	0	1001	1414.01	-79.13	-89.55	-369.74	1448.6	13	1000080160	8	0
713	85	3	3	1	14	0	0	1001	1065.46	-160.01	191.12	231.16	1562.9	13	1000180400	8	1
713	85	3	3	2	14	0	0	1001	315.52	53.45	-673.80	-190.02	1056.8	13	1000140280	8	0
713	85	24	2	0	14	1	0	1002	454.22	613.11	-102.66	435.99	1380.6	14	1000200400	9	0
713	85	24	2	1	14	0	1	1003	1706.84	146.22	-123.38	482.20	1477.1	13	1000180400	12	1
713	85	26	1	0	14	0	0	1001	1223.23	-21.47	59.72	344.57	941.2	13	1000180400	13	1
713	85	27	3	0	14	0	1	1003	1241.27	152.57	156.73	30.83	1386.4	13	1000180400	36	1
713	85	27	3	1	14	1	0	1002	1306.04	84.65	-80.09	123.31	1562.2	14	1000180400	24	1
713	85	27	3	2	14	0	10	1000	2452.82	-552.42	448.54	247.93	824.6	13	1000080160	11	0
713	85	29	1	0	14	0	10	1000	1563.41	12.26	-126.81	65.52	576.2	13	1000180400	46	1
713	85	32	1	0	14	0	0	1001	481.98	478.72	-194.53	47.31	949.6	13	1000080160	12	0
713	85	37	4	0	14	0	0	1001	992.94	-506.14	-452.98	-173.61	752.6	13	1000140280	9	0
713	85	37	4	1	14	1	0	1002	580.45	-249.50	70.44	-380.48	446.0	14	1000200400	9	0
713	85	37	4	2	14	0	0	1001	3310.35	-464.29	-215.00	-747.10	168.4	13	1000200400	9	0
713	85	37	4	3	14	0	0	1001	1856.46	34.30	-123.90	70.72	230.7	13	1000180400	9	1
713	85	40	2	0	14	0	0	1001	747.43	-102.63	148.27	-8.19	1062.3	13	1000260560	8	0
713	85	40	2	1	14	0	2	1091	2518.10	-459.41	-675.68	1094.32	1267.7	13	1000080160	19	0
713	85	43	2	0	14	0	2	1091	4519.48	-110.46	-78.21	-346.56	1166.4	13	1000130270	29	0
713	85	43	2	1	14	1	2	1092	1823.88	-490.39	48.71	-119.02	888.0	14	1000080160	11	0
713	85	48	2	0	14	1	0	1002	720.32	37.63	-19.38	93.37	821.0	14	1000180400	10	1
713	85	48	2	1	14	1	1	1006	4170.56	-508.60	-332.46	218.04	881.7	14	1000130270	24	0
713	85	49	1	0	14	0	0	1001	1257.88	-191.98	-107.06	78.77	764.9	13	1000180400	8	1
719	76	2	1	0	14	0	0	1001	385.17	197.77	181.05	359.42	468.9	13	1000180400	16	1
719	76	4	2	0	14	0	0	1001	434.30	-18.19	-239.81	144.57	330.2	13	1000180400	10	0
719	76	4	2	1	14	0	0	1001	420.43	237.60	-662.69	-277.08	1299.8	13	1000140280	8	0
719	76	23	2	0	14	1	0	1002	1076.67	-179.04	81.82	99.77	137.2	14	1000180400	31	1
719	76	23	2	1	14	0	0	1001	690.30	487.36	44.63	513.71	342.6	13	1000080160	9	0
719	76	27	4	0	14	0	1	1003	932.87	57.77	128.49	-436.15	1258.4	13	1000080160	15	0
719	76	27	4	1	14	0	1	1004	886.72	-171.61	351.45	-303.97	1107.8	13	1000080160	13	0
719	76	27	4	2	14	1	1	1006	1150.41	5.83	-92.87	637.22	1007.7	14	1000180400	12	0
719	76	27	4	3	14	1	0	1002	399.23	205.74	450.79	-324.55	902.4	14	1000140280	9	0
719	76	29	1	0	14	0	1	1003	1481.91	-74.11	29.79	455.23	547.4	13	1000180400	12	1
719	76	35	2	0	14	0	0	1001	193.23	704.06	-86.92	936.61	583.2	13	1000080160	9	0
719	76	35	2	1	14	0	1	1005	1583.20	235.17	221.76	124.83	918.0	13	1000180400	12	0
719	76	37	2	0	14	0	1	1003	3061.59	-16.83	144.83	257.43	371.9	13	1000180400	18	1
719	76	37	2	1	14	0	1	1005	771.18	564.43	-404.10	689.07	1334.5	13	1000080160	13	0
719	76	40	3	0	14	0	1	1003	953.55	-376.20	-363.08	-347.51	352.4	13	1000080160	24	0
719	76	40	3	1	14	0	0	1001	1207.58	111.98	58.31	469.98	186.4	13	1000180400	11	1
719	76	40	3	2	14	0	1	1005	3748.07	-421.46	156.40	-887.57	881.2	13	1000140280	11	0
719	76	41	1	0	14	0	1	1003	1558.54	6.46	-188.81	293.60	980.6	13	1000180400	11	1
719	76	45	1	0	14	0	10	1000	663.79	-171.87	354.75	-273.23	1168.3	13	1000080160	22	0
719	76	48	3	0	14	0	10	1000	1439.74	341.96	67.05	-440.39	1086.5	13	1000080160	25	0
719	76	48	3	1	14	1	0	1002	841.40	251.71	-137.41	354.39	1303.8	14	1000180400	10	0
719	76	48	3	2	14	0	2	1091	2964.56	-570.85	487.81	-272.44	354.5	13	1000140280	14	0
715	25	4	1	0	14	0	0	1001	608.41	-242.02	-233.09	132.83	709.3	13	1000180400	10	0
715	25	5	2	0	14	0	1	1003	871.56	-202.90	-201.89	-396.93	293.7	13	1000140280	11	0
715	25	5	2	1	14	0	1	1003	3098.51	-252.90	110.98	-161.29	74.6	13	1000260560	21	0
715	25	6	2	0	14	0	1	1003	2184.84	-279.66	-537.04	113.77	1563.5	13	1000260560	11	0
715	25	6	2	1	14	0	10	1000	469.88	396.17	354.31	-450.80	290.0	13	1000200400	11	0
715	25	16	2	0	14	1	1	1006	1804.37	-48.80	-479.63	-103.32	986.7	14	1000080160	13	0
715	25	16	2	1	14	0	0	1001	251.57	-643.41	342.72	708.11	1278.1	13	1000120240	9	0
715	25	21	2	0	12	1	0	1002	2202.97	-586.23	-154.89	320.75	1226.1	12	1000200400	9	0
715	25	21	2	1	14	0	0	1001	2902.53	11.42	256.15	-781.96	865.9	13	1000140280	8	0
715	25	23	2	0	12	0	1	1003	1074.76	681.22	272.52	683.48	367.4	11	1000080160	13	0
715	25	23	2	1	14	0	2	1091	3148.99	53.60	43.03	-27.64	475.6	13	1000180400	11	0
715	25	38	1	0	14	1	2	1092	1163.32	-210.79	39.57	-38.65	1456.5	14	1000180400	12	0
715	25	41	2	0	14	1	2	1092	4392.22	-81.71	-115.19	-1317.78	981.5	14	1000200400	11	0
715	25	41	2	1	14	0	0	1001	682.73	66.67	196.61	421.54	776.5	13	1000180400	13	1
715	25	47	4	0	14	0	0	1001	1041.22	-621.01	191.01	-343.70	997.7	13	1000140280	8	0
715	25	47	4	1	14	1	2	1092	2255.88	-532.08	-109.07	-410.49	1143.9	14	1000200400	11	0
715	25	47	4	2	14	1	1	1008	1249.61	132.12	-78.67	-304.27	1166.3	14	1000130270	12	0
715	25	47	4	3	14	1	0	1002	703.25	-482.66	392.86	-275.42	808.4	14	1000080160	9	0
715	25	49	1	0	14	0	10	1000	700.81	44.45	-129.64	213.85	785.2	13	1000180400	22	1
714	55	3	2	0	14	0	0	1001	1403.40	-273.95	-452.74	-64.88	493.6	13	1000080160	9	0
714	55	3	2	1	14	1	10	1000	641.74	19.89	-94.47	138.26	1408.3	14	1000180400	34	1
714	55	5	2	0	14	1	1	1008	777.74	-303.08	-659.62	-143.42	1418.4	14	1000190390	16	0
714	55	5	2	1	14	0	0	1001	730.28	-33.73	-39.30	-4.67	836.9	13	1000180400	10	0
714	55	10	2	0	14	0	2	1091	2371.70	-424.49	-36.93	1103.69	1118.8	13	1000140280	14	0
714	55	10	2	1	14	0	1	1004	579.85	213.34	183.89	572.56	723.8	13	1000180400	13	0
714	55	12	2	0	14	0	0	1001	281.40	689.83	99.19	21.40	931.9	13	1000200400	8	0
714	55	12	2	1	14	0	2	1091	2212.60	-190.94	117.59	-44.55	872.8	13	1000180400	28	0
714	55	14	2	0	14	1	0	1002	819.03	-37.60	123.42	162.86	803.8	14	1000180400	10	1
714	55	14	2	1	14	0	1	1003	902.92	249.06	-95.61	400.25	299.5	13	1000180400	11	0
714	55	21	1	0	14	1	1	1006	1637.41	-149.31	-51.82	242.54	597.2	14	1000180400	21	1
714	55	25	2	0	14	0	0	1001	679.31	-98.07	-133.78	564.06	382.0	13	1000180400	13	0
714	55	25	2	1	14	1	1	1008	642.11	-101.21	58.98	-484.23	1085.3	14	1000190390	26	0
714	55	29	1	0	14	0	1	1005	2022.15	-151.12	120.05	47.70	779.5	13	1000180400	22	1
714	55	30	1	0	14	0	2	1091	3757.91	-31.69	-4.70	374.83	1227.6	13	1000180400	20	1
714	55	32	1	0	14	0	10	1000	1266.38	-171.19	-86.05	103.39	1446.5	13	1000180400	11	1
714	55	34	1	0	14	0	2	1091	2522.99	-546.65	-62.81	100.68	329.8	13	1000140280	22	0
714	55	36	2	0	14	0	10	1000	665.69	-144.54	-424.06	-303.31	845.2	13	1000080160	18	0
714	55	36	2	1	14	1	1	1009	4189.39	118.77	-207.15	-318.94	107.2	14	1000200400	18	0
714	55	40	1	0	14	0	2	1091	2193.89	-429.61	61.65	-381.39	691.6	13	1000130270	13	0
714	55	41	1	0	14	0	0	1001	397.66	15.63	-39.46	83.37	706.6	13	1000180400	8	1
714	55	42	2	0	14	1	0	1002	1168.82	-86.75	122.69	-469.07	839.3	14	1000130270	15	0
714	55	42	2	1	14	0	1	1004	811.02	-95.76	14.15	55.89	1157.9	13	1000180400	18	1
714	55	45	2	0	14	0	1	1004	930.52	-80.75	-151.97	-481.66	1540.4	13	1000080160	12	0
714	55	45	2	1	14	0	0	1001	1385.99	68.96	-124.60	-273.65	487.8	13	1000080160	8	0
714	55	49	2	0	14	0	10	1000	2862.47	71.04	-134.22	260.72	1505.7	13	1000180400	13	1
714	55	49	2	1	14	0	0	1001	658.73	-229.96	-302.96	-277.60	1354.4	13	1000080160	9	0
720	70	6	3	0	14	0	0	1001	518.71	-496.55	373.92	549.79	780.0	13	1000200400	8	0
720	70	6	3	1	14	0	0	1001	490.50	-599.67	362.84	974.99	1532.4	13	1000080160	9	0
720	70	6	3	2	14	0	0	1001	891.08	-6.77	227.98	135.24	1067.9	13	1000180400	10	0
720	70	11	1	0	14	0	2	1091	1360.33	247.16	191.82	65.76	1519.9	13	1000180400	15	0
720	70	12	3	0	14	0	2	1091	2900.26	-612.75	215.80	1121.70	704.5	13	1000140280	13	0
720	70	12	3	1	14	0	10	1000	1175.41	140.84	-476.86	593.70	1025.9	13	1000140280	18	0
720	70	12	3	2	14	0	0	1001	1219.58	99.18	-36.08	613.15	403.0	13	1000180400	9	0
720	70	17	2	0	14	0	0	1001	710.19	-142.94	220.74	-4.59	210.6	13	1000180400	10	0
720	70	17	2	1	14	0	0	1001	736.84	202.61	118.61	38.41	80.3	13	1000180400	9	0
720	70	20	2	0	14	0	0	1001	591.18	-144.71	204.64	-331.72	731.5	13	1000110230	9	0
720	70	20	2	1	14	1	0	1002	619.63	105.86	207.67	150.58	498.8	14	1000260560	9	0
720	70	21	2	0	14	0	2	1091	1493.88	175.70	173.65	152.70	1522.0	13	1000180400	18	1
720	70	21	2	1	-14	1	10	1000	566.65	632.58	-357.39	1002.02	492.5	-14	1000080160	12	0
720	70	24	1	0	14	0	10	1000	476.65	-33.66	-168.54	335.35	1076.8	13	1000180400	12	1
720	70	39	2	0	14	1	0	1002	647.52	-131.75	-88.37	290.61	942.6	14	1000180400	10	1
720	70	39	2	1	14	1	1	1007	702.72	-38.31	-197.41	989.83	678.6	14	1000260560	12	0
720	70	40	1	0	14	0	0	1001	899.39	-155.04	-25.35	-318.08	860.9	13	1000140280	8	0
720	70	43	1	0	14	0	0	1001	5600.91	-51.56	14.65	-812.82	261.3	13	1000080160	9	0
720	26	2	2	0	14	0	0	1001	534.64	295.12	-709.13	817.16	125.6	13	1000080160	18	0
720	26	2	2	1	14	0	0	1001	659.75	179.55	90.57	-0.49	288.4	13	1000180400	19	0
720	26	9	1	0	14	0	1	1003	1312.07	-223.19	-153.92	38.05	874.0	13	1000180400	17	0
720	26	13	2	0	14	0	1	1003	867.96	-111.66	271.75	12.88	457.6	13	1000260560	12	0
720	26	13	2	1	14	1	0	1002	665.39	131.04	-502.85	835.39	144.9	14	1000110230	18	0
720	26	15	1	0	14	0	0	1001	1164.31	41.65	20.89	516.56	473.5	13	1000180400	9	0
720	26	24	2	0	14	1	0	1002	870.98	45.62	163.47	283.29	1509.8	14	1000180400	9	1
720	26	24	2	1	14	1	2	1092	535.19	-505.08	-142.24	-99.37	1514.2	14	1000200400	12	0
720	26	25	1	0	14	0	1	1003	1918.22	5.88	89.51	25.03	1574.0	13	1000180400	13	1
720	26	28	3	0	14	1	0	1002	818.54	-287.69	-63.11	-366.83	87.1	14	1000130270	9	0
720	26	28	3	1	14	0	10	1000	1410.93	238.27	-8.10	-305.32	1168.2	13	1000080160	12	0
720	26	28	3	2	14	1	0	1002	668.59	197.37	-202.57	353.48	1133.6	14	1000180400	10	0
720	26	31	2	0	-14	0	1	1000	1185.36	-340.83	98.31	145.76	1032.3	-13	1000240520	11	0
720	26	31	2	1	14	0	10	1000	863.39	-138.45	49.49	434.63	264.0	13	1000180400	12	1
720	26	32	2	0	14	0	0	1001	607.34	-205.58	227.51	-49.76	645.2	13	1000180400	9	0
720	26	32	2	1	14	1	0	1002	1030.76	172.07	-131.37	-11.24	1516.9	14	1000180400	42	0
720	26	34	2	0	14	0	0	1001	1677.64	-78.96	111.60	-173.40	999.9	13	1000260560	9	0
720	26	34	2	1	14	1	10	1000	257.16	-698.00	-315.37	951.05	886.9	14	1000130270	11	0
720	26	36	1	0	14	0	0	1001	954.53	-86.49	-150.73	106.31	1484.2	13	1000180400	9	1
720	26	37	2	0	14	0	1	1005	863.97	-81.49	-79.43	982.76	1511.3	13	1000140280	13	0
720	26	37	2	1	14	1	0	1002	988.84	-48.90	-48.00	104.53	479.2	14	1000180400	10	1
720	26	38	2	0	14	1	1	1009	1767.85	161.29	-153.90	215.40	712.3	14	1000180400	13	1
720	26	38	2	1	14	0	0	1001	950.95	162.24	224.52	-332.43	616.9	13	1000140280	8	0
720	26	39	3	0	14	0	10	1000	1103.73	85.88	44.79	257.60	1376.9	13	1000180400	12	1
720	26	39	3	1	14	0	0	1001	518.59	-9.80	-104.15	-332.23	1052.3	13	1000200400	9	0
720	26	39	3	2	14	0	0	1001	1132.65	66.60	12.96	962.82	1039.5	13	1000080160	9	0
720	26	43	1	0	14	1	2	1092	2419.57	228.47	96.11	186.63	1338.9	14	1000180400	17	0
720	26	45	1	0	14	1	1	1008	785.52	37.12	-252.64	70.04	383.0	14	1000180400	20	0
720	26	50	2	0	14	0	1	1003	980.98	20.89	137.76	127.97	517.6	13	1000180400	11	1
720	26	50	2	1	14	1	0	1002	878.37	-139.41	219.60	-287.49	864.1	14	1000080160	10	0
713	38	5	2	0	14	0	1	1003	1286.11	-91.08	-36.11	-279.61	865.7	13	1000080160	13	0
713	38	5	2	1	14	0	0	1001	634.92	-400.47	-618.03	690.32	743.5	13	1000080160	8	0
713	38	9	1	0	14	0	2	1091	1836.44	36.07	-156.37	371.16	753.5	13	1000180400	23	1
713	38	12	2	0	14	1	0	1002	433.78	254.09	-116.08	162.70	369.7	14	1000180400	12	0
713	38	12	2	1	14	1	1	1008	3059.10	-70.58	497.25	-351.16	1525.9	14	1000140280	11	0
713	38	14	1	0	14	0	0	1001	738.37	-91.16	-107.16	125.42	158.5	13	1000180400	9	1
713	38	17	2	0	14	0	10	1000	784.61	114.65	-82.69	-141.27	1174.6	13	1000280590	16	0
713	38	17	2	1	14	1	0	1002	530.31	-163.40	-107.88	-498.05	1026.6	14	1000140280	9	0
713	38	18	2	0	14	0	0	1001	2195.07	126.31	23.70	-554.11	666.5	13	1000200400	8	0
713	38	18	2	1	14	0	2	1091	1087.75	-241.15	-468.34	529.60	267.7	13	1000080160	14	0
713	38	25	1	0	14	0	1	1005	1222.12	77.15	-25.29	20.97	1065.2	13	1000180400	13	1
713	38	29	2	0	14	0	0	1001	654.32	-85.66	-27.00	345.00	471.0	13	1000180400	10	1
713	38	29	2	1	14	0	1	1004	3793.27	29.94	-488.36	112.62	1540.9	13	1000110230	19	0
713	38	35	4	0	14	0	0	1001	1032.13	-130.99	153.39	325.22	940.4	13	1000180400	9	1
713	38	35	4	1	14	0	0	1001	1417.56	590.96	478.72	410.23	716.5	13	1000080160	8	0
713	38	35	4	2	14	0	1	1003	1303.27	144.19	-270.91	79.26	1370.5	13	1000180400	15	0
713	38	35	4	3	14	1	0	1002	544.81	14.51	111.65	148.45	1240.5	14	1000180400	9	1
713	38	41	2	0	14	1	2	1092	2155.27	-506.18	-181.24	-80.87	94.7	14	1000260560	14	0
713	38	41	2	1	14	1	5	1098	411.12	128.65	-478.04	247.16	598.0	14	1000080160	6	0
713	38	42	2	0	14	0	2	1091	776.40	-380.28	-108.75	-387.06	276.0	13	1000080160	13	0
713	38	42	2	1	-14	1	1	1000	2513.50	188.41	80.95	161.17	292.4	-14	1000180400	10	1
713	38	45	2	0	14	1	0	1002	1097.80	-106.48	-172.51	143.36	1033.8	14	1000180400	10	1
713	38	45	2	1	14	0	0	1001	326.78	583.61	321.11	61.72	1123.0	13	1000120240	8	0
713	38	47	2	0	14	0	0	1001	501.89	329.80	-233.34	-316.90	1014.2	13	1000080160	9	0
713	38	47	2	1	14	0	1	1003	1131.65	-22.54	203.95	311.24	468.4	13	1000180400	13	0
713	38	50	2	0	14	0	0	1001	689.11	-54.84	-226.71	127.43	1294.1	13	1000180400	13	0
713	38	50	2	1	14	0	0	1001	2863.62	427.19	-365.89	991.85	225.5	13	1000080160	9	0
711	99	4	2	0	14	0	0	1001	290.92	-378.27	118.77	-449.99	746.1	13	1000200400	24	0
711	99	4	2	1	14	0	1	1003	1166.31	56.99	33.49	641.00	951.4	13	1000180400	12	0
711	99	12	2	0	14	0	10	1000	2087.71	-466.65	-473.50	-241.71	71.9	13	1000140280	19	0
711	99	12	2	1	14	0	0	1001	393.75	-323.37	-499.34	445.13	984.3	13	1000140280	8	0
711	99	15	1	0	14	1	0	1002	1350.50	-206.16	88.64	72.15	1464.5	14	1000180400	10	0
711	99	16	3	0	14	1	0	1002	376.32	-318.03	-74.59	964.07	660.9	14	1000080160	11	0
711	99	16	3	1	14	0	0	1001	1435.70	144.36	627.85	-442.45	519.6	13	1000080160	10	0
711	99	16	3	2	14	0	0	1001	689.37	87.94	220.74	601.20	175.0	13	1000180400	45	0
711	99	23	1	0	14	0	0	1001	678.39	102.66	-432.55	3.87	99.4	13	1000200400	8	0
711	99	26	1	0	14	0	1	1003	2846.48	-479.71	-17.96	335.39	1546.6	13	1000260560	42	0
711	99	27	1	0	-14	0	0	1001	1658.33	109.56	-14.85	-484.97	1521.3	-13	1000080160	8	0
711	99	33	1	0	14	0	1	1003	802.84	-128.88	-51.49	146.46	177.7	13	1000180400	16	1
711	99	42	1	0	14	0	0	1001	407.51	68.08	-131.57	418.48	509.4	13	1000180400	9	1
711	99	45	1	0	14	0	0	1001	520.44	-244.88	-158.04	351.73	1474.8	13	1000180400	15	0
711	99	50	1	0	14	0	0	1001	588.82	-181.58	-108.75	22.50	194.9	13	1000180400	9	1
714	65	5	2	0	14	1	0	1002	1915.41	-90.56	-143.08	20.48	346.2	14	1000180400	10	1
714	65	5	2	1	14	1	0	1002	815.43	-169.98	-166.51	527.08	570.9	14	1000180400	10	0
714	65	11	2	0	14	0	0	1001	383.65	294.90	-610.92	-329.44	1282.6	13	1000080160	11	0
714	65	11	2	1	14	0	0	1001	574.98	-44.10	-95.33	-271.17	1321.1	13	1000140280	37	0
714	65	15	3	0	14	1	1	1007	1403.76	-21.63	-437.88	-151.49	94.0	14	1000080160	11	0
714	65	15	3	1	14	0	1	1003	1771.35	-96.35	392.35	349.99	412.0	13	1000260560	12	0
714	65	15	3	2	14	1	0	1002	354.86	248.34	-546.90	499.06	96.5	14	1000080160	9	0
714	65	20	2	0	14	1	2	1092	1496.54	-134.58	203.98	-447.60	1202.9	14	1000130270	16	0
714	65	20	2	1	14	0	1	1003	1232.69	-11.18	40.89	43.63	193.7	13	1000180400	11	1
714	65	23	3	0	14	1	0	1002	316.45	-168.11	175.79	-277.08	1489.4	14	1000140280	9	0
714	65	23	3	1	14	1	2	1092	3146.17	-235.71	331.53	-755.20	258.6	14	1000200400	17	0
714	65	23	3	2	14	0	1	1004	690.83	185.49	-96.66	346.21	1226.9	13	1000180400	13	1
714	65	24	3	0	14	0	0	1001	604.81	-307.93	118.02	-140.95	245.3	13	1000240520	8	0
714	65	24	3	1	14	0	0	1001	938.69	-8.86	-97.18	100.15	440.4	13	1000180400	9	1
714	65	24	3	2	14	1	0	1002	707.75	-203.89	216.45	-388.32	463.4	14	1000140280	10	0
714	65	32	2	0	14	0	0	1001	290.07	-385.20	-19.58	-291.09	430.3	13	1000080160	20	0
714	65	32	2	1	14	1	0	1002	662.35	5.74	-118.29	391.47	509.3	14	1000180400	10	1
714	65	36	1	0	14	1	1	1008	596.10	-11.17	162.87	234.92	1413.4	14	1000180400	35	1
714	65	39	2	0	14	0	0	1001	770.61	-519.01	-76.43	217.41	995.8	13	1000130270	9	0
714	65	39	2	1	14	1	1	1008	1426.68	58.81	139.21	55.89	914.5	14	1000180400	13	1
714	65	43	1	0	12	0	0	1001	473.34	201.46	392.01	146.60	820.2	11	1000260560	8	0
714	65	50	3	0	14	0	10	1000	1246.72	-92.06	-38.76	95.79	878.2	13	1000180400	12	1
714	65	50	3	1	14	0	10	1000	1259.55	80.42	-55.67	-501.05	1446.3	13	1000140280	16	0
714	65	50	3	2	14	0	1	1004	739.56	-259.06	-503.38	-195.08	337.4	13	1000110230	14	0
715	72	1	1	0	14	0	0	1001	861.05	107.20	-48.50	497.13	1478.5	13	1000180400	10	1
715	72	2	1	0	14	0	1	1004	961.31	141.29	48.01	-45.29	379.4	13	1000180400	22	0
715	72	7	1	0	14	0	0	1001	1245.59	-309.17	231.58	-302.14	579.2	13	1000080160	12	0
715	72	8	3	0	14	1	0	1002	553.38	-658.32	-578.31	-22.11	436.2	14	1000110230	10	0
715	72	8	3	1	14	0	1	1003	1038.59	-102.61	-6.66	-139.86	168.2	13	1000260560	13	0
715	72	8	3	2	14	0	10	1000	1359.78	-70.98	-151.42	-24.12	1193.6	13	1000180400	12	0
715	72	13	1	0	14	1	0	1002	1439.64	38.89	135.37	508.26	341.8	14	1000180400	12	0
715	72	21	1	0	14	0	0	1001	457.90	252.55	-109.94	155.24	406.3	13	1000180400	22	0
715	72	23	4	0	14	0	0	1001	269.26	-650.62	625.65	721.67	1203.9	13	1000200400	9	0
715	72	23	4	1	14	1	0	1002	1643.47	-513.15	-425.37	474.65	1364.4	14	1000140280	9	0
715	72	23	4	2	14	0	0	1001	487.01	192.36	49.84	459.42	1001.5	13	1000180400	9	1
715	72	23	4	3	14	0	0	1001	334.11	-183.64	-513.16	94.17	347.5	13	1000080160	8	0
715	72	29	1	0	-14	1	1	1014	702.64	-12.36	-42.06	424.11	813.2	-14	1000180400	13	1
715	72	34	1	0	14	0	10	1000	1460.31	-64.37	99.42	147.94	121.9	13	1000180400	12	1
715	72	36	2	0	14	0	0	1001	898.21	116.85	2.52	371.09	981.7	13	1000180400	10	1
715	72	36	2	1	14	0	1	1005	2104.51	-355.06	-547.46	768.98	1543.9	13	1000140280	17	0
715	72	37	1	0	14	0	2	1091	5212.90	-55.21	-487.67	378.15	811.0	13	1000080160	28	0
715	72	47	2	0	14	0	0	1001	740.59	-256.39	-111.42	-168.97	470.6	13	1000260560	12	0
715	72	47	2	1	14	1	0	1002	341.08	-614.77	205.42	729.98	235.1	14	1000080160	12	0
715	72	48	1	0	14	0	0	1001	954.38	157.40	43.29	-1.44	1197.8	13	1000180400	10	0
715	72	49	1	0	14	0	10	1000	1181.76	-107.39	194.59	263.90	883.4	13	1000180400	11	1
713	26	1	1	0	14	0	2	1091	1407.10	248.72	-2.88	310.28	829.5	13	1000180400	20	0
713	26	4	1	0	14	0	0	1001	1338.58	-248.71	49.45	258.38	1261.2	13	1000180400	9	0
713	26	7	1	0	14	0	0	1001	918.05	93.18	158.20	287.36	901.7	13	1000180400	9	1
713	26	28	3	0	14	1	0	1002	982.64	585.66	78.29	847.56	1375.0	14	1000200400	11	0
713	26	28	3	1	14	0	10	1000	600.83	-529.89	171.18	71.25	743.2	13	1000080160	18	0
713	26	28	3	2	14	0	1	1003	769.26	-74.43	3.29	85.93	630.4	13	1000180400	13	1
713	26	30	2	0	14	0	0	1001	702.19	240.89	103.92	258.56	429.3	13	1000180400	9	0
713	26	30	2	1	14	0	0	1001	391.95	44.22	-222.29	8.91	172.7	13	1000180400	34	0
713	26	35	4	0	14	0	10	1000	851.64	213.57	-560.92	548.17	1537.6	13	1000110230	18	0
713	26	35	4	1	14	0	0	1001	286.88	-483.91	217.19	-388.41	1317.7	13	1000140280	9	0
713	26	35	4	2	14	0	0	1001	687.73	96.17	178.09	59.75	1292.6	13	1000180400	9	1
713	26	35	4	3	14	0	0	1001	2006.51	-510.79	-221.44	-27.01	1460.5	13	1000200400	9	0
713	26	37	1	0	14	0	1	1003	1036.08	253.13	159.41	360.39	1551.3	13	1000180400	19	0
712	22	1	3	0	14	1	0	1002	454.14	-190.73	-213.50	-275.02	147.0	14	1000140280	17	0
712	22	1	3	1	14	1	0	1002	412.11	-162.37	-80.04	48.45	307.3	14	1000180400	13	1
712	22	1	3	2	14	0	0	1001	564.39	-178.49	-221.31	-437.76	350.3	13	1000140280	8	0
712	22	6	1	0	14	0	1	1003	4680.51	114.96	-473.15	-28.24	341.2	13	1000080160	19	0
712	22	13	3	0	14	0	0	1001	493.61	141.22	64.53	177.77	160.9	13	1000180400	27	1
712	22	13	3	1	14	1	1	1006	726.37	-499.83	-270.51	296.50	429.9	14	1000110230	27	0
712	22	13	3	2	14	0	0	1001	583.16	130.24	-557.55	264.21	1299.9	13	1000140280	9	0
712	22	21	2	0	14	0	0	1001	299.73	-615.51	24.68	174.56	1163.4	13	1000080160	15	0
712	22	21	2	1	14	0	0	1001	1042.70	56.73	-148.80	55.59	571.9	13	1000180400	11	1
712	22	22	2	0	14	0	1	1003	1222.96	-8.95	62.99	344.83	658.6	13	1000180400	14	1
712	22	22	2	1	14	0	0	1001	751.45	624.72	309.69	-304.50	749.9	13	1000140280	8	0
712	22	27	2	0	14	0	0	1001	743.69	164.94	-132.10	120.03	785.1	13	1000180400	12	1
712	22	27	2	1	14	1	0	1002	316.60	-245.69	-595.14	408.04	907.7	14	1000080160	9	0
712	22	29	1	0	14	1	0	1002	297.24	-24.16	-124.19	432.85	470.8	14	1000180400	11	1
712	22	34	2	0	14	0	0	1001	457.24	-508.16	318.53	702.78	1313.9	13	1000140280	9	0
712	22	34	2	1	14	0	10	1000	1645.30	-84.76	58.49	325.12	486.1	13	1000180400	12	1
712	22	37	3	0	14	0	2	1091	3221.05	-568.81	475.89	-210.91	868.0	13	1000110230	16	0
712	22	37	3	1	12	0	1	1003	2142.58	-239.91	217.63	330.41	299.5	11	1000180400	13	0
712	22	37	3	2	14	1	1	1008	2620.53	359.72	-630.16	476.77	1099.6	14	1000080160	19	0
712	22	46	3	0	14	0	0	1001	2932.23	-144.84	-10.23	230.12	85.0	13	1000180400	9	1
712	22	46	3	1	14	0	0	1001	288.00	476.54	200.00	594.33	213.2	13	1000080160	8	0
712	22	46	3	2	14	0	0	1001	520.21	-205.22	-328.66	-277.98	431.4	13	1000080160	11	0
712	22	47	2	0	14	0	0	1001	536.71	4.84	-250.19	164.60	178.4	13	1000180400	36	0
712	22	47	2	1	14	0	10	1000	731.90	-81.51	-472.41	79.28	1084.9	13	1000080160	17	0
714	23	1	2	0	14	0	1	1005	1807.81	-513.40	-209.88	502.22	324.5	13	1000080160	14	0
714	23	1	2	1	14	0	1	1003	1008.94	-331.03	-166.78	723.41	1294.3	13	1000260560	12	0
714	23	6	3	0	14	0	1	1003	1551.72	-670.19	-321.13	-469.39	973.0	13	1000130270	11	0
714	23	6	3	1	14	0	1	1003	2767.58	-254.28	89.66	86.83	1482.8	13	1000180400	13	0
714	23	6	3	2	14	0	0	1001	812.91	693.61	476.92	346.54	1339.4	13	1000160320	12	0
714	23	8	2	0	14	0	10	1000	902.36	0.50	208.26	222.58	997.7	13	1000180400	11	0
714	23	8	2	1	14	0	0	1001	1490.77	-236.66	-240.41	325.81	1379.1	13	1000180400	9	0
714	23	10	1	0	14	0	0	1001	671.03	-340.10	-63.06	-79.86	569.3	13	1000280590	8	0
714	23	11	1	0	14	0	0	1001	750.70	-251.51	131.13	550.76	1213.1	13	1000180400	9	0
714	23	14	2	0	14	0	0	1001	554.41	42.84	-578.48	-244.35	298.0	13	1000140280	9	0
714	23	14	2	1	14	1	1	1006	2145.82	105.07	-239.26	-324.18	1109.1	14	1000080160	12	0
714	23	19	2	0	14	1	0	1002	1145.58	14.86	-137.06	519.09	305.7	14	1000180400	11	0
714	23	19	2	1	14	0	1	1004	943.98	87.00	242.88	34.15	970.1	13	1000180400	12	0
714	23	20	2	0	14	0	0	1001	513.53	198.65	216.35	363.10	1077.5	13	1000180400	21	0
714	23	20	2	1	14	0	1	1003	2098.71	80.52	-306.93	1003.29	946.5	13	1000140280	12	0
714	23	22	1	0	14	0	10	1000	729.49	184.14	-212.06	452.09	795.0	13	1000180400	11	0
714	23	25	1	0	14	1	1	1008	1039.95	-207.15	85.57	81.53	1577.7	14	1000180400	16	0
714	23	27	1	0	14	0	0	1001	885.42	137.53	-153.73	441.03	1400.7	13	1000180400	8	1
714	23	32	1	0	14	0	1	1005	1335.52	-12.45	-36.69	46.36	687.0	13	1000180400	12	1
714	23	36	1	0	14	0	1	1000	1681.41	-97.96	-33.12	-19.22	1306.3	13	1000180400	19	0
714	23	39	1	0	14	1	0	1002	303.52	150.54	-133.01	231.61	597.7	14	1000180400	9	1
714	23	40	2	0	14	0	1	1003	1210.86	-176.65	49.56	179.76	311.4	13	1000180400	24	1
714	23	40	2	1	14	0	0	1001	316.07	603.58	374.68	99.04	1200.6	13	1000140280	39	0
714	23	44	3	0	12	0	2	1091	2315.64	-244.29	198.25	-560.58	1387.4	11	1000140280	21	0
714	23	44	3	1	14	0	1	1003	634.63	198.27	109.14	301.74	1488.6	13	1000180400	11	1
714	23	44	3	2	14	1	0	1002	334.23	361.02	604.43	-492.31	820.0	14	1000080160	10	0
714	23	45	1	0	14	1	1	1008	698.58	-100.45	351.21	112.77	916.4	14	1000260560	24	0
714	23	48	1	0	14	0	1	1003	649.34	208.41	-137.04	115.45	175.6	13	1000260560	13	0
712	43	6	1	0	14	0	0	1001	691.17	-182.53	-138.47	400.05	472.0	13	1000180400	16	1
712	43	12	1	0	14	0	1	1003	1434.13	277.56	27.57	246.37	1507.5	13	1000060120	13	0
712	43	14	4	0	14	0	1	1003	1708.31	-136.81	162.32	315.86	241.8	13	1000180400	13	1
712	43	14	4	1	14	1	1	1007	2218.16	52.70	55.14	-40.28	758.9	14	1000180400	12	0
712	43	14	4	2	14	0	0	1001	596.28	-93.91	-227.19	460.61	529.5	13	1000180400	10	0
712	43	14	4	3	14	0	0	1001	511.23	-413.36	216.19	1002.74	299.7	13	1000080160	10	0
712	43	19	2	0	12	0	0	1001	962.15	-72.71	-98.09	271.55	240.2	11	1000180400	27	1
712	43	19	2	1	14	1	10	1000	1007.59	-130.81	-120.50	58.98	1578.2	14	1000180400	12	1
712	43	25	3	0	14	0	2	1091	2601.52	372.43	108.18	-484.74	592.3	13	1000200400	14	0
712	43	25	3	1	14	0	0	1001	740.62	111.48	-139.10	160.61	215.3	13	1000180400	15	1
712	43	25	3	2	14	1	0	1002	855.93	-107.56	198.42	-494.65	1103.1	14	1000200400	10	0
712	43	27	2	0	14	1	1	1006	1087.83	260.01	-32.11	510.08	133.6	14	1000260560	12	0
712	43	27	2	1	14	0	1	1004	1038.13	-91.95	-209.00	554.48	359.7	13	1000180400	12	0
712	43	28	1	0	14	0	0	1001	405.77	-121.26	186.99	157.95	670.7	13	1000180400	10	1
712	43	30	1	0	14	0	2	1091	754.50	13.73	211.55	-25.65	475.1	13	1000180400	14	0
712	43	31	1	0	14	0	10	1000	951.22	56.99	119.16	184.48	1391.4	13	1000180400	15	1
712	43	32	2	0	14	0	0	1001	430.15	371.84	-472.33	42.39	231.7	13	1000140280	8	0
712	43	32	2	1	14	1	1	1006	894.29	11.39	-52.99	29.07	1194.6	14	1000180400	13	1
712	43	36	2	0	14	0	0	1001	682.74	190.34	-224.57	272.53	315.3	13	1000180400	9	0
712	43	36	2	1	14	0	1	1003	2184.19	-98.58	-419.09	-262.53	144.6	13	1000080160	13	0
712	43	45	2	0	14	1	10	1000	518.66	-250.11	-207.67	-298.18	1375.0	14	1000140280	13	0
712	43	45	2	1	14	0	10	1000	662.15	-112.98	-179.25	243.95	1525.9	13	1000180400	13	1
712	43	50	1	0	14	0	1	1003	631.44	88.43	-110.53	35.05	552.8	13	1000180400	13	1
720	17	5	3	0	14	1	1	1007	2519.41	457.26	349.10	-319.68	825.3	14	1000080160	25	0
720	17	5	3	1	14	0	0	1001	1367.27	658.12	-36.80	809.63	199.3	13	1000080160	9	0
720	17	5	3	2	14	1	0	1002	653.38	-90.46	71.05	467.03	1117.2	14	1000180400	11	1
720	17	6	1	0	14	0	0	1001	917.38	17.05	-216.22	392.05	109.9	13	1000180400	10	0
720	17	19	2	0	14	1	1	1000	1277.18	163.01	-76.10	-436.45	802.1	14	1000200400	14	0
720	17	19	2	1	14	1	2	1092	1473.93	-20.88	155.48	261.27	410.0	14	1000180400	15	1
720	17	20	1	0	14	0	0	1001	354.11	210.95	124.42	-8.51	212.1	13	1000180400	9	0
720	17	22	1	0	14	0	1	1003	654.43	259.34	52.55	401.21	963.2	13	1000180400	35	0
720	17	24	2	0	14	1	1	1009	1344.54	-126.52	-154.46	401.03	1152.1	14	1000180400	13	1
720	17	24	2	1	14	0	0	1001	435.38	-25.73	-457.31	-172.53	642.3	13	1000080160	16	0
720	17	27	1	0	14	0	0	1001	432.85	-187.42	157.78	168.41	1581.1	13	1000180400	8	1
720	17	29	1	0	14	0	1	1005	1139.61	45.24	-54.33	-274.69	1113.1	13	1000080160	14	0
720	17	31	2	0	14	1	0	1002	688.73	298.84	-612.63	-265.77	1319.5	14	1000080160	9	0
720	17	31	2	1	14	0	0	1001	1287.29	-162.75	-88.24	478.66	699.5	13	1000180400	8	1
720	17	32	2	0	14	1	2	1092	4743.83	-157.18	-166.58	33.54	913.2	14	1000180400	16	1
720	17	32	2	1	14	0	0	1001	643.45	-245.56	-56.65	970.97	677.5	13	1000140280	8	0
720	17	34	1	0	14	0	0	1001	1372.73	-163.28	-23.30	430.02	1096.5	13	1000180400	16	1
720	17	38	1	0	14	1	0	1002	1722.94	-12.96	-89.47	20.79	1008.4	14	1000180400	12	1
720	17	43	2	0	14	0	10	1000	1319.17	-248.42	-13.96	23.17	743.3	13	1000180400	49	0
720	17	43	2	1	-14	0	0	1001	1013.20	147.55	-103.01	444.71	398.5	-13	1000180400	9	1
720	17	44	4	0	14	1	0	1002	232.07	-47.93	-133.17	497.52	1421.5	14	1000180400	9	1
720	17	44	4	1	14	0	1	1004	1010.79	-7.69	-34.81	997.15	491.2	13	1000140280	23	0
720	17	44	4	2	14	1	1	1008	1855.16	-80.89	-45.95	-490.90	781.5	14	1000130270	41	0
720	17	44	4	3	14	1	0	1002	381.58	403.13	-129.76	-312.49	352.9	14	1000080160	9	0
720	17	50	1	0	14	0	0	1001	1189.15	-71.85	56.72	535.79	1308.6	13	1000180400	10	0
719	0	4	1	0	14	1	0	1002	698.27	221.96	137.33	470.20	1308.6	14	1000180400	14	0
719	0	8	2	0	14	0	0	1001	466.56	243.43	-46.51	271.50	939.0	13	1000180400	10	0
719	0	8	2	1	14	1	0	1002	834.26	525.93	517.35	362.08	509.4	14	1000080160	9	0
719	0	9	2	0	14	0	0	1001	880.67	131.76	196.64	62.70	705.1	13	1000180400	8	1
719	0	9	2	1	14	0	0	1001	250.04	-376.54	85.38	120.77	404.7	13	1000240520	17	0
719	0	17	1	0	14	0	10	1000	974.64	36.42	125.14	342.99	752.6	13	1000180400	11	1
719	0	26	2	0	14	0	2	1091	473.41	190.61	-208.01	-369.99	143.6	13	1000200400	12	0
719	0	26	2	1	14	0	0	1001	912.10	-216.33	-24.05	59.54	118.1	13	1000180400	8	0
719	0	35	2	0	14	0	0	1001	2582.17	-220.03	-42.06	-399.97	312.6	13	1000080160	10	0
719	0	35	2	1	14	0	0	1001	869.89	-76.75	233.49	293.49	1166.8	13	1000180400	8	0
719	0	39	2	0	14	0	2	1091	5652.21	-68.63	-70.46	-797.49	697.2	13	1000080160	13	0
719	0	39	2	1	14	0	0	1001	228.00	473.67	-224.47	519.56	493.2	13	1000140280	31	0
719	0	41	2	0	14	1	1	1008	591.93	156.76	41.89	143.97	1219.3	14	1000180400	20	1
719	0	41	2	1	-14	0	10	1000	1214.59	341.75	100.98	-111.63	227.8	-13	1000240520	18	0
719	0	43	1	0	14	1	0	1002	665.72	-187.82	-32.38	59.10	818.5	14	1000180400	12	1
719	0	46	1	0	14	0	0	1001	178.40	-114.23	191.56	84.54	858.8	13	1000180400	10	1
719	0	48	1	0	14	0	1	1003	825.89	162.30	161.55	122.48	1484.2	13	1000180400	44	1
720	47	4	2	0	14	0	1	1003	1561.21	-42.33	61.76	-355.49	502.9	13	1000260560	22	0
720	47	4	2	1	14	0	0	1001	737.57	-69.41	44.33	487.24	664.5	13	1000180400	8	1
720	47	8	1	0	14	1	0	1002	1094.67	139.67	46.33	358.33	1153.3	14	1000180400	9	1
720	47	12	2	0	14	1	0	1002	496.54	93.31	157.14	102.90	498.5	14	1000180400	11	1
720	47	12	2	1	14	0	0	1001	1160.59	-482.57	167.20	-219.52	373.2	13	1000080160	9	0
720	47	13	1	0	14	0	0	1001	1359.03	152.96	-131.85	597.11	1445.4	13	1000180400	10	0
720	47	14	1	0	14	1	1	1009	1110.35	-17.57	73.61	72.03	911.6	14	1000180400	21	1
720	47	23	1	0	14	0	0	1001	882.31	-129.54	-98.71	528.30	305.3	13	1000180400	9	0
720	47	28	1	0	14	0	0	1001	1009.61	40.91	53.14	213.83	941.7	13	1000180400	10	1
720	47	32	2	0	14	1	0	1002	761.77	-387.50	302.58	-374.74	917.9	14	1000160320	9	0
720	47	32	2	1	14	0	0	1001	518.86	62.74	141.88	457.46	605.8	13	1000180400	9	1
720	47	36	1	0	14	0	2	1091	2451.94	-40.99	447.48	-303.70	657.8	13	1000080160	12	0
720	47	44	2	0	14	0	0	1001	1048.92	24.76	76.63	-311.80	961.2	13	1000140280	8	0
720	47	44	2	1	14	0	2	1091	1191.67	-462.38	-504.62	-402.40	218.6	13	1000080160	16	0
720	47	46	1	0	14	0	0	1001	986.58	-104.50	90.62	479.09	321.3	13	1000180400	9	1
715	94	1	2	0	14	0	1	1004	832.51	95.32	30.72	581.53	989.2	13	1000180400	29	0
715	94	1	2	1	14	0	0	1001	268.31	-705.14	-331.41	585.52	98.5	13	1000080160	8	0
715	94	7	2	0	14	0	10	1000	530.22	-77.70	-351.23	451.67	358.8	13	1000080160	15	0
715	94	7	2	1	14	0	0	1001	897.33	251.44	-109.73	75.15	1409.3	13	1000180400	9	0
715	94	8	4	0	14	1	0	1002	1846.82	5.43	175.23	1053.87	795.3	14	1000140280	11	0
715	94	8	4	1	14	0	0	1001	342.71	507.57	404.36	557.76	78.8	13	1000140280	8	0
715	94	8	4	2	14	0	0	1001	1261.60	-476.11	153.76	958.73	1170.6	13	1000080160	9	0
715	94	8	4	3	14	0	0	1001	871.06	-177.13	-413.96	150.62	426.1	13	1000200400	11	0
715	94	14	2	0	14	0	0	1001	1490.01	80.21	132.34	-443.48	1407.6	13	1000200400	9	0
715	94	14	2	1	14	0	0	1001	1131.64	188.18	-105.14	536.15	986.2	13	1000180400	9	0
715	94	15	2	0	14	0	0	1001	526.71	495.83	50.72	833.46	1054.6	13	1000080160	13	0
715	94	15	2	1	14	1	0	1002	348.88	-209.99	-466.94	967.04	529.1	14	1000140280	10	0
715	94	18	1	0	14	0	0	1001	498.77	-175.98	178.09	246.65	1202.5	13	1000180400	19	1
715	94	19	1	0	14	1	1	1008	704.81	-78.43	-166.63	295.60	1147.8	14	1000180400	13	1
715	94	20	2	0	14	0	0	1001	793.29	-230.59	-19.62	184.56	938.2	13	1000180400	10	0
715	94	20	2	1	14	0	0	1001	359.76	-539.20	-419.79	-205.22	601.3	13	1000080160	17	0
715	94	26	1	0	14	0	0	1001	576.14	-81.45	191.02	134.93	842.0	13	1000180400	9	1
715	94	27	1	0	14	0	1	1003	791.15	-207.78	-187.72	-287.67	336.3	13	1000080160	16	0
715	94	29	2	0	14	0	0	1001	231.34	572.38	-571.57	-324.52	1300.3	13	1000080160	14	0
715	94	29	2	1	14	0	0	1001	656.74	146.83	-76.18	-198.41	206.0	13	1000060120	8	0
715	94	32	1	0	14	0	0	1001	905.72	-198.23	188.74	-41.63	1460.0	13	1000180400	9	0
715	94	33	2	0	14	0	0	1001	979.37	-478.51	218.74	936.26	147.1	13	1000080160	8	0
715	94	33	2	1	14	0	0	1001	784.49	-23.92	-57.88	314.81	584.1	13	1000180400	25	1
715	94	35	1	0	14	0	1	1005	2323.40	213.61	-44.62	479.65	361.9	13	1000280590	12	0
715	94	36	3	0	14	0	1	1004	1074.37	21.42	-139.72	526.00	1232.7	13	1000180400	14	0
715	94	36	3	1	14	1	0	1002	651.32	553.02	-118.92	685.32	347.1	14	1000140280	14	0
715	94	36	3	2	14	0	2	1091	3873.39	-0.25	35.32	-559.09	192.4	13	1000140280	11	0
719	5	1	3	0	14	0	0	1001	425.76	90.09	-43.62	-422.51	443.2	13	1000110230	8	0
719	5	1	3	1	14	1	0	1002	143.50	663.95	-143.85	994.95	907.1	14	1000140280	23	0
719	5	1	3	2	14	1	0	1002	671.42	178.06	-213.55	348.45	1511.3	14	1000180400	12	0
719	5	3	1	0	14	0	1	1004	1472.61	-185.25	6.30	426.38	831.8	13	1000180400	11	1
719	5	15	1	0	14	0	1	1003	1105.80	-23.85	36.20	406.93	206.1	13	1000180400	29	1
719	5	16	2	0	14	0	0	1001	995.65	-482.60	-568.72	368.33	130.2	13	1000130270	8	0
719	5	16	2	1	-14	0	2	1091	1823.01	16.86	226.04	328.84	1284.2	-13	1000180400	16	0
719	5	18	2	0	14	0	0	1001	413.07	-94.82	71.54	285.30	70.9	13	1000180400	9	1
719	5	18	2	1	14	0	2	1091	4648.51	35.04	275.78	710.95	1010.7	13	1000080160	18	0
719	5	29	1	0	14	0	1	1003	986.33	-220.25	-96.51	404.03	1362.8	13	1000180400	42	0
719	5	31	2	0	14	0	0	1001	429.55	-529.39	-260.69	-324.94	1451.9	13	1000140280	8	0
719	5	31	2	1	14	0	0	1001	787.30	-197.29	100.80	188.39	180.4	13	1000180400	9	1
719	5	32	2	0	14	0	1	1004	2524.53	617.23	416.94	844.13	596.4	13	1000200400	14	0
719	5	32	2	1	14	1	0	1002	1007.49	7.92	-40.25	303.48	1584.1	14	1000180400	15	1
719	5	34	1	0	14	0	0	1001	1071.56	28.71	-140.88	-29.93	892.2	13	1000180400	37	0
719	5	36	2	0	14	0	0	1001	1932.74	-67.90	-86.90	403.35	1437.2	13	1000180400	10	1
719	5	36	2	1	14	1	0	1002	692.73	-270.18	172.47	-401.03	1108.7	14	1000200400	9	0
719	5	38	1	0	14	0	0	1001	447.17	70.55	-9.26	44.88	1256.3	13	1000180400	10	1
711	60	1	1	0	14	0	0	1001	1159.35	-320.11	213.35	207.13	409.4	13	1000070140	9	0
711	60	5	1	0	14	1	2	1092	5328.72	144.58	-44.70	308.83	694.9	14	1000180400	12	1
711	60	13	1	0	14	1	0	1002	810.19	47.34	-53.34	464.05	151.8	14	1000180400	10	1
711	60	16	1	0	14	0	0	1001	464.64	-162.69	141.22	633.60	1215.5	13	1000180400	23	0
711	60	19	2	0	14	0	2	1091	2496.22	-215.41	39.73	580.92	268.4	13	1000180400	19	0
711	60	19	2	1	14	0	0	1001	1000.37	257.67	-183.28	342.48	1093.0	13	1000180400	24	0
711	60	31	1	0	14	1	0	1002	541.63	73.95	177.35	-14.06	191.5	14	1000180400	10	0
711	60	34	1	0	14	0	0	1001	324.82	203.60	163.20	332.05	1265.0	13	1000180400	10	0
711	60	49	1	0	14	0	0	1001	1603.03	71.06	-110.45	-32.31	836.3	13	1000180400	9	0
711	60	50	2	0	14	0	0	1001	398.58	-178.51	-202.22	-401.64	1276.7	13	1000080160	9	0
711	60	50	2	1	14	0	2	1091	3025.83	-228.12	-91.59	-465.79	762.6	13	1000160320	16	0
715	60	1	3	0	14	0	1	1003	3116.44	-30.71	-24.49	-311.06	1090.8	13	1000140280	11	0
715	60	1	3	1	14	0	2	1091	2785.41	-559.86	272.57	365.27	1056.6	13	1000140280	17	0
715	60	1	3	2	14	0	2	1091	4459.31	-143.39	84.03	-351.71	542.3	13	1000140280	14	0
715	60	4	2	0	14	0	0	1001	1488.43	95.52	94.29	-461.88	1294.2	13	1000080160	9	0
715	60	4	2	1	14	1	10	1000	325.08	663.94	-692.14	426.02	1134.2	14	1000110230	14	0
715	60	6	1	0	-14	0	0	1001	451.57	-206.85	-121.01	260.98	88.3	-13	1000180400	9	0
715	60	12	1	0	14	0	2	1091	3200.51	109.00	110.60	614.19	840.4	13	1000180400	14	0
715	60	13	2	0	12	0	0	1001	451.68	278.35	97.71	-287.02	203.7	11	1000080160	9	0
715	60	13	2	1	14	0	0	1001	997.51	236.78	-259.16	359.75	90.7	13	1000180400	33	0
715	60	21	2	0	14	0	10	1000	1140.20	221.59	-178.66	381.07	1433.1	13	1000180400	12	0
715	60	21	2	1	14	0	0	1001	1261.56	-48.96	-83.51	-323.65	484.7	13	1000130270	11	0
715	60	25	2	0	14	0	0	1001	476.57	-55.90	68.15	587.52	288.1	13	1000180400	9	0
715	60	25	2	1	14	1	0	1002	383.58	433.65	-360.15	-397.10	1259.5	14	1000080160	23	0
715	60	26	2	0	14	0	1	1005	1193.54	-226.89	198.21	-11.04	59.1	13	1000180400	12	0
715	60	26	2	1	14	0	2	1091	2099.79	-531.60	-296.04	863.07	714.3	13	1000140280	14	0
715	60	29	4	0	14	1	1	1009	3784.43	-126.08	437.79	-1063.16	422.7	14	1000130270	33	0
715	60	29	4	1	14	0	0	1001	884.47	-501.46	326.08	774.34	863.7	13	1000080160	9	0
715	60	29	4	2	14	1	0	1002	2510.84	-349.34	-594.77	498.99	515.2	14	1000110230	12	0
715	60	29	4	3	14	1	0	1002	307.77	28.00	12.47	107.89	1011.7	14	1000180400	10	1
715	60	30	2	0	14	1	0	1002	205.41	-199.62	-520.94	462.78	1248.4	14	1000140280	9	0
715	60	30	2	1	14	0	0	1001	729.46	-257.87	89.83	-287.02	123.5	13	1000140280	14	0
715	60	35	3	0	-14	1	0	1002	1276.93	-675.35	507.68	-57.43	832.6	-14	1000200400	9	0
715	60	35	3	1	14	0	1	1003	858.59	-171.07	-46.00	398.74	1210.1	13	1000180400	12	1
715	60	35	3	2	14	1	1	1008	520.07	-7.56	-193.69	-499.32	572.2	14	1000080160	11	0
715	60	37	2	0	14	0	1	1003	973.34	645.65	-432.16	948.38	244.9	13	1000200400	19	0
715	60	37	2	1	14	0	2	1091	2708.13	432.29	-478.59	-150.80	205.7	13	1000080160	15	0
715	60	41	2	0	14	0	0	1001	274.75	464.06	-25.27	-271.04	960.7	13	1000140280	12	0
715	60	41	2	1	14	1	2	1092	1106.94	-131.56	-17.33	-6.11	250.0	14	1000180400	12	0
715	60	48	1	0	14	1	1	1008	597.74	-209.14	193.99	-306.94	767.8	14	1000080160	22	0
715	60	49	2	0	14	0	2	1091	3926.95	-123.04	-381.96	-381.01	85.4	13	1000130270	23	0
715	60	49	2	1	14	0	10	1000	976.78	-363.79	-80.70	-506.70	1520.2	13	1000200400	12	0
717	83	1	2	0	14	1	1	1007	1156.03	179.08	69.43	474.90	948.5	14	1000180400	11	1
717	83	1	2	1	14	0	0	1001	515.69	-270.07	188.41	605.49	1139.6	13	1000060120	9	0
717	83	4	3	0	14	0	0	1001	424.40	-656.47	258.28	-124.23	247.5	13	1000200400	8	0
717	83	4	3	1	14	0	0	1001	726.89	-82.28	-260.48	4.48	266.5	13	1000180400	12	0
717	83	4	3	2	14	1	1	1006	653.58	313.25	-386.81	-387.01	1410.2	14	1000080160	17	0
717	83	7	1	0	14	1	1	1006	1232.12	-159.51	-25.97	425.51	1097.2	14	1000180400	13	1
717	83	9	2	0	14	1	0	1002	268.67	-169.78	-120.11	999.27	1132.4	14	1000140280	19	0
717	83	9	2	1	14	0	1	1005	2559.18	249.21	266.05	-284.81	221.1	13	1000140280	11	0
717	83	13	3	0	14	0	0	1001	371.17	-473.76	-470.97	442.97	303.3	13	1000080160	9	0
717	83	13	3	1	14	0	0	1001	460.27	-402.25	-191.51	76.28	217.4	13	1000130270	8	0
717	83	13	3	2	14	0	1	1003	1161.39	-202.34	-216.09	532.36	474.8	13	1000180400	11	0
717	83	14	1	0	14	0	0	1001	615.81	-158.93	4.80	-12.29	1403.3	13	1000180400	9	0
717	83	16	1	0	14	1	0	1002	265.50	56.18	-14.69	429.81	549.4	14	1000180400	9	1
717	83	17	4	0	14	1	0	1002	565.18	6.57	-160.04	-493.33	668.6	14	1000080160	9	0
717	83	17	4	1	14	0	2	1091	2979.50	302.10	-92.68	1005.33	132.3	13	1000080160	17	0
717	83	17	4	2	14	0	0	1001	446.42	598.03	-424.47	70.53	118.8	13	1000140280	8	0
717	83	17	4	3	14	1	2	1092	2126.47	-30.09	66.04	34.72	1121.5	14	1000180400	11	1
717	83	20	2	0	14	0	0	1001	477.32	707.56	-141.99	580.46	136.1	13	1000140280	8	0
717	83	20	2	1	14	0	1	1003	538.37	-145.98	52.56	103.68	499.1	13	1000180400	12	1
717	83	21	3	0	14	1	0	1002	636.24	-107.22	-66.06	-490.88	1142.0	14	1000200400	9	0
717	83	21	3	1	14	0	10	1000	862.34	-76.88	1.53	529.20	569.7	13	1000180400	13	0
717	83	21	3	2	14	0	10	1000	636.74	-101.18	374.70	-283.53	980.4	13	1000080160	12	0
717	83	23	3	0	14	0	1	1003	975.71	56.15	-195.72	-275.25	522.3	13	1000140280	12	0
717	83	23	3	1	14	1	0	1002	485.61	430.49	-126.31	-466.25	1198.4	14	1000200400	26	0
717	83	23	3	2	14	0	10	1000	649.17	-334.77	-390.01	-281.14	1280.3	13	1000080160	18	0
717	83	24	2	0	14	1	2	1092	2828.35	-109.81	-105.21	92.81	329.1	14	1000180400	17	1
717	83	24	2	1	14	0	0	1001	508.89	-557.11	-192.22	-36.26	835.0	13	1000080160	8	0
717	83	27	3	0	14	0	1	1005	4305.79	570.48	-54.32	-55.03	987.2	13	1000160320	24	0
717	83	27	3	1	14	0	0	1001	562.68	159.44	25.54	316.63	184.0	13	1000180400	8	1
717	83	27	3	2	14	1	0	1002	1109.00	-156.23	-46.05	327.35	639.1	14	1000180400	12	1
717	83	32	1	0	14	0	10	1000	880.67	21.22	-84.52	-5.86	1157.1	13	1000180400	21	0
717	83	36	3	0	14	1	0	1002	297.52	-658.58	-311.34	-503.27	1369.5	14	1000120240	9	0
717	83	36	3	1	14	0	0	1001	365.87	-355.02	-433.04	-425.89	936.6	13	1000080160	10	0
717	83	36	3	2	14	0	2	1091	1524.46	-160.06	-154.96	12.90	117.4	13	1000180400	18	1
717	83	37	1	0	14	0	1	1000	2503.96	-362.55	132.47	-283.61	467.2	13	1000140280	15	0
717	83	38	4	0	14	0	1	1005	736.01	11.32	129.19	191.09	1280.0	13	1000180400	23	1
717	83	38	4	1	14	0	1	1005	684.94	76.27	-323.95	-330.19	1242.6	13	1000140280	12	0
717	83	38	4	2	14	0	2	1091	2393.37	637.94	-385.76	542.98	894.4	13	1000140280	16	0
717	83	38	4	3	14	0	0	1001	712.59	-393.99	-432.69	310.19	107.3	13	1000140280	8	0
717	83	40	2	0	14	0	10	1000	571.28	188.08	-665.08	36.01	513.8	13	1000080160	12	0
717	83	40	2	1	14	0	0	1001	1290.98	162.10	-25.30	216.71	1069.5	13	1000180400	26	1
717	83	45	1	0	14	1	0	1002	246.87	-54.75	83.51	169.04	369.8	14	1000180400	10	1
717	83	49	4	0	14	0	2	1091	2310.39	351.49	-583.84	-395.41	1335.4	13	1000140280	13	0
717	83	49	4	1	14	0	0	1001	1227.92	-192.46	48.87	436.24	1571.3	13	1000180400	8	1
717	83	49	4	2	14	0	1	1000	3966.21	-449.45	157.62	-380.50	1544.2	13	1000080160	16	0
717	83	49	4	3	14	0	0	1001	610.22	521.62	249.17	362.98	640.6	13	1000140280	9	0
713	86	4	1	0	14	0	2	1091	5793.70	-5.97	1.67	621.12	914.1	13	1000180400	23	0
713	86	6	1	0	14	0	1	1003	1136.99	-106.47	-0.59	-36.79	379.7	13	1000180400	14	0
713	86	15	3	0	14	1	0	1002	635.99	93.93	-220.97	311.56	1224.4	14	1000180400	9	0
713	86	15	3	1	14	0	10	1000	588.56	516.08	80.26	901.97	374.5	13	1000080160	15	0
713	86	15	3	2	14	0	0	1001	593.88	-39.21	-87.75	-377.83	464.9	13	1000200400	8	0
713	86	26	2	0	14	0	0	1001	559.18	132.52	-258.84	136.85	1239.5	13	1000180400	9	0
713	86	26	2	1	14	0	0	1001	820.93	-696.46	-381.27	-480.41	139.8	13	1000080160	21	0
713	86	31	1	0	14	1	2	1092	3406.21	-159.61	167.33	7.91	1290.3	14	1000180400	18	1
713	86	46	3	0	14	1	1	1008	1169.14	-131.45	-143.33	153.17	745.9	14	1000180400	13	1
713	86	46	3	1	14	1	2	1092	3417.64	-241.16	-414.16	-1006.97	707.2	14	1000140280	17	0
713	86	46	3	2	14	0	0	1001	581.70	-622.24	-579.15	-175.03	1016.9	13	1000080160	8	0
713	86	50	2	0	14	0	1	1005	1449.06	-25.37	-314.08	-415.35	406.3	13	1000140280	22	0
713	86	50	2	1	14	1	0	1002	552.06	44.78	-199.17	208.28	1182.5	14	1000180400	9	1
713	72	1	1	0	14	0	0	1001	1050.10	-188.86	-174.12	-329.44	1392.8	13	1000140280	8	0
713	72	2	1	0	14	1	0	1002	681.42	30.05	-112.62	187.09	1087.1	14	1000180400	9	1
713	72	6	1	0	14	0	0	1001	398.75	-230.14	162.04	357.70	1492.3	13	1000180400	10	0
713	72	7	1	0	12	0	1	1005	2835.67	-213.57	-87.14	417.22	489.3	11	1000260560	12	0
713	72	11	3	0	14	0	1	1004	1411.19	-186.75	-49.14	97.30	1200.8	13	1000180400	13	1
713	72	11	3	1	14	0	0	1001	510.41	-26.57	-230.73	63.32	421.4	13	1000180400	21	0
713	72	11	3	2	14	0	2	1091	6169.87	172.35	53.73	1038.93	474.8	13	1000080160	19	0
713	72	12	1	0	14	1	0	1002	902.83	-5.12	195.70	399.89	73.4	14	1000180400	13	1
713	72	13	1	0	14	1	0	1002	3257.13	28.77	49.11	297.81	827.1	14	1000180400	9	1
713	72	24	1	0	14	0	0	1001	778.03	-164.55	67.81	39.55	174.7	13	1000180400	8	1
713	72	25	1	0	14	0	1	1003	1058.30	-30.36	193.37	-319.49	1411.4	13	1000130270	13	0
713	72	32	1	0	14	0	1	1004	1005.40	-12.79	-33.54	134.32	405.8	13	1000180400	11	1
713	72	38	2	0	14	0	1	1003	741.07	527.27	86.49	135.03	955.4	13	1000080160	14	0
713	72	38	2	1	14	0	0	1001	554.87	-27.79	-144.89	-293.56	1091.7	13	1000140280	8	0
713	72	48	4	0	14	0	2	1091	4220.88	15.65	-148.80	-1048.55	553.4	13	1000080160	15	0
713	72	48	4	1	14	0	0	1001	1317.67	502.24	193.28	815.23	124.4	13	1000080160	9	0
713	72	48	4	2	14	1	0	1002	559.18	-24.14	152.23	148.67	274.6	14	1000180400	10	1
713	72	48	4	3	14	0	0	1001	485.68	243.99	45.12	561.43	306.9	13	1000180400	9	0
717	11	3	1	0	14	1	1	1009	1408.30	-54.52	49.69	311.31	1492.4	14	1000180400	14	1
717	11	8	2	0	14	1	10	1000	869.79	28.18	-181.54	527.67	1462.2	14	1000180400	12	0
717	11	8	2	1	14	0	2	1091	3366.39	-76.51	443.14	-628.85	889.0	13	1000130270	15	0
717	11	11	2	0	14	0	0	1001	675.44	-9.29	-170.60	959.76	1493.7	13	1000080160	9	0
717	11	11	2	1	14	1	1	1007	1274.76	70.04	133.83	338.38	222.8	14	1000180400	14	1
717	11	12	2	0	14	0	2	1091	4182.65	211.70	243.44	349.71	183.1	13	1000180400	23	0
717	11	12	2	1	14	0	1	1004	2658.32	-494.09	-10.42	796.70	293.3	13	1000140280	14	0
717	11	16	2	0	14	1	1	1009	1052.66	257.65	-87.48	515.14	947.5	14	1000180400	14	0
717	11	16	2	1	14	1	0	1002	779.99	-103.73	-425.27	196.85	234.1	14	1000080160	9	0
717	11	23	2	0	14	0	1	1003	819.52	-2.24	547.72	-446.49	349.6	13	1000140280	11	0
717	11	23	2	1	14	0	10	1000	687.94	-116.94	-54.54	416.26	1590.9	13	1000180400	11	1
717	11	25	3	0	14	0	1	1004	547.79	529.56	369.38	955.90	168.6	13	1000080160	11	0
717	11	25	3	1	14	0	1	1003	3311.22	-260.70	2.44	-832.67	164.5	13	1000080160	12	0
717	11	25	3	2	14	1	10	1000	601.01	132.53	-144.96	408.70	203.7	14	1000180400	11	1
717	11	27	3	0	14	0	0	1001	410.68	185.11	-417.28	-59.36	1005.1	13	1000080160	8	0
717	11	27	3	1	14	0	2	1091	2568.15	290.50	-493.59	402.02	1150.6	13	1000140280	13	0
717	11	27	3	2	14	0	0	1001	782.44	55.46	203.56	597.20	475.3	13	1000180400	8	0
717	11	36	1	0	14	0	0	1001	1744.96	-47.50	-118.60	-421.90	992.9	13	1000080160	9	0
717	11	38	3	0	14	1	2	1092	1682.31	-197.20	-26.15	378.58	581.7	14	1000180400	12	1
717	11	38	3	1	14	1	1	1009	2614.96	592.69	-665.02	495.24	1026.7	14	1000080160	12	0
717	11	38	3	2	14	0	0	1001	163.37	-560.97	533.43	364.07	564.3	13	1000080160	12	0
717	11	41	2	0	14	0	10	1000	714.15	-204.76	-558.18	-223.16	336.5	13	1000080160	18	0
717	11	41	2	1	14	1	10	1000	886.68	-55.84	-183.19	440.69	1514.0	14	1000180400	11	1
717	11	43	3	0	14	1	1	1008	923.52	-700.38	-82.67	743.12	236.2	14	1000200400	14	0
717	11	43	3	1	14	0	0	1001	657.79	192.76	-79.32	972.25	414.4	13	1000140280	8	0
717	11	43	3	2	14	0	1	1003	3261.84	477.58	-110.49	28.93	952.1	13	1000080160	18	0
720	59	1	1	0	14	0	0	1001	1074.03	-34.86	203.30	446.05	831.3	13	1000180400	9	0
720	59	3	1	0	14	1	1	1006	675.37	-402.94	117.62	-274.74	845.0	14	1000080160	19	0
720	59	5	2	0	14	0	0	1001	1199.22	47.39	195.65	1007.95	1420.8	13	1000140280	8	0
720	59	5	2	1	14	1	1	1006	1001.96	205.99	160.95	148.22	103.5	14	1000180400	12	0
720	59	6	3	0	14	0	2	1091	4732.23	-482.60	242.27	-652.89	796.8	13	1000080160	17	0
720	59	6	3	1	14	1	0	1002	691.97	0.43	197.96	349.35	1587.0	14	1000180400	15	1
720	59	6	3	2	14	0	0	1001	1062.16	-258.49	9.68	-447.48	139.2	13	1000080160	14	0
720	59	7	2	0	14	0	0	1001	1083.98	-219.62	-51.51	427.16	243.7	13	1000180400	17	0
720	59	7	2	1	14	1	0	1002	381.07	486.64	-212.83	389.05	472.4	14	1000080160	8	0
720	59	9	3	0	14	0	0	1001	845.40	-37.13	125.70	5.60	799.0	13	1000180400	9	1
720	59	9	3	1	14	1	0	1002	414.06	-670.00	-518.44	755.64	1010.6	14	1000110230	9	0
720	59	9	3	2	14	0	0	1001	562.53	-321.33	-286.05	-449.49	1410.3	13	1000140280	8	0
720	59	12	2	0	14	0	1	1003	782.76	114.86	-54.46	111.47	65.8	13	1000180400	13	1
720	59	12	2	1	14	0	10	1000	690.41	-99.61	525.34	-434.57	1219.1	13	1000200400	24	0
720	59	17	3	0	14	0	1	1003	708.82	302.03	-668.13	944.87	1076.1	13	1000140280	11	0
720	59	17	3	1	14	1	0	1002	826.42	159.64	166.12	21.35	1235.2	14	1000180400	12	1
720	59	17	3	2	14	1	0	1002	819.82	530.90	118.53	-191.64	1379.9	14	1000080160	17	0
720	59	19	1	0	14	0	1	1003	1472.82	-181.20	239.54	121.54	800.4	13	1000180400	12	0
720	59	21	1	0	14	0	1	1003	1231.22	-51.89	225.57	194.45	918.7	13	1000180400	12	0
720	59	26	1	0	14	0	0	1001	812.17	-224.71	-131.23	-15.77	610.3	13	1000180400	10	0
720	59	40	2	0	14	1	0	1002	279.04	-80.37	-463.10	-339.01	446.0	14	1000080160	10	0
720	59	40	2	1	14	0	1	1003	1171.95	-104.91	-200.02	205.87	726.9	13	1000180400	12	0
720	59	42	2	0	14	0	0	1001	3183.91	-272.92	-255.84	-892.36	294.2	13	1000080160	8	0
720	59	42	2	1	-14	1	10	1000	473.38	218.45	-45.22	166.42	215.1	-14	1000180400	27	0
720	59	49	1	0	-14	1	1	1015	1049.82	-18.80	72.18	25.00	100.6	-14	1000180400	23	1
714	97	2	2	0	14	0	1	1000	1631.45	-35.08	524.87	-285.62	958.4	13	1000140280	20	0
714	97	2	2	1	14	0	1	1005	1453.27	-448.22	-63.72	-417.99	1031.3	13	1000080160	19	0
714	97	3	2	0	14	0	1	1003	1411.25	128.37	-121.64	26.86	365.0	13	1000180400	16	1
714	97	3	2	1	14	1	1	1007	1096.52	-9.87	296.48	-298.16	654.6	14	1000140280	12	0
714	97	8	1	0	14	0	0	1001	1064.89	-147.18	-209.09	-274.29	1018.0	13	1000140280	22	0
714	97	9	2	0	14	0	10	1000	1597.52	44.53	192.51	261.64	562.8	13	1000180400	12	1
714	97	9	2	1	14	0	0	1001	700.95	449.93	-29.81	-285.07	766.6	13	1000080160	9	0
714	97	12	1	0	14	0	10	1000	382.73	32.16	-506.34	-17.53	1574.6	13	1000110230	11	0
714	97	14	1	0	14	1	0	1002	563.23	129.43	153.69	415.77	1496.3	14	1000180400	12	1
714	97	18	2	0	14	0	1	1003	2124.79	111.04	187.25	-367.03	103.8	13	1000200400	15	0
714	97	18	2	1	14	1	0	1002	236.40	195.94	-544.36	950.94	1436.2	14	1000110230	9	0
714	97	20	1	0	14	1	0	1002	618.53	-159.90	-457.95	534.44	191.3	14	1000140280	31	0
714	97	24	3	0	14	0	0	1001	1043.97	-50.54	-44.38	-3.01	1008.4	13	1000180400	13	0
714	97	24	3	1	14	1	2	1092	2935.28	-511.42	172.61	850.89	389.7	14	1000080160	18	0
714	97	24	3	2	14	0	10	1000	728.12	86.14	-611.47	218.27	766.2	13	1000110230	12	0
714	97	28	1	0	14	0	10	1000	604.56	140.80	-91.74	-276.77	146.1	13	1000080160	26	0
714	97	29	3	0	14	0	2	1091	4121.62	215.81	-72.41	146.88	1256.9	13	1000260560	18	0
714	97	29	3	1	14	0	0	1001	3684.83	32.88	-410.16	-1097.43	251.0	13	1000080160	9	0
714	97	29	3	2	14	0	0	1001	887.19	-545.80	40.15	767.78	142.9	13	1000140280	9	0
714	97	30	1	0	14	0	1	1003	2177.69	-516.91	-140.53	68.73	1083.2	13	1000080160	11	0
714	97	37	4	0	14	0	10	1000	633.21	-43.63	-84.30	316.79	334.4	13	1000180400	24	1
714	97	37	4	1	14	0	0	1001	1447.72	-229.30	86.82	975.52	605.6	13	1000140280	9	0
714	97	37	4	2	14	1	0	1002	729.90	-112.27	-235.14	-335.04	845.6	14	1000080160	10	0
714	97	37	4	3	14	0	0	1001	221.35	-121.02	-143.95	-282.74	334.1	13	1000080160	10	0
714	97	41	1	0	14	1	0	1002	492.58	-156.30	130.40	-5.94	421.2	14	1000180400	10	0
714	97	42	2	0	14	0	0	1001	1147.03	-661.00	-388.43	479.99	1516.5	13	1000080160	9	0
714	97	42	2	1	14	0	10	1000	777.39	176.19	-175.05	96.14	499.5	13	1000180400	21	1
714	97	43	1	0	14	0	0	1001	1046.96	146.13	-119.19	436.50	1155.5	13	1000180400	24	1
714	97	44	2	0	14	0	0	1001	1548.25	85.76	54.09	504.32	569.3	13	1000180400	24	0
714	97	44	2	1	14	1	1	1007	967.26	-96.07	-12.09	-444.22	1467.7	14	1000080160	12	0
714	97	45	3	0	14	0	2	1091	3679.53	214.47	246.38	-320.27	1336.2	13	1000200400	28	0
714	97	45	3	1	14	0	10	1000	452.90	-501.35	-182.39	754.20	445.2	13	1000080160	12	0
714	97	45	3	2	14	0	1	1003	701.27	27.11	-88.11	-499.23	1046.1	13	1000080160	14	0
714	97	49	2	0	14	0	1	1003	3540.95	-71.63	-152.72	-435.77	631.9	13	1000200400	14	0
714	97	49	2	1	12	0	0	1001	1510.35	-599.19	-182.98	-244.92	827.5	11	1000200400	9	0
712	6	2	2	0	14	0	10	1000	1435.42	63.54	-205.14	628.39	1332.1	13	1000180400	13	0
712	6	2	2	1	14	1	1	1008	1036.26	23.29	157.74	64.07	518.9	14	1000180400	13	1
712	6	4	4	0	14	0	0	1001	1154.79	250.94	-525.36	384.95	1568.3	13	1000110230	8	0
712	6	4	4	1	14	0	0	1001	536.20	-152.48	-548.95	836.70	942.2	13	1000080160	8	0
712	6	4	4	2	14	0	2	1091	4124.47	70.53	241.76	1371.57	844.0	13	1000080160	20	0
712	6	4	4	3	14	1	1	1008	947.37	44.39	-54.66	354.01	1170.3	14	1000180400	13	1
712	6	5	2	0	14	1	0	1002	378.69	-665.87	550.77	474.30	1193.6	14	1000140280	11	0
712	6	5	2	1	14	0	1	1003	1254.90	-120.63	-213.17	281.06	1148.5	13	1000180400	12	0
712	6	6	1	0	14	0	1	1004	1073.79	90.82	216.43	269.96	579.5	13	1000260560	13	0
712	6	8	2	0	14	0	0	1001	717.48	27.73	-118.70	182.89	860.0	13	1000180400	8	1
712	6	8	2	1	14	1	2	1092	2667.75	-512.11	-181.15	-233.11	1338.9	14	1000140280	16	0
712	6	13	2	0	14	0	0	1001	627.51	129.17	-380.28	-89.68	756.1	13	1000140280	9	0
712	6	13	2	1	14	1	0	1002	346.84	-202.27	148.32	505.02	192.8	14	1000180400	17	0
712	6	15	2	0	14	0	0	1001	800.17	0.39	-37.79	-322.97	1108.3	13	1000140280	8	0
712	6	15	2	1	14	0	1	1004	1371.28	69.09	-157.71	302.49	790.7	13	1000180400	13	1
712	6	16	2	0	14	1	0	1002	177.16	-641.87	-657.73	801.11	939.2	14	1000080160	11	0
712	6	16	2	1	14	0	0	1001	1106.14	4.73	-68.93	386.16	1154.1	13	1000180400	8	1
712	6	21	1	0	14	0	0	1001	1121.66	174.72	74.87	337.60	695.4	13	1000180400	10	1
712	6	27	1	0	14	0	1	1005	1618.87	-73.65	120.74	369.91	244.3	13	1000180400	12	1
712	6	29	1	0	14	1	0	1002	564.52	101.36	193.46	451.89	1078.5	14	1000180400	11	1
712	6	30	1	0	14	0	0	1001	2312.90	96.13	249.48	405.32	737.9	13	1000180400	13	0
712	6	31	3	0	14	0	10	1000	1333.45	19.67	-123.23	-348.21	124.7	13	1000140280	12	0
712	6	31	3	1	14	0	0	1001	385.77	-696.18	-215.23	870.88	960.6	13	1000190390	8	0
712	6	31	3	2	14	0	2	1091	3245.18	85.26	323.68	-967.19	1485.7	13	1000140280	20	0
712	6	32	2	0	14	0	1	1004	1002.83	-300.38	-159.34	245.12	312.3	13	1000060120	11	0
712	6	32	2	1	14	0	0	1001	908.11	-145.11	-248.22	45.89	1009.2	13	1000180400	10	0
712	6	33	3	0	12	0	0	1001	2013.59	-119.83	145.94	57.69	442.9	11	1000180400	10	1
712	6	33	3	1	14	0	0	1001	318.01	545.68	138.13	-187.36	1434.4	13	1000120240	8	0
712	6	33	3	2	14	1	0	1002	479.19	-535.31	-72.25	585.76	1083.4	14	1000140280	9	0
712	6	35	1	0	14	0	0	1001	753.48	215.69	-94.62	189.00	1009.6	13	1000180400	9	0
712	6	40	3	0	14	0	0	1001	808.81	-188.41	289.62	-427.90	1541.5	13	1000080160	9	0
712	6	40	3	1	14	0	0	1001	595.19	-86.62	130.52	189.83	218.7	13	1000180400	9	1
712	6	40	3	2	14	1	0	1002	360.26	630.93	244.54	249.88	1470.6	14	1000080160	10	0
714	73	1	2	0	14	0	0	1001	501.00	-554.07	-429.01	60.58	402.4	13	1000130270	8	0
714	73	1	2	1	14	0	0	1001	441.32	-177.09	-136.78	433.04	1210.4	13	1000180400	14	1
714	73	2	1	0	14	0	0	1001	411.56	-64.50	97.83	156.09	1580.0	13	1000180400	10	1
714	73	3	1	0	14	1	10	1000	963.39	-100.63	222.22	421.62	1549.8	14	1000260560	11	0
714	73	8	3	0	14	1	1	1006	1098.85	-585.74	-272.81	627.99	326.7	14	1000080160	12	0
714	73	8	3	1	14	0	0	1001	923.43	-64.41	-15.38	288.49	1224.5	13	1000180400	19	1
714	73	8	3	2	14	0	2	1091	2879.38	-70.49	451.75	-887.84	863.9	13	1000200400	11	0
714	73	17	1	0	14	0	0	1001	792.26	162.56	-180.06	408.31	1550.2	13	1000180400	10	1
714	73	20	1	0	14	1	0	1002	1326.22	-215.00	-271.01	-13.67	417.7	14	1000180400	12	0
714	73	26	3	0	14	0	0	1001	279.09	-607.15	-619.10	326.99	1284.6	13	1000140280	9	0
714	73	26	3	1	14	0	0	1001	941.49	2.76	-6.88	5.16	870.9	13	1000180400	10	1
714	73	26	3	2	14	0	2	1091	564.75	66.97	-160.82	-396.52	1428.7	13	1000140280	13	0
714	73	42	1	0	14	0	0	1001	1359.55	-55.85	12.91	227.51	636.2	13	1000180400	9	1
713	62	2	2	0	14	0	0	1001	570.50	-220.70	-255.51	-287.83	1244.1	13	1000260560	31	0
713	62	2	2	1	14	0	10	1000	819.95	143.30	-87.44	-402.17	1464.2	13	1000140280	11	0
713	62	6	1	0	14	0	0	1001	1173.06	137.50	23.45	79.76	365.6	13	1000180400	11	1
713	62	7	3	0	14	1	1	1008	1129.57	-174.02	15.80	-56.49	1117.4	14	1000180400	47	0
713	62	7	3	1	14	0	1	1003	1247.46	-159.27	-50.75	165.83	749.4	13	1000180400	21	1
713	62	7	3	2	-14	1	1	1013	890.90	547.65	229.40	-280.55	372.8	-14	1000200400	16	0
713	62	8	2	0	14	0	0	1001	524.64	588.67	541.64	284.96	1205.1	13	1000080160	10	0
713	62	8	2	1	14	0	0	1001	877.41	-155.11	-188.83	561.62	1216.1	13	1000180400	18	0
713	62	19	2	0	14	0	2	1091	3833.11	153.65	323.01	-175.57	337.6	13	1000260560	13	0
713	62	19	2	1	14	1	0	1002	244.78	678.07	-487.25	-455.77	1160.0	14	1000080160	12	0
713	62	22	1	0	14	0	2	1091	951.96	130.66	161.49	270.89	523.7	13	1000180400	16	1
713	62	23	1	0	14	0	0	1001	1141.92	-214.08	-18.38	200.88	597.5	13	1000180400	9	0
713	62	27	2	0	14	0	1	1005	2453.19	-480.90	-40.28	25.79	895.3	13	1000080160	14	0
713	62	27	2	1	14	0	0	1001	566.57	218.90	44.77	-331.37	1015.8	13	1000200400	23	0
713	62	31	2	0	14	1	0	1002	1605.14	-51.91	-219.16	449.06	1459.8	14	1000180400	11	0
713	62	31	2	1	14	0	10	1000	2036.19	348.44	179.81	116.94	424.3	13	1000260560	13	0
713	62	33	3	0	14	0	0	1001	387.52	173.26	-626.39	530.77	172.4	13	1000140280	8	0
713	62	33	3	1	14	0	2	1091	2115.34	-45.90	-116.80	211.11	672.2	13	1000180400	17	1
713	62	33	3	2	14	0	0	1001	1142.16	-103.40	276.44	987.26	717.6	13	1000140280	8	0
713	62	42	3	0	14	0	0	1001	766.11	199.00	-45.90	411.08	1569.8	13	1000180400	13	1
713	62	42	3	1	14	1	0	1002	313.45	-493.56	-316.25	673.90	800.4	14	1000080160	11	0
713	62	42	3	2	14	0	0	1001	517.78	599.87	-64.04	669.06	953.9	13	1000080160	9	0
713	62	44	2	0	14	1	0	1002	545.78	-145.83	-71.75	471.39	812.4	14	1000180400	10	1
713	62	44	2	1	14	1	0	1002	455.95	-453.96	-413.04	-212.80	1228.6	14	1000080160	9	0
713	62	46	2	0	14	0	0	1001	454.39	-634.06	192.61	353.86	982.2	13	1000200400	8	0
713	62	46	2	1	14	0	0	1001	831.61	194.64	-40.11	433.91	1360.7	13	1000180400	16	1
713	62	47	1	0	14	0	10	1000	1913.66	167.29	-116.84	305.07	1130.6	13	1000180400	11	1
713	62	48	1	0	14	1	0	1002	1086.40	-47.23	-26.31	290.73	979.3	14	1000180400	16	1
713	23	5	2	0	14	0	2	1091	2277.71	66.79	-4.66	156.86	1429.3	13	1000180400	15	1
713	23	5	2	1	14	0	1	1003	1044.46	-198.74	156.81	111.63	953.1	13	1000180400	11	1
713	23	10	3	0	14	0	1	1003	2200.45	-61.88	81.24	-611.85	1268.3	13	1000140280	12	0
713	23	10	3	1	14	0	2	1091	3839.25	-230.32	-318.35	1147.43	874.8	13	1000130270	13	0
713	23	10	3	2	14	1	0	1002	795.80	52.98	206.68	18.15	724.3	14	1000180400	11	0
713	23	11	1	0	14	0	1	1004	1064.20	-54.65	-56.06	91.42	1349.8	13	1000180400	13	1
713	23	13	1	0	14	0	0	1001	595.38	107.78	-207.16	305.64	1546.6	13	1000180400	9	0
713	23	19	1	0	14	1	1	1006	1571.60	-78.99	31.51	91.21	309.3	14	1000180400	17	1
713	23	21	3	0	14	1	0	1002	737.73	-5.46	236.17	232.16	1165.5	14	1000180400	22	0
713	23	21	3	1	14	1	0	1002	436.03	-187.11	-552.08	119.55	442.1	14	1000080160	9	0
713	23	21	3	2	14	0	0	1001	686.60	214.68	135.39	1.96	571.5	13	1000260560	9	0
713	23	24	1	0	14	0	1	1005	1188.41	56.16	15.25	128.66	121.0	13	1000180400	15	1
713	23	28	2	0	14	0	0	1001	481.87	-671.97	-15.83	270.58	297.0	13	1000200400	9	0
713	23	28	2	1	14	0	0	1001	1755.34	44.27	-0.33	-322.01	1432.2	13	1000080160	9	0
713	23	30	1	0	14	0	0	1001	1193.64	-60.92	96.15	157.62	742.9	13	1000180400	12	1
713	23	31	2	0	14	0	0	1001	326.99	157.64	-485.30	-494.28	972.0	13	1000080160	8	0
713	23	31	2	1	14	1	1	1006	618.13	75.00	14.72	55.71	1310.9	14	1000180400	12	1
713	23	33	3	0	14	0	0	1001	937.65	157.29	-207.62	-10.48	1100.9	13	1000180400	42	0
713	23	33	3	1	14	0	0	1001	726.05	-82.06	-260.08	-201.00	1095.3	13	1000060120	8	0
713	23	33	3	2	14	0	0	1001	352.12	-191.92	333.94	-434.32	540.4	13	1000200400	8	0
713	23	35	3	0	14	0	0	1001	359.57	-576.94	303.57	-343.82	749.2	13	1000080160	8	0
713	23	35	3	1	14	0	0	1001	1058.84	0.32	190.98	270.71	883.3	13	1000180400	8	1
713	23	35	3	2	14	0	0	1001	594.87	587.24	319.82	101.17	1463.9	13	1000110230	9	0
713	23	36	1	0	14	1	1	1006	1433.35	-244.81	-234.04	97.05	233.8	14	1000180400	12	0
713	23	38	2	0	14	0	0	1001	685.78	13.15	162.07	-283.77	561.4	13	1000080160	8	0
713	23	38	2	1	14	0	2	1091	2192.84	176.96	175.19	569.31	684.3	13	1000180400	17	0
713	23	40	2	0	14	0	0	1001	1851.19	249.95	-20.62	216.13	1034.6	13	1000180400	20	0
713	23	40	2	1	14	1	2	1092	1609.74	-15.86	-44.65	-46.57	417.3	14	1000180400	17	0
713	23	49	1	0	14	0	2	1091	1803.94	-67.43	-80.74	442.17	1231.0	13	1000180400	13	1
713	24	7	1	0	14	0	2	1091	2029.60	-140.54	52.86	102.96	1463.2	13	1000180400	13	1
713	24	12	2	0	14	0	0	1001	561.75	125.17	62.42	-350.30	618.4	13	1000200400	8	0
713	24	12	2	1	14	0	1	1005	1405.34	-555.04	-274.45	-492.05	479.4	13	1000080160	12	0
713	24	14	1	0	14	0	0	1001	1118.89	-35.06	-74.32	267.07	333.9	13	1000180400	9	1
713	24	18	1	0	14	1	1	1008	881.40	-115.14	141.00	487.16	151.2	14	1000180400	16	1
713	24	20	1	0	14	0	0	1001	736.94	-30.16	112.41	-296.59	1014.9	13	1000080160	14	0
713	24	23	2	0	14	1	1	1008	965.06	-167.06	229.55	165.22	706.9	14	1000180400	11	0
713	24	23	2	1	14	0	2	1091	2228.01	-479.58	83.92	60.61	1197.1	13	1000080160	15	0
713	24	25	2	0	14	0	2	1091	3291.21	372.05	370.61	-343.97	162.5	13	1000130270	17	0
713	24	25	2	1	14	1	1	1006	713.56	-52.62	-9.16	165.85	1259.8	14	1000180400	11	1
713	24	31	1	0	14	0	0	1001	901.83	200.12	36.15	244.50	259.6	13	1000180400	9	0
713	24	32	1	0	14	0	1	1000	5723.03	-142.90	-141.29	-300.81	1507.1	13	1000080160	17	0
713	24	34	2	0	14	0	0	1001	587.15	623.89	180.02	300.51	1150.9	13	1000130270	9	0
713	24	34	2	1	14	1	1	1009	979.32	-193.25	45.37	433.00	1099.2	14	1000180400	25	1
713	24	37	3	0	14	0	1	1004	3289.47	682.43	-121.58	444.69	1153.2	13	1000140280	12	0
713	24	37	3	1	14	0	1	1003	1071.65	-482.65	-400.31	460.61	1438.0	13	1000130270	14	0
713	24	37	3	2	14	0	10	1000	881.79	-123.09	-62.55	163.31	1222.0	13	1000180400	11	1
713	24	39	1	0	14	0	1	1003	774.43	199.14	241.95	219.21	577.6	13	1000180400	12	0
713	24	40	1	0	14	0	1	1004	663.85	165.85	189.76	114.31	1313.7	13	1000180400	13	1
713	24	42	1	0	14	0	1	1003	803.03	-157.73	23.96	46.25	932.7	13	1000180400	17	1
713	24	43	1	0	14	0	0	1001	602.44	-171.05	-13.93	310.26	717.3	13	1000180400	10	1
713	24	45	2	0	14	0	10	1000	804.35	22.42	193.76	-421.57	747.2	13	1000080160	11	0
713	24	45	2	1	14	0	2	1091	4015.01	-237.63	-0.41	-379.94	861.4	13	1000200400	15	0
713	54	4	2	0	14	0	0	1001	303.68	116.33	-56.14	112.72	745.0	13	1000180400	8	1
713	54	4	2	1	14	1	0	1002	336.78	-229.10	-472.65	-457.84	461.5	14	1000140280	9	0
713	54	5	2	0	14	1	0	1002	872.54	-214.12	189.18	412.08	851.2	14	1000180400	12	0
713	54	5	2	1	14	1	0	1002	943.79	-503.54	57.54	250.81	1089.8	14	1000140280	18	0
713	54	7	1	0	14	1	0	1002	948.70	-34.28	-50.61	279.42	257.5	14	1000180400	10	1
713	54	9	1	0	14	0	0	1001	545.57	140.74	150.37	584.15	1027.4	13	1000180400	38	0
713	54	10	2	0	14	0	1	1003	521.09	-256.23	59.21	151.57	1257.5	13	1000180400	24	0
713	54	10	2	1	14	1	0	1002	455.43	-543.37	-478.51	-63.49	550.8	14	1000080160	16	0
713	54	12	2	0	14	0	10	1000	535.41	-479.59	5.62	-411.15	385.5	13	1000200400	11	0
713	54	12	2	1	14	0	1	1003	1658.40	-198.12	81.38	-304.11	1565.7	13	1000080160	14	0
713	54	13	2	0	14	0	10	1000	504.01	112.59	-143.54	97.96	1349.6	13	1000180400	18	1
713	54	13	2	1	14	1	0	1002	849.31	150.65	39.26	78.32	176.5	14	1000180400	9	1
713	54	14	2	0	14	0	0	1001	477.02	-474.02	-617.42	99.18	935.0	13	1000080160	10	0
713	54	14	2	1	14	1	0	1002	247.87	-146.22	101.58	375.37	1453.2	14	1000180400	10	1
713	54	18	1	0	14	0	0	1001	2610.84	-23.26	-42.00	-374.11	503.8	13	1000080160	19	0
713	54	20	2	0	14	0	0	1001	326.83	-501.77	166.09	502.41	512.9	13	1000080160	8	0
713	54	20	2	1	14	0	1	1004	991.58	-141.19	82.57	-26.12	285.7	13	1000180400	11	0
713	54	23	2	0	14	0	0	1001	964.15	-126.16	161.87	118.48	745.1	13	1000180400	9	1
713	54	23	2	1	14	1	2	1092	6320.26	102.16	-202.14	-861.27	542.6	14	1000080160	14	0
713	54	29	4	0	14	0	1	1003	610.81	-134.44	15.29	-483.33	1331.4	13	1000080160	12	0
713	54	29	4	1	14	1	0	1002	615.61	-631.96	500.42	-493.77	1503.3	14	1000080160	16	0
713	54	29	4	2	14	0	0	1001	672.61	-58.34	178.45	192.00	368.3	13	1000180400	17	1
713	54	29	4	3	14	0	1	1003	707.93	-38.64	-644.79	249.30	939.8	13	1000080160	12	0
713	54	31	2	0	14	0	0	1001	928.33	178.23	-482.89	619.20	498.0	13	1000140280	8	0
713	54	31	2	1	14	0	0	1001	680.12	157.03	-42.63	179.20	1204.1	13	1000180400	9	1
713	54	32	1	0	14	0	0	1001	726.63	-22.77	53.67	-13.48	682.8	13	1000180400	10	0
713	54	35	2	0	14	0	1	1004	1657.09	-172.66	-195.60	-281.94	523.9	13	1000140280	13	0
713	54	35	2	1	14	0	10	1000	1256.47	-554.69	-368.32	88.87	746.3	13	1000200400	30	0
713	54	36	1	0	14	1	2	1092	651.88	88.97	-156.39	450.23	663.9	14	1000180400	12	1
713	54	40	3	0	14	1	0	1002	1141.73	10.76	-258.25	-274.61	1449.7	14	1000140280	10	0
713	54	40	3	1	14	1	1	1008	863.19	-75.13	212.19	212.16	598.5	14	1000180400	13	0
713	54	40	3	2	14	0	0	1001	803.68	-596.50	321.64	913.76	450.9	13	1000080160	8	0
713	54	47	2	0	14	0	0	1001	1165.80	43.71	-533.87	356.65	677.7	13	1000110230	8	0
713	54	47	2	1	14	0	10	1000	438.00	55.14	-423.34	124.71	954.0	13	1000080160	12	0
713	54	49	1	0	14	1	0	1002	2879.04	-14.39	-192.85	425.90	169.1	14	1000180400	11	1
713	54	50	1	0	14	0	1	1003	1252.85	58.81	-5.63	225.13	767.5	13	1000180400	21	1
713	75	2	4	0	14	0	1	1003	665.46	-427.27	-449.75	356.88	1057.0	13	1000140280	12	0
713	75	2	4	1	14	0	10	1000	689.03	-185.46	-317.11	-438.67	537.1	13	1000200400	12	0
713	75	2	4	2	14	0	1	1004	3373.60	-451.03	-605.38	-710.51	547.8	13	1000080160	12	0
713	75	2	4	3	14	0	1	1003	1347.75	-28.54	85.30	553.75	1293.1	13	1000180400	13	0
713	75	5	1	0	14	1	10	1000	416.06	29.46	165.71	60.04	1274.4	14	1000180400	11	1
713	75	6	3	0	14	0	0	1001	378.97	-364.66	-486.48	269.70	751.8	13	1000140280	8	0
713	75	6	3	1	14	0	0	1001	665.16	123.21	-0.06	-379.60	674.2	13	1000140280	8	0
713	75	6	3	2	14	0	1	1003	970.06	-219.15	24.65	302.41	828.5	13	1000180400	12	0
713	75	11	3	0	14	0	0	1001	851.91	-340.10	342.28	102.68	822.2	13	1000280590	18	0
713	75	11	3	1	14	0	0	1001	685.52	-29.88	-402.33	-94.34	513.5	13	1000130270	8	0
713	75	11	3	2	14	1	0	1002	323.19	-706.24	-595.19	-122.56	342.0	14	1000140280	11	0
713	75	16	2	0	14	1	0	1002	878.97	-590.30	51.39	565.52	668.2	14	1000080160	10	0
713	75	16	2	1	14	0	10	1000	709.62	118.00	-18.70	-174.50	1569.4	13	1000260560	25	0
713	75	19	2	0	14	0	2	1091	4942.85	-142.23	-329.25	511.79	874.1	13	1000010010	10	0
713	75	19	2	1	14	1	0	1002	890.69	-193.93	-239.73	49.93	703.7	14	1000180400	12	0
713	75	24	2	0	14	1	1	1009	3071.58	-58.04	246.22	241.36	559.5	14	1000180400	11	0
713	75	24	2	1	14	0	10	1000	588.07	3.02	-46.59	90.77	233.7	13	1000180400	12	1
713	75	27	2	0	14	1	0	1002	321.19	-549.72	-123.78	81.86	1102.6	14	1000120240	9	0
713	75	27	2	1	14	1	0	1002	1157.50	-179.13	-55.86	176.29	615.4	14	1000180400	12	1
713	75	29	3	0	14	1	1	1008	1982.94	-135.08	-320.38	-311.09	1336.6	14	1000080160	11	0
713	75	29	3	1	14	1	0	1002	639.85	-346.63	325.70	309.61	1451.7	14	1000240520	12	0
713	75	29	3	2	14	0	0	1001	711.12	-681.88	148.45	736.88	1222.3	13	1000080160	9	0
713	75	33	1	0	14	0	1	1000	5685.73	-102.61	37.43	463.69	1494.3	13	1000180400	19	1
713	75	37	2	0	14	0	1	1004	1105.03	-44.25	81.17	370.73	1056.4	13	1000180400	12	1
713	75	37	2	1	14	0	0	1001	315.95	-709.28	-467.16	-7.78	608.7	13	1000140280	8	0
713	75	46	1	0	14	0	10	1000	1332.89	52.09	-30.76	-306.40	314.2	13	1000140280	29	0
715	76	4	1	0	14	1	2	1092	574.57	-71.37	126.43	380.69	718.9	14	1000180400	11	1
715	76	15	3	0	14	0	0	1001	451.08	-236.47	89.87	29.33	780.3	13	1000180400	10	0
715	76	15	3	1	14	0	1	1003	770.23	-602.21	86.39	-261.64	88.8	13	1000200400	12	0
715	76	15	3	2	14	1	0	1002	467.25	228.08	225.27	-49.02	872.0	14	1000180400	10	0
715	76	16	3	0	14	0	0	1001	729.54	-117.45	371.49	735.87	1334.3	13	1000240520	9	0
715	76	16	3	1	14	0	0	1001	1265.50	20.08	-34.59	128.61	196.2	13	1000180400	8	1
715	76	16	3	2	14	1	3	1096	586.26	223.63	127.39	593.36	1252.9	14	1000180400	5	0
715	76	27	1	0	14	0	1	1004	992.62	94.59	-1.93	-376.70	217.2	13	1000080160	13	0
715	76	29	1	0	14	0	0	1001	974.13	97.02	39.74	203.53	368.1	13	1000180400	20	1
715	76	35	2	0	14	1	1	1008	1058.74	-708.50	262.58	-254.32	1056.1	14	1000080160	17	0
715	76	35	2	1	14	0	0	1001	1878.43	-250.37	-48.52	15.09	988.0	13	1000180400	9	0
715	76	40	2	0	14	0	0	1001	294.88	-114.00	-626.54	800.74	502.4	13	1000080160	8	0
715	76	40	2	1	14	0	1	1003	1646.07	65.27	324.48	-389.05	521.0	13	1000120240	12	0
715	76	42	1	0	14	0	0	1001	860.98	51.39	-15.83	436.34	1476.1	13	1000180400	9	1
715	76	45	1	0	14	0	2	1091	1201.97	-125.30	-65.42	336.94	393.5	13	1000180400	19	1
715	76	47	1	0	14	0	2	1091	4017.15	-26.61	36.36	-407.21	615.2	13	1000080160	15	0
715	76	50	1	0	14	1	0	1002	703.13	-20.44	-103.80	-286.87	1110.3	14	1000140280	9	0
713	21	9	3	0	14	0	1	1003	486.42	-618.37	170.74	846.90	1169.5	13	1000200400	13	0
713	21	9	3	1	14	0	0	1001	1077.62	-114.04	36.03	-363.19	482.1	13	1000140280	9	0
713	21	9	3	2	14	1	0	1002	1018.78	-39.45	234.40	173.65	1049.2	14	1000180400	15	0
713	21	12	1	0	14	0	0	1001	789.68	-45.86	284.40	-318.15	654.6	13	1000140280	8	0
713	21	13	1	0	14	1	1	1006	878.51	203.17	-51.82	264.64	599.0	14	1000180400	12	0
713	21	14	1	0	14	0	0	1001	760.11	34.29	151.72	526.71	569.8	13	1000180400	9	0
713	21	23	2	0	14	1	0	1002	482.48	330.62	-484.41	508.88	1231.5	14	1000080160	9	0
713	21	23	2	1	14	1	2	1092	1642.41	-89.59	99.71	505.39	834.6	14	1000180400	11	0
713	21	25	1	0	14	0	1	1003	2687.29	463.05	-19.23	-708.46	338.1	13	1000080160	13	0
713	21	28	3	0	14	0	10	1000	1473.86	-179.37	383.48	-400.17	407.2	13	1000140280	12	0
713	21	28	3	1	14	0	2	1091	1250.97	525.33	341.52	-121.74	1458.2	13	1000140280	15	0
713	21	28	3	2	14	1	1	1009	537.78	196.77	-194.70	261.58	240.0	14	1000180400	15	1
713	21	37	1	0	14	1	1	1000	2159.59	-173.59	-91.14	313.84	183.7	14	1000180400	21	1
713	21	46	1	0	14	0	0	1001	1390.94	-5.62	-82.84	-455.42	575.9	13	1000140280	8	0
713	33	7	1	0	14	0	2	1091	4491.66	173.87	64.78	-396.24	1070.4	13	1000160320	13	0
713	33	8	1	0	14	0	1	1005	1297.71	-27.60	107.94	590.96	892.1	13	1000180400	28	0
713	33	9	1	0	14	0	1	1003	1440.54	-201.48	-123.88	123.02	1181.1	13	1000180400	37	0
713	33	13	2	0	14	1	2	1092	1255.54	76.18	107.16	325.06	1378.1	14	1000180400	15	1
713	33	13	2	1	14	0	0	1001	200.42	560.05	-642.29	-246.71	90.9	13	1000080160	9	0
713	33	18	2	0	14	0	0	1001	498.58	-189.42	204.32	309.59	1414.9	13	1000180400	14	0
713	33	18	2	1	14	0	10	1000	495.39	621.12	-247.95	476.41	209.5	13	1000080160	12	0
713	33	29	2	0	14	0	0	1001	909.43	-171.35	-120.10	392.60	566.8	13	1000180400	10	1
713	33	29	2	1	14	0	10	1000	861.19	519.22	373.84	359.21	376.8	13	1000140280	21	0
713	33	31	3	0	14	1	0	1002	697.67	-441.68	141.43	-473.78	820.4	14	1000200400	11	0
713	33	31	3	1	14	1	1	1008	540.89	-149.50	-196.48	62.12	592.9	14	1000180400	13	1
713	33	31	3	2	14	1	0	1002	253.38	-88.28	471.23	-286.44	563.9	14	1000080160	12	0
713	33	32	1	0	14	0	0	1001	965.77	-15.90	74.47	-310.94	1317.5	13	1000140280	9	0
713	33	39	5	0	14	0	1	1004	737.02	-82.52	-132.95	-345.16	994.1	13	1000120240	11	0
713	33	39	5	1	14	1	0	1002	656.08	439.28	-55.29	-383.85	160.8	14	1000140280	15	0
713	33	39	5	2	14	0	0	1001	2068.47	-143.70	60.28	176.11	1201.1	13	1000180400	26	1
713	33	39	5	3	14	0	0	1001	410.77	642.20	47.74	-348.60	427.9	13	1000200400	9	0
713	33	39	5	4	14	0	0	1001	627.62	-303.01	-513.92	-141.50	888.5	13	1000140280	24	0
713	33	43	2	0	14	0	0	1001	2378.61	158.00	-214.09	135.12	79.4	13	1000180400	8	0
713	33	43	2	1	14	1	0	1002	798.02	29.24	-482.28	295.37	1091.3	14	1000080160	9	0
713	33	49	2	0	14	0	0	1001	808.62	195.28	226.30	134.32	1371.3	13	1000180400	9	0
713	33	49	2	1	14	0	0	1001	809.04	58.80	128.95	274.71	1147.6	13	1000180400	8	1
720	46	1	2	0	14	1	1	1007	3499.72	375.07	-148.43	-798.53	865.5	14	1000200400	11	0
720	46	1	2	1	14	0	1	1000	2143.98	257.56	86.65	344.37	338.0	13	1000180400	29	0
720	46	3	1	0	14	0	1	1003	912.50	24.96	6.18	432.76	1210.1	13	1000180400	16	1
720	46	4	3	0	14	0	10	1000	536.93	-62.71	-99.08	124.83	404.3	13	1000180400	11	1
720	46	4	3	1	14	0	10	1000	335.70	84.81	-301.25	962.94	1095.1	13	1000140280	21	0
720	46	4	3	2	14	0	0	1001	457.17	-164.99	-614.91	265.98	334.4	13	1000260560	9	0
720	46	5	1	0	14	0	10	1000	931.39	39.57	64.08	314.20	70.5	13	1000180400	11	1
720	46	6	2	0	14	1	2	1092	784.23	-572.18	-75.25	224.06	825.0	14	1000080160	17	0
720	46	6	2	1	14	0	0	1001	980.08	18.76	-156.71	-369.44	841.8	13	1000140280	12	0
720	46	17	1	0	14	0	1	1003	1243.07	-117.06	213.77	-428.88	707.4	13	1000080160	19	0
720	46	18	1	0	14	0	10	1000	552.41	-216.13	143.66	121.54	857.1	13	1000180400	20	0
720	46	21	2	0	14	0	0	1001	350.06	-318.66	-449.36	-143.20	680.4	13	1000140280	12	0
720	46	21	2	1	14	0	0	1001	329.35	-671.86	138.80	86.73	989.3	13	1000080160	9	0
720	46	23	3	0	14	0	10	1000	1398.62	-25.36	-99.48	-200.61	565.4	13	1000060120	15	0
720	46	23	3	1	14	0	1	1004	3753.23	630.82	-431.09	1349.69	427.2	13	1000140280	38	0
720	46	23	3	2	14	0	2	1091	1715.76	-249.74	-62.43	91.19	212.7	13	1000180400	15	0
720	46	28	2	0	14	1	0	1002	257.54	-614.44	-274.19	-71.30	738.6	14	1000200400	10	0
720	46	28	2	1	14	0	0	1001	406.34	75.79	190.49	516.64	437.2	13	1000180400	10	0
720	46	32	3	0	14	1	0	1002	593.77	464.29	-573.34	237.85	391.1	14	1000080160	12	0
720	46	32	3	1	14	1	1	1008	1066.93	-511.94	114.29	442.34	1248.2	14	1000080160	12	0
720	46	32	3	2	14	0	0	1001	523.28	-92.74	-204.81	14.23	763.7	13	1000180400	10	0
720	46	33	2	0	14	0	1	1003	2044.97	504.31	-26.69	400.66	1419.2	13	1000080160	12	0
720	46	33	2	1	14	0	0	1001	774.30	138.78	-270.95	-387.82	936.9	13	1000080160	10	0
720	46	37	3	0	14	0	0	1001	486.75	-673.73	531.44	971.86	753.8	13	1000220480	9	0
720	46	37	3	1	14	0	1	1003	768.76	175.88	-163.14	453.93	1249.3	13	1000180400	12	1
720	46	37	3	2	14	0	0	1001	382.74	-340.79	11.01	551.11	967.6	13	1000260560	23	0
720	46	38	2	0	14	0	1	1005	1135.53	-94.41	189.33	497.71	912.7	13	1000180400	11	1
720	46	38	2	1	14	0	0	1001	310.82	-697.64	-135.73	935.71	1151.9	13	1000080160	9	0
720	46	42	1	0	14	0	1	1003	1031.74	-142.02	-159.66	-139.81	340.0	13	1000260560	15	0
720	46	46	2	0	14	0	0	1001	726.87	116.37	-368.15	126.96	1503.4	13	1000260560	8	0
720	46	46	2	1	14	1	0	1002	1347.49	-88.50	78.37	-41.96	342.1	14	1000180400	11	0
720	46	49	2	0	14	0	1	1000	2192.05	31.34	30.98	308.39	1241.5	13	1000180400	13	1
720	46	49	2	1	14	0	1	1003	679.25	491.84	293.27	855.73	656.2	13	1000140280	22	0
720	46	50	2	0	14	0	1	1003	476.80	-196.21	-682.71	-427.31	879.4	13	1000110230	11	0
720	46	50	2	1	14	1	2	1092	1037.78	75.80	-206.15	509.36	550.0	14	1000180400	19	0
720	64	3	2	0	14	0	0	1001	239.12	-497.88	-378.81	-71.55	552.1	13	1000080160	18	0
720	64	3	2	1	14	0	0	1001	443.07	173.53	-91.30	444.24	1267.5	13	1000180400	17	1
720	64	4	3	0	14	1	1	1008	971.70	-509.26	327.62	-136.48	54.7	14	1000080160	15	0
720	64	4	3	1	14	0	0	1001	745.14	-197.35	-31.93	266.79	978.4	13	1000180400	26	1
720	64	4	3	2	14	0	1	1004	567.06	-520.41	-301.29	451.07	1475.9	13	1000080160	13	0
720	64	5	1	0	14	0	1	1000	2166.86	-181.06	-395.16	-268.17	164.2	13	1000140280	13	0
720	64	6	1	0	14	0	0	1001	605.63	-181.94	-91.25	23.36	1081.2	13	1000180400	8	1
720	64	16	2	0	14	0	1	1003	1716.93	-56.43	-148.98	497.12	644.8	13	1000180400	41	1
720	64	16	2	1	14	0	0	1001	425.71	583.82	469.34	98.67	1124.2	13	1000080160	9	0
720	64	18	1	0	14	0	10	1000	1106.59	-35.01	8.60	-321.04	1471.6	13	1000080160	11	0
720	64	21	3	0	14	0	0	1001	810.37	-107.90	-96.77	136.02	1428.9	13	1000180400	10	1
720	64	21	3	1	14	1	0	1002	514.54	109.73	-438.56	250.16	276.4	14	1000080160	11	0
720	64	21	3	2	14	0	1	1003	2496.50	-429.86	-667.84	-422.24	1522.4	13	1000140280	12	0
720	64	28	2	0	14	0	1	1004	2010.28	-115.79	-74.29	434.23	1533.0	13	1000180400	14	1
720	64	28	2	1	14	0	1	1003	2021.72	-530.63	-156.61	233.31	88.0	13	1000080160	14	0
720	64	30	2	0	-14	0	1	1000	838.09	507.49	493.12	401.62	1361.7	-13	1000080160	11	0
720	64	30	2	1	14	0	2	1091	3356.58	-163.90	83.77	-351.98	1185.9	13	1000200400	14	0
720	64	32	2	0	14	0	0	1001	352.78	50.13	-495.82	-28.52	946.9	13	1000140280	8	0
720	64	32	2	1	14	1	2	1092	2577.12	-491.55	-388.19	56.43	630.3	14	1000140280	17	0
720	64	40	2	0	14	0	1	1003	658.56	162.99	79.40	123.89	1028.4	13	1000180400	11	1
720	64	40	2	1	14	0	10	1000	1632.65	143.80	55.84	-396.39	842.3	13	1000080160	11	0
720	64	41	2	0	14	0	10	1000	1037.40	-136.74	-55.67	227.14	1053.1	13	1000180400	11	1
720	64	41	2	1	14	0	0	1001	493.56	517.16	-106.21	103.60	1275.8	13	1000140280	13	0
720	64	42	1	0	-14	0	1	1000	1595.19	-123.38	107.23	373.78	376.6	-13	1000180400	12	1
720	64	47	2	0	14	0	0	1001	1142.83	141.14	124.31	-306.47	787.5	13	1000080160	9	0
720	64	47	2	1	14	0	0	1001	912.97	4.17	185.32	-403.38	386.6	13	1000140280	8	0
720	64	48	3	0	14	0	10	1000	805.49	79.07	-14.45	535.62	740.0	13	1000180400	28	0
720	64	48	3	1	14	0	10	1000	3460.07	-129.39	-0.24	-275.24	1149.9	13	1000140280	11	0
720	64	48	3	2	14	1	0	1002	579.42	564.16	135.38	933.44	718.4	14	1000080160	10	0
712	25	5	1	0	14	1	1	1007	755.36	-129.27	165.60	44.20	894.6	14	1000180400	12	1
712	25	6	2	0	14	0	0	1001	470.02	268.71	-315.46	-481.06	1026.4	13	1000200400	8	0
712	25	6	2	1	14	0	2	1091	3562.01	-44.87	-34.01	588.49	931.9	13	1000180400	13	0
712	25	7	2	0	14	1	1	1007	1145.34	-137.28	119.97	172.31	1564.0	14	1000180400	30	1
712	25	7	2	1	14	0	1	1003	2076.90	27.34	154.52	610.65	590.3	13	1000180400	11	0
712	25	8	2	0	14	0	2	1091	3875.88	-63.32	-253.76	-36.34	777.8	13	1000180400	14	0
712	25	8	2	1	14	1	0	1002	1916.39	-208.04	-44.59	111.94	1333.7	14	1000180400	10	0
712	25	10	1	0	14	1	0	1002	339.38	-187.04	-60.99	338.16	659.7	14	1000180400	11	1
712	25	11	2	0	14	0	10	1000	1072.00	-193.01	49.93	-39.43	1553.0	13	1000180400	12	0
712	25	11	2	1	14	1	1	1009	803.29	126.33	-159.11	192.03	598.0	14	1000180400	15	1
712	25	15	2	0	-14	1	0	1002	938.77	-404.73	-120.39	-343.62	1279.3	-14	1000250550	11	0
712	25	15	2	1	-14	0	0	1001	938.47	-223.96	-460.09	-140.34	340.3	-13	1000140280	8	0
712	25	21	2	0	14	0	0	1001	616.53	-572.81	-333.49	-462.37	744.9	13	1000140280	8	0
712	25	21	2	1	14	0	0	1001	522.00	-55.17	-254.89	428.16	851.6	13	1000180400	14	0
712	25	22	1	0	14	0	10	1000	704.47	194.38	-92.81	540.72	702.6	13	1000180400	24	0
712	25	23	2	0	14	0	10	1000	1168.31	-10.47	69.96	593.72	1424.0	13	1000180400	12	0
712	25	23	2	1	12	1	1	1006	984.49	-110.27	-70.25	292.35	901.9	12	1000180400	11	1
712	25	27	2	0	14	1	0	1002	226.11	34.44	-538.50	910.25	1512.1	14	1000080160	12	0
712	25	27	2	1	14	0	0	1001	844.06	133.72	89.88	2.71	326.2	13	1000180400	8	1
712	25	40	2	0	14	1	0	1002	617.77	-32.20	-455.33	-33.75	834.4	14	1000110230	13	0
712	25	40	2	1	14	0	0	1001	584.13	-169.47	345.66	-278.74	1562.4	13	1000140280	9	0
712	25	44	2	0	14	0	10	1000	675.16	-207.85	-189.50	639.29	1367.8	13	1000180400	11	0
712	25	44	2	1	14	0	0	1001	873.48	96.74	-8.56	-43.53	1099.2	13	1000180400	8	0
712	25	45	2	0	14	0	0	1001	2130.34	568.17	-558.46	-113.39	1323.2	13	1000130270	9	0
712	25	45	2	1	14	0	0	1001	681.82	369.59	-255.91	115.41	935.2	13	1000240520	9	0
712	25	47	4	0	14	0	10	1000	995.36	167.21	96.67	567.79	1442.5	13	1000180400	12	0
712	25	47	4	1	14	0	0	1001	198.82	-624.13	574.90	-459.21	727.0	13	1000200400	25	0
712	25	47	4	2	14	1	1	1009	1014.80	-52.93	10.27	65.00	1310.3	14	1000180400	42	1
712	25	47	4	3	14	0	2	1091	2685.85	-159.61	31.51	1318.09	1544.9	13	1000200400	13	0
712	25	48	1	0	14	1	2	1092	1592.39	172.85	-175.46	275.49	449.1	14	1000180400	20	1
715	68	5	2	0	14	1	1	1000	1128.23	57.53	58.27	273.62	108.0	14	1000180400	15	1
715	68	5	2	1	14	0	1	1003	944.45	-242.97	128.01	503.44	549.4	13	1000180400	17	0
715	68	12	1	0	14	0	0	1001	1861.37	-129.10	-420.39	-539.23	667.7	13	1000080160	9	0
715	68	20	2	0	14	0	0	1001	1268.01	160.52	-219.74	208.33	558.3	13	1000180400	9	0
715	68	20	2	1	14	0	0	1001	1641.50	-552.37	199.97	259.83	390.0	13	1000160320	8	0
715	68	28	2	0	14	1	0	1002	275.79	-678.60	360.38	-418.26	481.5	14	1000120240	9	0
715	68	28	2	1	14	0	0	1001	715.66	271.87	-337.76	49.73	762.5	13	1000060120	9	0
715	68	30	2	0	14	0	10	1000	1026.74	-594.40	82.58	823.06	106.5	13	1000120240	26	0
715	68	30	2	1	14	0	10	1000	840.75	30.09	57.91	-275.91	201.4	13	1000080160	13	0
715	68	33	2	0	14	1	1	1006	540.88	88.45	166.49	-437.02	292.0	14	1000080160	13	0
715	68	33	2	1	14	0	0	1001	649.31	1.29	-14.24	-304.50	1318.1	13	1000140280	18	0
715	68	35	2	0	14	0	0	1001	3295.52	111.93	-232.24	-286.91	883.0	13	1000140280	8	0
715	68	35	2	1	14	1	0	1002	461.85	247.83	-645.68	-421.89	1086.6	14	1000080160	13	0
715	68	39	2	0	14	1	1	1007	520.90	169.54	52.83	115.11	1446.2	14	1000180400	12	1
715	68	39	2	1	14	0	2	1091	2222.09	-399.47	463.66	-334.12	560.5	13	1000080160	13	0
715	68	44	1	0	14	0	1	1000	3862.13	-102.88	-139.14	254.76	883.5	13	1000180400	15	1
715	68	45	2	0	12	0	1	1003	3336.40	-2.00	-74.55	265.37	295.1	11	1000180400	13	1
715	68	45	2	1	14	1	1	1008	1082.30	-601.86	-588.80	810.93	804.5	14	1000080160	12	0
715	68	46	2	0	14	0	1	1004	723.86	281.30	160.76	29.29	250.5	13	1000080160	16	0
715	68	46	2	1	14	0	0	1001	483.93	-589.39	324.50	-34.04	1004.9	13	1000200400	9	0
715	68	50	2	0	14	0	0	1001	946.12	-20.82	163.53	437.59	1096.2	13	1000180400	9	1
715	68	50	2	1	14	0	0	1001	558.12	443.76	211.43	-430.98	1219.2	13	1000080160	8	0
720	24	2	1	0	14	1	1	1008	2879.52	-376.09	-189.82	220.24	1430.7	14	1000280590	59	0
720	24	3	2	0	14	1	1	1008	1583.93	-9.93	40.71	-498.32	1349.4	14	1000130270	15	0
720	24	3	2	1	14	0	0	1001	1097.73	-258.48	364.77	-366.18	1504.2	13	1000200400	9	0
720	24	6	2	0	14	0	0	1001	381.96	-99.29	-12.01	197.65	1524.1	13	1000180400	44	1
720	24	6	2	1	14	0	0	1001	835.38	-487.92	-460.27	-209.44	906.9	13	1000200400	9	0
720	24	12	2	0	14	0	0	1001	395.78	9.75	-692.57	397.58	963.8	13	1000110230	8	0
720	24	12	2	1	14	0	0	1001	620.68	150.84	159.47	203.56	161.4	13	1000180400	50	1
720	24	22	1	0	14	0	0	1001	976.94	109.73	-34.36	19.61	948.9	13	1000180400	8	1
720	24	32	1	0	14	0	1	1005	1095.82	129.41	-468.39	-145.45	1229.8	13	1000080160	13	0
720	24	38	1	0	14	1	0	1002	1434.53	104.89	-24.94	435.07	376.8	14	1000180400	10	1
720	24	40	2	0	14	0	1	1005	1501.98	177.51	158.87	335.95	602.9	13	1000180400	11	1
720	24	40	2	1	14	0	2	1091	2936.86	469.71	-461.10	1403.12	1376.4	13	1000140280	13	0
720	24	47	1	0	14	0	10	1000	856.38	-0.97	-321.78	-298.01	919.8	13	1000080160	12	0
711	20	2	4	0	14	0	1	1003	894.82	619.02	10.75	-411.09	386.5	13	1000220480	13	0
711	20	2	4	1	14	0	1	1005	1515.50	-132.26	132.03	440.71	1154.3	13	1000180400	12	1
711	20	2	4	2	14	0	0	1001	328.36	-158.32	-462.90	412.98	1094.9	13	1000140280	8	0
711	20	2	4	3	14	0	1	1003	1375.08	703.70	-430.55	809.05	1357.2	13	1000080160	23	0
711	20	5	1	0	14	0	0	1001	1618.36	-126.53	81.42	226.53	561.2	13	1000180400	12	1
711	20	6	4	0	14	1	10	1000	600.16	-698.00	-598.82	87.91	877.8	14	1000140280	11	0
711	20	6	4	1	14	0	0	1001	937.94	-107.60	-216.47	190.40	256.0	13	1000180400	9	0
711	20	6	4	2	14	0	1	1005	1398.61	-83.95	-1.44	-140.33	281.6	13	1000260560	13	0
711	20	6	4	3	14	1	1	1008	1524.13	179.39	-81.52	1006.07	586.5	14	1000080160	12	0
711	20	7	3	0	14	0	0	1001	663.57	145.34	-498.57	248.26	995.8	13	1000080160	9	0
711	20	7	3	1	14	1	10	1000	1010.43	-250.77	227.82	-505.28	741.5	14	1000080160	19	0
711	20	7	3	2	14	0	0	1001	1290.76	-92.38	159.71	-299.85	1129.7	13	1000140280	8	0
711	20	13	2	0	14	0	2	1091	3450.44	-6.86	585.97	-447.09	288.9	13	1000080160	14	0
711	20	13	2	1	14	0	10	1000	1262.32	-30.33	49.87	346.23	1322.4	13	1000180400	11	1
711	20	14	1	0	14	0	0	1001	879.77	-137.18	228.93	-22.48	1308.2	13	1000180400	12	0
711	20	23	1	0	14	0	10	1000	1525.36	-92.16	1.76	-27.01	1346.6	13	1000180400	14	0
711	20	25	1	0	14	0	2	1091	811.59	-159.08	153.11	351.61	112.9	13	1000180400	17	1
711	20	28	2	0	14	0	2	1091	2843.10	-590.60	-331.00	658.78	726.0	13	1000200400	15	0
711	20	28	2	1	14	0	1	1003	1165.44	-200.25	-88.26	467.96	1228.5	13	1000180400	11	0
711	20	30	2	0	14	1	0	1002	607.86	-45.00	187.53	275.40	331.5	14	1000180400	9	1
711	20	30	2	1	14	0	1	1003	1002.72	-148.95	-141.32	626.29	1196.8	13	1000180400	14	0
711	20	38	1	0	14	1	1	1000	2799.93	-516.08	-49.39	575.25	1537.8	14	1000130270	16	0
711	20	41	3	0	14	0	1	1003	1192.21	-19.76	-126.24	611.14	1291.7	13	1000180400	26	0
711	20	41	3	1	14	1	0	1002	392.50	574.01	-143.66	898.59	242.7	14	1000080160	11	0
711	20	41	3	2	14	0	1	1003	1258.94	363.45	-107.47	351.07	582.9	13	1000240520	13	0
711	20	42	2	0	14	0	2	1091	1072.69	6.98	15.21	-24.40	210.6	13	1000180400	13	0
711	20	42	2	1	14	0	1	1003	1005.46	-529.93	487.60	171.80	351.9	13	1000140280	17	0
711	20	46	1	0	14	0	2	1091	3559.70	241.86	-127.97	376.70	340.3	13	1000180400	13	0
711	20	49	2	0	14	0	0	1001	232.36	-418.65	588.62	-283.85	201.6	13	1000140280	8	0
711	20	49	2	1	14	0	1	1003	1723.53	0.19	-430.19	273.03	730.7	13	1000080160	14	0
720	80	4	2	0	14	0	1	1004	1058.46	194.31	124.97	418.97	73.7	13	1000180400	12	1
720	80	4	2	1	14	0	2	1091	4233.31	158.28	-438.67	-1294.12	604.9	13	1000080160	12	0
720	80	5	2	0	14	0	0	1001	560.85	88.90	-458.62	594.61	347.1	13	1000140280	9	0
720	80	5	2	1	14	0	10	1000	948.26	89.50	-77.49	-271.05	1186.8	13	1000080160	11	0
720	80	10	2	0	14	1	2	1092	1688.20	-133.90	-118.25	239.61	447.6	14	1000180400	12	1
720	80	10	2	1	14	1	3	1096	525.90	200.57	-111.24	-200.01	1266.4	14	1000130270	5	0
720	80	12	3	0	14	0	10	1000	597.53	79.13	-430.46	-74.20	833.5	13	1000080160	11	0
720	80	12	3	1	14	0	10	1000	1608.47	-306.34	0.84	-140.49	1568.6	13	1000280590	12	0
720	80	12	3	2	14	0	0	1001	1068.37	-251.94	-194.16	962.90	470.7	13	1000140280	18	0
720	80	14	2	0	14	1	0	1002	398.65	-653.30	-307.17	655.00	686.6	14	1000200400	10	0
720	80	14	2	1	14	0	10	1000	475.06	161.68	-6.51	18.08	1005.3	13	1000180400	17	1
720	80	15	1	0	14	0	0	1001	964.68	45.73	81.34	515.60	397.5	13	1000180400	9	0
720	80	25	1	0	14	0	0	1001	487.66	-210.38	-202.40	106.50	1389.0	13	1000180400	9	0
720	80	28	2	0	14	0	0	1001	918.17	-99.96	-128.47	460.66	625.9	13	1000180400	10	1
720	80	28	2	1	14	0	1	1003	1303.42	-147.77	-3.31	-395.62	1257.9	13	1000140280	12	0
720	80	30	2	0	14	0	1	1000	2425.67	167.00	-4.06	30.90	893.1	13	1000180400	19	1
720	80	30	2	1	14	0	0	1001	1203.28	-145.36	144.11	-434.14	1370.9	13	1000080160	8	0
720	80	35	2	0	14	1	1	1008	813.24	258.77	-155.01	155.96	1448.3	14	1000180400	18	0
720	80	35	2	1	14	1	0	1002	492.94	546.26	-556.52	154.89	329.1	14	1000080160	10	0
720	80	36	2	0	14	0	1	1004	1015.94	-75.37	-113.96	123.50	1313.0	13	1000180400	13	1
720	80	36	2	1	14	1	0	1002	453.05	503.02	322.34	88.07	708.6	14	1000140280	11	0
720	80	38	2	0	14	1	10	1000	433.40	-234.21	153.98	515.47	1252.4	14	1000180400	18	0
720	80	38	2	1	14	0	1	1005	2466.79	-511.51	381.01	348.03	429.9	13	1000080160	13	0
720	80	45	2	0	14	0	1	1003	1552.38	-10.67	5.30	-454.66	497.9	13	1000080160	13	0
720	80	45	2	1	14	1	1	1006	3129.73	639.23	-111.12	346.73	1547.2	14	1000200400	12	0
720	80	50	2	0	14	1	0	1002	315.06	159.30	21.26	-281.31	959.5	14	1000200400	11	0
720	80	50	2	1	14	0	0	1001	1135.82	52.75	-176.98	310.04	1358.5	13	1000180400	9	1
713	7	2	2	0	14	0	1	1003	949.54	138.66	102.74	584.63	647.5	13	1000180400	12	0
713	7	2	2	1	14	0	1	1003	698.23	-50.29	-99.28	237.57	1469.1	13	1000180400	41	1
713	7	3	1	0	14	0	1	1003	1012.02	51.34	-17.04	478.78	1476.2	13	1000180400	12	1
713	7	6	1	0	14	1	0	1002	1245.80	159.03	-59.41	157.04	311.6	14	1000180400	20	1
713	7	7	2	0	14	0	0	1001	987.47	2.19	-54.47	-477.44	156.9	13	1000080160	12	0
713	7	7	2	1	14	0	0	1001	728.70	-95.73	-93.49	150.64	973.9	13	1000180400	48	1
713	7	15	2	0	14	0	0	1001	4907.41	-8.69	-237.08	115.12	535.3	13	1000180400	10	0
713	7	15	2	1	14	0	2	1091	2706.93	-150.17	-702.29	884.91	847.7	13	1000130270	19	0
713	7	17	1	0	14	0	0	1001	457.40	-190.00	84.92	292.36	1262.1	13	1000180400	9	1
713	7	18	2	0	14	1	0	1002	211.69	413.55	-564.63	-209.52	1284.6	14	1000110230	9	0
713	7	18	2	1	14	0	0	1001	1884.09	-208.16	119.37	-319.33	372.0	13	1000110230	22	0
713	7	19	3	0	14	1	1	1008	1945.79	207.13	192.57	89.44	157.7	14	1000180400	16	0
713	7	19	3	1	14	0	0	1001	721.48	-237.61	47.40	-276.73	1450.6	13	1000140280	9	0
713	7	19	3	2	14	0	2	1091	4390.29	331.59	-455.25	-230.40	91.2	13	1000080160	11	0
713	7	20	1	0	14	0	1	1003	758.98	26.45	-132.29	248.96	673.4	13	1000180400	12	1
713	7	21	2	0	14	1	10	1000	587.42	-173.87	-235.75	540.65	646.2	14	1000180400	12	0
713	7	21	2	1	14	0	1	1003	1159.75	502.90	-26.78	654.12	992.0	13	1000140280	29	0
713	7	22	1	0	14	0	1	1003	961.41	92.48	-87.27	304.62	1132.4	13	1000180400	13	1
713	7	28	2	0	14	1	0	1002	247.22	-210.90	222.23	25.17	969.3	14	1000180400	9	0
713	7	28	2	1	14	0	1	1003	1557.64	60.20	4.34	170.20	1449.6	13	1000180400	13	1
713	7	30	3	0	14	0	0	1001	470.04	-226.69	58.00	114.00	747.4	13	1000180400	10	0
713	7	30	3	1	14	1	0	1002	835.53	32.63	15.39	-131.43	189.8	14	1000060120	18	0
713	7	30	3	2	14	0	0	1001	348.19	-315.81	351.47	504.12	343.1	13	1000240520	8	0
713	7	36	1	0	14	1	1	1006	1149.77	-54.25	76.90	363.52	999.8	14	1000180400	12	1
713	7	44	1	0	14	0	0	1001	1211.94	-163.70	-233.77	58.29	761.6	13	1000180400	37	0
713	7	47	1	0	14	0	0	1001	588.73	238.72	-77.88	497.84	794.8	13	1000180400	9	0
713	70	3	1	0	14	1	1	1008	868.30	130.23	-118.77	164.55	635.0	14	1000180400	17	1
713	70	5	2	0	14	0	0	1001	1051.63	-169.92	-145.96	56.23	1181.6	13	1000180400	10	1
713	70	5	2	1	14	0	0	1001	318.25	-678.15	322.87	38.08	80.6	13	1000140280	8	0
713	70	9	1	0	14	1	2	1092	1906.24	-109.24	-74.83	14.48	740.0	14	1000180400	11	1
713	70	15	4	0	14	1	1	1008	1769.56	403.95	-425.48	-62.23	477.0	14	1000080160	13	0
713	70	15	4	1	14	1	0	1002	146.20	-228.17	-489.59	-239.04	999.1	14	1000080160	9	0
713	70	15	4	2	14	1	0	1002	1067.18	107.29	251.38	982.57	794.7	14	1000080160	10	0
713	70	15	4	3	14	0	2	1091	3259.07	-51.76	-585.12	-448.17	594.7	13	1000080160	16	0
713	70	17	1	0	14	0	0	1001	1246.08	-52.61	-252.12	151.78	236.4	13	1000180400	9	0
713	70	18	2	0	14	0	0	1001	365.55	-69.99	-16.21	327.98	203.0	13	1000180400	9	1
713	70	18	2	1	14	0	1	1003	997.76	-192.10	246.54	-451.33	1503.3	13	1000080160	13	0
713	70	19	1	0	14	0	10	1000	1781.25	-35.30	-22.41	377.81	1152.3	13	1000180400	11	1
713	70	25	1	0	14	0	0	1001	452.38	54.89	236.60	157.26	256.4	13	1000180400	17	0
713	70	29	1	0	14	0	0	1001	1210.32	-157.49	122.38	229.96	559.0	13	1000180400	14	1
713	70	36	1	0	14	1	1	1009	575.77	16.62	-23.72	552.62	1099.9	14	1000180400	19	0
713	70	37	3	0	14	0	2	1091	4247.22	61.60	62.61	-565.42	571.7	13	1000200400	15	0
713	70	37	3	1	14	0	0	1001	469.73	-259.07	-458.80	83.18	327.8	13	1000130270	9	0
713	70	37	3	2	14	1	1	1008	3167.15	-574.36	-274.85	-933.86	1393.9	14	1000200400	44	0
713	70	48	2	0	14	1	2	1092	1032.01	-570.70	58.96	-466.40	820.2	14	1000080160	14	0
713	70	48	2	1	12	0	0	1001	687.40	495.69	476.07	5.73	1196.8	11	1000140280	8	0
714	62	2	1	0	14	1	1	1009	1324.51	126.15	-11.16	227.31	370.8	14	1000180400	18	1
714	62	3	2	0	14	0	2	1091	3386.36	-152.62	-199.52	-368.67	731.1	13	1000080160	17	0
714	62	3	2	1	-14	1	0	1002	1897.06	510.78	-674.07	196.21	274.4	-14	1000110230	9	0
714	62	5	3	0	14	0	2	1091	3502.73	-350.42	381.32	-456.60	500.1	13	1000080160	15	0
714	62	5	3	1	14	1	1	1006	567.53	-116.79	-85.28	-494.70	479.4	14	1000140280	25	0
714	62	5	3	2	14	1	1	1007	891.84	136.22	-239.69	113.68	729.3	14	1000180400	12	0
714	62	6	2	0	14	0	0	1001	1377.03	301.43	-558.97	-375.26	994.4	13	1000080160	9	0
714	62	6	2	1	14	1	0	1002	845.43	88.95	-286.71	-425.44	1108.2	14	1000080160	10	0
714	62	7	1	0	14	0	0	1001	1304.29	7.86	-138.87	557.60	1404.1	13	1000180400	13	0
714	62	8	4	0	14	1	0	1002	491.18	-48.50	-448.53	544.28	1479.7	14	1000080160	11	0
714	62	8	4	1	14	1	0	1002	1321.43	-256.26	111.75	-157.91	604.3	14	1000260560	31	0
714	62	8	4	2	14	1	0	1002	431.52	-636.03	-69.57	994.16	603.6	14	1000200400	9	0
714	62	8	4	3	14	1	0	1002	361.94	-656.76	218.33	401.81	1175.5	14	1000080160	8	0
714	62	10	1	0	14	1	10	1000	643.11	249.65	222.00	87.79	157.4	14	1000180400	35	0
714	62	19	1	0	14	0	10	1000	1881.85	117.52	-102.01	-277.30	600.6	13	1000080160	11	0
714	62	20	2	0	14	1	1	1009	1560.68	-227.28	-112.56	584.52	382.7	14	1000180400	14	0
714	62	20	2	1	14	0	10	1000	545.31	-663.06	482.88	836.13	258.8	13	1000080160	13	0
714	62	22	1	0	14	1	2	1092	2993.36	-120.02	-84.10	378.54	1093.4	14	1000180400	13	1
714	62	25	2	0	14	0	0	1001	619.16	-218.68	81.64	303.75	1168.6	13	1000180400	12	0
714	62	25	2	1	14	1	1	1000	2606.08	-671.49	-37.24	464.19	643.9	14	1000140280	23	0
714	62	26	1	0	14	0	1	1003	762.61	44.52	-174.46	21.74	346.7	13	1000180400	12	1
714	62	28	1	0	14	0	0	1001	1174.40	110.67	114.45	-175.29	1189.0	13	1000260560	8	0
714	62	36	2	0	14	1	1	1006	655.04	45.68	-95.11	175.49	1314.2	14	1000180400	14	1
714	62	36	2	1	14	0	1	1005	2235.71	-520.68	296.89	-417.61	423.0	13	1000140280	13	0
714	62	38	2	0	14	1	0	1002	1075.71	-14.13	-55.32	229.29	369.0	14	1000180400	16	1
714	62	38	2	1	14	1	1	1006	2410.57	502.92	-419.12	-500.54	972.4	14	1000080160	13	0
714	62	43	1	0	14	1	2	1092	1829.55	-116.04	141.74	-154.50	1475.8	14	1000260560	22	0
714	62	44	3	0	14	1	10	1000	635.38	-563.06	-191.00	-76.13	1042.6	14	1000140280	24	0
714	62	44	3	1	14	1	0	1002	437.40	203.17	-208.43	13.25	344.5	14	1000180400	23	0
714	62	44	3	2	14	0	2	1091	2321.85	91.97	-63.51	-289.66	447.7	13	1000080160	14	0
714	62	46	4	0	14	0	0	1001	544.89	608.25	562.11	717.62	178.5	13	1000140280	19	0
714	62	46	4	1	14	0	1	1000	2151.52	-170.83	-117.49	633.05	1291.7	13	1000180400	14	0
714	62	46	4	2	14	0	0	1001	397.87	-243.17	33.80	-321.32	1487.5	13	1000080160	9	0
714	62	46	4	3	14	1	0	1002	486.00	209.44	-706.64	199.54	880.1	14	1000080160	10	0
714	62	48	1	0	14	1	1	1006	955.83	-80.40	39.10	619.36	1483.7	14	1000180400	17	0
714	62	49	1	0	14	0	0	1001	910.63	-91.20	168.01	185.83	955.2	13	1000180400	9	1
720	75	7	2	0	14	0	1	1003	1148.33	-171.02	-255.92	-404.81	1125.3	13	1000080160	12	0
720	75	7	2	1	14	0	0	1001	737.81	-98.75	164.15	6.35	969.1	13	1000180400	22	1
720	75	8	2	0	14	0	1	1004	1330.59	219.50	-159.00	77.52	723.4	13	1000180400	15	0
720	75	8	2	1	14	0	0	1001	336.31	406.73	-530.76	755.93	1525.7	13	1000080160	9	0
720	75	19	3	0	14	1	0	1002	875.31	31.13	-190.33	412.33	319.2	14	1000180400	12	1
720	75	19	3	1	14	0	0	1001	513.31	-567.67	-322.39	-203.53	600.9	13	1000130270	9	0
720	75	19	3	2	14	0	10	1000	763.47	-128.21	196.55	-329.12	541.6	13	1000080160	11	0
720	75	32	1	0	14	0	0	1001	5909.38	-138.37	-173.06	443.88	149.3	13	1000180400	10	1
720	75	38	3	0	14	0	1	1000	1245.30	420.53	422.29	-366.30	407.4	13	1000140280	23	0
720	75	38	3	1	14	0	10	1000	857.90	-230.79	4.00	959.43	923.4	13	1000140280	12	0
720	75	38	3	2	14	1	0	1002	253.41	-73.71	-112.89	347.94	755.1	14	1000180400	9	1
720	75	39	2	0	14	1	0	1002	187.48	-383.60	-454.12	-27.65	1233.6	14	1000080160	16	0
720	75	39	2	1	14	0	0	1001	503.16	32.02	144.57	58.39	497.0	13	1000180400	9	1
720	75	40	1	0	12	0	0	1001	701.29	-231.38	55.68	340.17	1000.6	11	1000180400	9	0
720	75	41	2	0	14	1	1	1007	650.74	-206.01	-251.95	438.65	168.4	14	1000180400	11	0
720	75	41	2	1	14	0	0	1001	724.98	487.43	98.80	963.40	583.7	13	1000140280	8	0
720	75	45	4	0	14	0	1	1003	796.51	42.45	73.52	494.78	645.5	13	1000180400	40	1
720	75	45	4	1	14	0	0	1001	1718.11	144.76	-47.11	-373.60	1507.3	13	1000200400	11	0
720	75	45	4	2	14	0	0	1001	424.84	-602.45	288.88	616.72	554.8	13	1000080160	18	0
720	75	45	4	3	14	0	0	1001	312.78	680.42	-140.21	666.46	896.4	13	1000200400	8	0
720	75	48	1	0	14	0	0	1001	610.29	-474.49	-120.32	-268.73	1057.0	13	1000080160	9	0
719	89	1	2	0	14	0	0	1001	345.58	-337.73	-492.52	281.57	805.5	13	1000140280	9	0
719	89	1	2	1	14	0	0	1001	951.70	-103.29	84.55	80.85	1352.2	13	1000180400	12	1
719	89	9	2	0	14	1	1	1006	2081.34	-487.80	-72.71	147.79	595.0	14	1000200400	15	0
719	89	9	2	1	14	0	0	1001	1229.86	-295.10	235.36	-503.83	270.3	13	1000200400	9	0
719	89	10	2	0	14	0	1	1005	1061.00	-155.17	131.01	450.49	188.4	13	1000180400	12	1
719	89	10	2	1	14	0	10	1000	1390.85	501.75	89.89	935.30	1152.0	13	1000200400	13	0
719	89	11	4	0	14	0	0	1001	1272.98	-94.61	51.74	219.00	1034.5	13	1000180400	9	1
719	89	11	4	1	14	1	0	1002	216.15	630.70	-491.22	-327.42	1261.8	14	1000140280	9	0
719	89	11	4	2	14	0	0	1001	821.99	-56.52	-130.41	358.06	980.8	13	1000180400	9	1
719	89	11	4	3	14	0	10	1000	1249.61	-288.71	-319.25	950.78	1095.3	13	1000140280	12	0
719	89	12	1	0	14	0	1	1000	1312.93	-55.04	221.13	191.88	350.4	13	1000180400	14	0
719	89	16	1	0	14	0	1	1003	762.35	-218.53	-202.59	14.37	1404.7	13	1000260560	22	0
719	89	20	1	0	14	0	10	1000	1222.10	70.40	-252.79	59.59	400.6	13	1000180400	12	0
719	89	24	1	0	14	0	1	1004	1096.23	28.10	-51.42	437.67	207.0	13	1000180400	12	1
719	89	32	1	0	14	0	10	1000	493.25	-209.50	95.26	260.37	560.7	13	1000180400	11	0
719	89	41	3	0	14	0	0	1001	404.02	669.13	-444.13	-397.42	1200.8	13	1000200400	17	0
719	89	41	3	1	14	1	0	1002	883.38	-125.55	83.72	697.78	537.8	14	1000060120	15	0
719	89	41	3	2	14	1	1	1009	2589.86	-227.42	-395.00	-774.16	527.7	14	1000080160	12	0
713	91	5	1	0	14	0	1	1003	681.54	143.01	-145.03	475.60	475.7	13	1000180400	16	1
713	91	6	2	0	14	0	1	1000	2722.22	-347.97	60.09	1049.06	1230.6	13	1000080160	13	0
713	91	6	2	1	14	1	2	1092	2549.50	-333.27	370.23	115.33	994.4	14	1000260560	11	0
713	91	12	1	0	14	0	0	1001	1001.38	19.57	-93.64	-49.11	59.2	13	1000180400	8	0
713	91	14	2	0	14	0	0	1001	456.25	689.14	-259.81	224.19	747.7	13	1000080160	8	0
713	91	14	2	1	14	0	0	1001	1307.37	519.21	402.37	-300.58	899.7	13	1000080160	8	0
713	91	16	2	0	14	0	10	1000	1056.31	-69.79	-168.83	382.26	546.0	13	1000180400	17	1
713	91	16	2	1	14	0	0	1001	433.40	-568.63	225.57	-14.08	1117.5	13	1000140280	34	0
713	91	32	2	0	14	0	0	1001	1003.64	65.89	58.79	-276.09	826.9	13	1000140280	9	0
713	91	32	2	1	14	0	0	1001	888.98	91.81	-248.65	120.79	121.7	13	1000180400	10	0
713	91	37	1	0	14	0	2	1091	1955.24	154.00	-255.12	383.84	962.5	13	1000180400	14	0
713	91	38	1	0	14	1	0	1002	608.05	-126.65	-80.51	456.08	586.4	14	1000180400	9	1
713	91	40	4	0	14	0	0	1001	1791.26	-128.29	-1.76	-30.27	1159.3	13	1000180400	9	0
713	91	40	4	1	14	0	0	1001	4987.22	-261.67	-178.77	1353.35	1089.3	13	1000140280	8	0
713	91	40	4	2	14	0	1	1004	3609.61	-120.88	-664.20	859.90	579.6	13	1000080160	12	0
713	91	40	4	3	14	1	2	1092	643.46	-675.26	243.43	-61.38	286.1	14	1000080160	12	0
713	91	43	1	0	14	0	1	1003	713.91	-89.38	210.26	485.05	644.9	13	1000180400	20	0
713	91	47	1	0	14	0	0	1001	655.01	-105.86	133.44	177.29	1356.1	13	1000180400	18	1
713	91	49	1	0	14	0	1	1003	912.87	-0.24	-355.82	-338.84	503.3	13	1000080160	15	0
713	91	50	2	0	14	0	10	1000	878.42	-74.41	0.48	280.10	1243.4	13	1000180400	12	1
713	91	50	2	1	14	1	0	1002	871.38	-113.95	147.44	-435.51	727.5	14	1000080160	11	0
713	48	3	4	0	14	0	10	1000	763.94	9.81	-15.23	-402.81	1143.2	13	1000080160	11	0
713	48	3	4	1	14	0	0	1001	588.09	146.28	73.21	186.02	236.8	13	1000180400	10	1
713	48	3	4	2	14	0	0	1001	320.62	135.25	-687.43	-21.16	1575.7	13	1000110230	8	0
713	48	3	4	3	14	0	0	1001	472.96	-581.85	44.77	305.41	409.3	13	1000140280	11	0
713	48	8	2	0	14	1	2	1092	2066.46	498.46	85.28	-186.93	962.7	14	1000080160	24	0
713	48	8	2	1	14	0	10	1000	740.34	-352.44	180.40	773.84	674.0	13	1000060120	18	0
713	48	10	1	0	14	0	0	1001	1048.24	47.06	207.64	142.95	557.7	13	1000260560	9	0
713	48	12	3	0	14	0	0	1001	1046.12	99.39	-125.95	256.96	1469.4	13	1000180400	9	1
713	48	12	3	1	14	0	0	1001	537.07	275.33	-213.99	-509.72	271.2	13	1000200400	8	0
713	48	12	3	2	14	0	0	1001	512.04	-167.07	69.02	444.75	1117.0	13	1000180400	14	1
713	48	13	2	0	14	1	2	1092	3424.92	5.49	-40.08	531.94	1119.7	14	1000180400	11	0
713	48	13	2	1	14	0	0	1001	686.68	22.99	-254.96	-407.02	1466.6	13	1000140280	8	0
713	48	14	3	0	14	1	0	1002	556.60	-654.57	-434.95	741.73	139.5	14	1000080160	9	0
713	48	14	3	1	14	1	0	1002	1284.64	-23.49	18.59	498.72	871.8	14	1000180400	27	1
713	48	14	3	2	14	0	1	1005	1925.16	-268.00	-200.93	1013.94	871.5	13	1000080160	12	0
713	48	16	1	0	14	1	1	1008	1541.79	-14.51	71.99	354.91	906.4	14	1000180400	12	1
713	48	17	2	0	14	0	1	1003	1144.77	-62.54	234.71	250.56	1584.4	13	1000180400	12	0
713	48	17	2	1	14	0	0	1001	992.21	-218.68	63.66	97.87	1161.2	13	1000280590	8	0
713	48	18	1	0	14	0	2	1091	1564.42	163.92	-37.57	326.67	735.9	13	1000180400	13	1
713	48	19	2	0	14	1	0	1002	582.20	-101.62	-223.83	141.02	423.9	14	1000180400	11	0
713	48	19	2	1	14	0	0	1001	681.73	-344.96	-537.52	348.24	1170.1	13	1000140280	8	0
713	48	20	3	0	14	0	1	1004	1962.39	473.01	-533.65	126.39	992.5	13	1000080160	12	0
713	48	20	3	1	14	0	10	1000	1596.88	554.69	93.84	-382.54	993.2	13	1000080160	11	0
713	48	20	3	2	14	0	2	1091	5121.87	-225.65	-154.34	125.65	1201.1	13	1000180400	20	0
713	48	22	1	0	14	1	1	1009	688.49	-177.12	165.16	440.34	168.6	14	1000180400	12	1
713	48	26	1	0	14	1	1	1006	857.11	-118.80	59.46	316.37	715.7	14	1000180400	11	1
713	48	28	1	0	14	0	0	1001	579.06	-186.61	161.53	54.55	611.8	13	1000180400	10	1
713	48	29	2	0	14	1	0	1002	362.37	-621.93	246.52	-163.67	1284.1	14	1000140280	9	0
713	48	29	2	1	14	0	2	1091	3219.65	185.89	21.12	536.12	1517.4	13	1000180400	16	0
713	48	31	1	0	14	0	1	1000	1872.36	-233.71	180.20	183.36	1466.3	13	1000180400	14	0
713	48	33	4	0	14	0	1	1003	1950.37	-218.49	-487.57	1001.26	566.3	13	1000140280	11	0
713	48	33	4	1	14	0	10	1000	471.31	-41.64	-169.73	376.90	697.0	13	1000180400	19	1
713	48	33	4	2	14	0	0	1001	371.53	315.16	-476.06	98.32	1256.7	13	1000080160	9	0
713	48	33	4	3	14	0	0	1001	1282.50	-501.99	-331.69	307.75	1584.7	13	1000080160	11	0
713	48	36	2	0	14	0	0	1001	871.75	666.61	506.00	287.08	580.3	13	1000140280	20	0
713	48	36	2	1	14	1	2	1092	2607.21	594.44	1.94	274.37	542.6	14	1000080160	15	0
713	48	37	1	0	14	0	1	1005	2715.74	-234.56	0.37	-157.55	224.8	13	1000260560	11	0
713	48	42	2	0	14	0	0	1001	640.75	-104.45	-80.45	212.74	1013.5	13	1000180400	24	1
713	48	42	2	1	14	0	1	1003	4563.93	313.80	-399.58	-420.97	881.3	13	1000080160	11	0
713	48	44	1	0	14	0	0	1001	685.07	53.84	42.99	-333.01	67.4	13	1000200400	11	0
713	48	47	2	0	14	0	0	1001	1031.45	107.55	56.55	-52.72	493.5	13	1000180400	9	0
713	48	47	2	1	14	0	10	1000	393.35	132.04	-387.46	-282.56	1430.4	13	1000080160	25	0
719	54	5	1	0	14	0	10	1000	760.12	-22.27	26.89	388.97	1493.0	13	1000180400	17	1
719	54	13	2	0	14	0	1	1003	750.70	138.45	91.41	-440.79	480.6	13	1000080160	12	0
719	54	13	2	1	14	1	0	1002	764.92	33.47	-225.63	138.93	899.4	14	1000180400	50	0
719	54	14	1	0	14	0	0	1001	1223.33	-125.00	-37.28	3.02	931.3	13	1000180400	13	1
719	54	16	1	0	14	0	0	1001	772.39	266.05	12.11	-303.21	560.1	13	1000130270	22	0
719	54	19	1	0	14	0	1	1003	874.93	-155.27	6.32	442.85	1267.5	13	1000180400	12	1
719	54	20	2	0	14	1	1	1007	1631.45	539.23	-201.54	76.86	898.0	14	1000080160	23	0
719	54	20	2	1	14	0	1	1000	1724.72	217.41	-151.65	477.67	303.2	13	1000180400	17	0
719	54	24	1	0	14	0	2	1091	2640.41	38.80	260.42	-364.78	444.4	13	1000080160	13	0
719	54	37	2	0	14	1	0	1002	942.56	-237.92	94.82	220.12	1168.9	14	1000180400	12	0
719	54	37	2	1	14	0	10	1000	1723.42	13.48	23.70	75.94	724.2	13	1000180400	12	1
719	54	40	1	0	14	0	2	1091	1741.96	-56.14	16.02	-407.42	1166.7	13	1000080160	14	0
719	54	43	1	0	14	0	1	1004	711.33	-35.28	-154.97	-19.22	1100.5	13	1000180400	15	0
719	54	44	1	0	14	0	0	1001	909.77	-95.41	68.43	105.11	140.3	13	1000180400	9	1
720	39	3	1	0	12	0	2	1091	2252.39	122.36	158.14	238.53	578.0	11	1000180400	15	1
720	39	8	2	0	14	0	0	1001	628.21	-239.04	-255.66	230.68	121.3	13	1000180400	9	0
720	39	8	2	1	14	0	1	1003	1207.71	479.30	16.12	-120.94	411.4	13	1000200400	20	0
720	39	9	2	0	14	0	0	1001	358.73	-697.90	392.07	394.81	680.1	13	1000080160	10	0
720	39	9	2	1	14	0	1	1003	1215.36	-173.27	3.00	20.55	80.2	13	1000180400	13	1
720	39	11	2	0	14	0	0	1001	650.45	-301.18	123.55	-394.68	767.2	13	1000080160	9	0
720	39	11	2	1	14	1	0	1002	374.89	-144.38	86.03	-8.93	514.7	14	1000180400	12	0
720	39	16	2	0	14	0	1	1003	1231.90	-583.32	246.70	-322.70	804.7	13	1000200400	12	0
720	39	16	2	1	14	1	10	1000	675.08	201.65	-100.76	545.95	815.9	14	1000180400	23	0
720	39	21	3	0	14	0	10	1000	1809.00	645.42	90.91	229.88	293.5	13	1000200400	14	0
720	39	21	3	1	14	0	10	1000	912.74	-257.56	239.34	265.54	184.9	13	1000180400	18	0
720	39	21	3	2	-12	0	0	1001	866.49	205.41	-499.08	660.62	346.5	-11	1000140280	9	0
720	39	30	1	0	14	0	0	1001	1589.15	-33.64	-94.28	-316.38	202.6	13	1000140280	8	0
720	39	35	2	0	14	0	2	1091	1403.81	-254.75	-128.72	408.55	1435.9	13	1000180400	16	0
720	39	35	2	1	14	1	1	1008	492.33	-42.46	-657.54	-286.64	1186.3	14	1000080160	12	0
720	39	42	1	0	14	0	1	1003	1140.69	-65.77	-132.72	493.83	1327.3	13	1000180400	12	1
720	39	44	2	0	14	0	1	1004	3201.90	-124.61	-54.99	-585.75	1367.0	13	1000260560	11	0
720	39	44	2	1	14	1	2	1092	996.65	14.07	117.80	-296.67	1491.3	14	1000080160	16	0
720	39	45	2	0	14	0	2	1091	2831.71	-100.42	142.29	58.67	705.5	13	1000180400	23	1
720	39	45	2	1	14	1	0	1002	917.32	111.82	-108.47	39.81	477.9	14	1000180400	11	1
720	39	48	2	0	14	0	0	1001	2434.91	-103.88	-140.31	584.16	1138.9	13	1000180400	18	0
720	39	48	2	1	14	1	0	1002	849.37	263.32	-244.43	-431.19	424.7	14	1000260560	9	0
713	10	1	1	0	14	1	0	1002	600.00	-48.27	-149.31	3.37	875.9	14	1000180400	10	1
713	10	2	1	0	14	1	1	1007	1017.69	-96.70	134.13	-273.77	923.2	14	1000080160	13	0
713	10	5	1	0	14	0	0	1001	2415.39	-169.97	197.58	436.90	1001.9	13	1000180400	17	1
713	10	12	1	0	14	1	1	1007	1283.61	23.29	-103.11	53.28	1293.9	14	1000180400	21	1
713	10	15	2	0	14	0	1	1003	2360.75	-647.36	-208.49	-504.67	632.3	13	1000080160	12	0
713	10	15	2	1	14	1	1	1008	678.38	-146.36	-272.99	11.50	286.4	14	1000080160	16	0
713	10	16	3	0	14	0	1	1004	652.19	201.13	151.77	532.40	1041.9	13	1000180400	13	0
713	10	16	3	1	14	1	1	1008	783.90	48.71	-30.71	-139.63	775.0	14	1000260560	11	0
713	10	16	3	2	14	0	10	1000	1832.09	-55.63	101.96	21.83	366.5	13	1000180400	12	1
713	10	18	1	0	14	0	0	1001	973.44	-103.94	221.89	363.11	261.4	13	1000180400	9	0
713	10	21	1	0	14	1	0	1002	1548.66	-31.99	30.75	15.20	438.8	14	1000180400	35	1
713	10	27	3	0	14	1	1	1008	1822.90	-17.04	156.06	75.18	1047.6	14	1000180400	12	1
713	10	27	3	1	14	0	1	1005	817.76	-605.15	245.50	817.61	732.1	13	1000130270	11	0
713	10	27	3	2	14	0	10	1000	1655.29	231.35	-542.08	-385.95	1447.9	13	1000080160	12	0
713	10	37	2	0	14	0	10	1000	980.88	483.16	-197.78	-13.35	1479.6	13	1000130270	12	0
713	10	37	2	1	14	0	1	1000	2072.64	9.19	-250.77	-275.65	428.4	13	1000200400	23	0
713	10	48	1	0	14	0	0	1001	1438.11	21.29	-46.40	-352.36	579.9	13	1000140280	8	0
719	81	3	2	0	14	0	0	1001	576.15	-65.03	128.44	-59.68	1101.8	13	1000260560	8	0
719	81	3	2	1	14	0	2	1091	4979.01	-53.36	94.34	-528.05	1253.2	13	1000080160	15	0
719	81	4	1	0	14	0	1	1004	1082.90	-198.36	236.08	127.06	914.7	13	1000180400	12	0
719	81	8	2	0	14	1	0	1002	323.81	698.61	116.59	-71.86	930.7	14	1000080160	12	0
719	81	8	2	1	14	1	1	1007	511.37	337.27	-75.18	138.10	747.2	14	1000060120	18	0
719	81	9	1	0	14	1	0	1002	959.89	-196.62	2.76	557.55	534.3	14	1000180400	19	0
719	81	13	3	0	14	0	10	1000	1703.55	-110.58	72.76	265.72	825.8	13	1000180400	12	1
719	81	13	3	1	12	1	0	1002	349.32	-561.52	-134.28	4.96	457.2	12	1000200400	9	0
719	81	13	3	2	14	0	0	1001	1350.55	172.58	111.06	-411.22	331.0	13	1000140280	13	0
719	81	19	3	0	14	0	2	1091	654.97	163.32	23.40	-498.68	1406.5	13	1000120240	12	0
719	81	19	3	1	14	0	0	1001	801.88	-66.99	2.31	-332.56	334.1	13	1000200400	8	0
719	81	19	3	2	14	0	2	1091	2451.47	-456.51	-446.76	82.34	1540.8	13	1000080160	16	0
719	81	20	1	0	14	0	1	1003	875.24	-4.81	-219.20	15.46	1044.0	13	1000180400	12	0
719	81	22	2	0	14	0	1	1004	5079.71	226.51	297.47	1566.25	1305.0	13	1000080160	23	0
719	81	22	2	1	14	1	10	1000	915.78	-147.86	-65.71	-276.17	1205.5	14	1000080160	12	0
719	81	23	3	0	14	1	0	1002	625.43	-192.77	-111.88	426.95	566.5	14	1000180400	19	1
719	81	23	3	1	14	0	0	1001	2980.46	338.89	-85.99	-647.36	664.1	13	1000200400	8	0
719	81	23	3	2	14	0	1	1005	2398.34	224.46	-109.01	578.71	707.2	13	1000180400	16	0
719	81	24	3	0	14	1	2	1092	3396.18	138.72	-443.98	1375.77	1069.9	14	1000080160	17	0
719	81	24	3	1	14	0	10	1000	2375.13	349.24	-565.41	586.92	838.0	13	1000080160	13	0
719	81	24	3	2	14	1	0	1002	1468.89	-99.82	-121.21	-276.90	1245.0	14	1000140280	21	0
719	81	30	2	0	14	0	10	1000	605.16	495.01	-62.60	320.65	1472.2	13	1000140280	11	0
719	81	30	2	1	12	0	10	1000	1508.28	0.77	148.55	396.25	487.7	11	1000180400	12	1
719	81	36	1	0	14	0	10	1000	1183.73	-289.29	-428.59	-363.22	446.2	13	1000080160	26	0
719	81	37	2	0	14	1	2	1092	3511.16	120.51	-309.17	-501.15	478.9	14	1000080160	15	0
719	81	37	2	1	14	0	0	1001	470.82	34.45	-94.45	52.81	403.6	13	1000180400	18	1
719	81	38	1	0	14	0	0	1001	735.09	1.25	101.23	376.32	1361.4	13	1000260560	8	1
719	81	43	2	0	14	1	0	1002	494.06	-8.21	-138.39	185.26	785.6	14	1000180400	9	1
719	81	43	2	1	14	1	0	1002	447.43	-672.45	-303.36	51.47	970.7	14	1000080160	9	0
719	81	47	1	0	14	0	2	1091	3539.47	-49.58	56.85	36.89	1328.1	13	1000180400	11	1
719	81	48	1	0	14	1	0	1002	503.32	-33.64	-422.23	218.11	1145.9	14	1000080160	20	0
719	81	49	1	0	14	0	0	1001	1375.94	-218.84	-84.22	414.75	736.4	13	1000180400	10	0
717	88	15	2	0	14	0	10	1000	693.43	11.95	-106.28	191.65	1449.4	13	1000180400	13	1
717	88	15	2	1	14	0	1	1003	811.21	-71.39	186.61	537.11	1327.5	13	1000180400	14	0
717	88	19	2	0	14	0	1	1004	1407.57	-193.83	-123.77	-33.60	889.3	13	1000180400	20	0
717	88	19	2	1	14	0	0	1001	268.99	-631.90	-535.45	1008.49	1325.6	13	1000140280	8	0
717	88	21	3	0	14	0	0	1001	573.37	284.90	-407.54	-327.15	258.7	13	1000140280	15	0
717	88	21	3	1	14	0	1	1004	1965.68	204.46	-22.59	179.12	1146.3	13	1000180400	11	0
717	88	21	3	2	14	1	0	1002	503.69	-468.22	139.96	-313.48	238.0	14	1000140280	9	0
717	88	28	2	0	14	0	0	1001	634.19	98.31	146.29	454.83	227.8	13	1000180400	10	1
717	88	28	2	1	14	0	10	1000	666.35	26.72	-410.86	-76.79	1344.7	13	1000140280	13	0
717	88	29	2	0	14	0	2	1091	3790.99	-403.36	165.55	560.05	1349.4	13	1000130270	16	0
717	88	29	2	1	14	0	0	1001	397.16	263.93	-130.69	-329.40	750.1	13	1000110230	9	0
717	88	33	4	0	14	1	0	1002	885.48	145.49	-18.50	198.27	976.2	14	1000180400	10	1
717	88	33	4	1	14	1	0	1002	669.06	-165.71	225.56	965.48	1022.6	14	1000080160	10	0
717	88	33	4	2	14	0	1	1003	2622.73	185.14	-177.96	-719.54	735.2	13	1000080160	12	0
717	88	33	4	3	14	0	1	1003	2265.29	-237.44	-656.19	588.12	590.8	13	1000110230	11	0
717	88	38	1	0	14	0	0	1001	544.10	-69.97	-75.64	43.16	537.5	13	1000180400	16	1
717	88	45	1	0	14	1	1	1000	1398.86	-124.98	25.42	589.48	648.3	14	1000180400	17	0
717	88	46	1	0	14	0	0	1001	1554.83	-100.95	-131.54	-384.32	861.9	13	1000080160	8	0
717	88	47	3	0	14	0	2	1091	3595.88	-492.34	547.90	98.54	973.0	13	1000140280	16	0
717	88	47	3	1	14	1	0	1002	440.76	286.32	-159.65	971.58	1135.2	14	1000080160	12	0
717	88	47	3	2	14	0	0	1001	1333.41	9.79	138.84	430.99	680.6	13	1000180400	10	1
715	47	2	2	0	14	1	0	1002	658.88	509.89	82.12	-182.82	1550.5	14	1000080160	10	0
715	47	2	2	1	14	1	0	1002	506.38	118.74	-74.99	85.66	688.8	14	1000180400	10	1
715	47	9	1	0	14	0	0	1001	567.05	-165.20	38.57	387.50	469.7	13	1000180400	33	1
715	47	10	3	0	14	1	0	1002	1063.86	-270.26	-216.47	-484.59	517.3	14	1000120240	9	0
715	47	10	3	1	14	1	0	1002	447.15	246.33	365.23	350.68	1583.5	14	1000260560	10	0
715	47	10	3	2	14	0	10	1000	1471.46	39.31	-251.29	585.42	949.1	13	1000180400	31	0
715	47	11	1	0	14	0	0	1001	247.89	-76.45	-92.17	-2.90	290.1	13	1000180400	9	0
715	47	17	1	0	14	0	0	1001	1238.19	-10.04	253.71	-290.19	1146.9	13	1000200400	9	0
715	47	19	3	0	14	0	1	1003	957.11	-54.26	141.72	292.08	109.2	13	1000180400	16	1
715	47	19	3	1	14	0	0	1001	611.81	40.18	-674.73	989.24	207.7	13	1000110230	8	0
715	47	19	3	2	14	0	1	1003	1051.86	-17.79	-32.74	323.10	1471.5	13	1000180400	12	1
715	47	21	2	0	14	1	2	1092	2794.38	119.60	102.86	375.67	658.5	14	1000180400	11	1
715	47	21	2	1	14	1	0	1002	821.06	-358.97	208.63	-498.27	270.4	14	1000200400	9	0
715	47	23	1	0	14	0	1	1003	4622.14	-158.76	-144.01	285.40	1319.3	13	1000180400	19	1
715	47	24	2	0	14	0	0	1001	438.74	227.85	129.14	70.95	875.6	13	1000180400	9	0
715	47	24	2	1	14	1	0	1002	268.45	185.91	489.33	-343.86	559.7	14	1000080160	12	0
715	47	26	1	0	14	0	1	1003	908.32	516.51	-4.65	-346.38	180.7	13	1000200400	19	0
715	47	27	1	0	14	0	1	1003	1023.81	-130.09	-73.55	84.01	1426.6	13	1000180400	28	1
715	47	29	1	0	14	0	0	1001	904.26	12.87	87.74	294.73	1056.7	13	1000180400	18	1
715	47	32	2	0	14	1	0	1002	304.32	-632.89	-274.26	-490.94	1370.3	14	1000130270	9	0
715	47	32	2	1	14	1	0	1002	900.24	-236.93	150.79	484.25	985.5	14	1000180400	10	0
715	47	33	1	0	14	1	0	1002	222.56	-5.07	45.26	70.26	803.6	14	1000180400	11	1
715	47	41	3	0	14	0	10	1000	755.28	-32.19	-158.15	387.78	790.9	13	1000180400	13	1
715	47	41	3	1	14	1	0	1002	2294.49	692.45	-491.00	-208.29	1303.9	14	1000140280	9	0
715	47	41	3	2	14	0	1	1003	922.62	-214.56	507.83	-273.83	465.7	13	1000140280	11	0
715	47	46	4	0	14	0	10	1000	1037.63	48.75	-432.98	-174.42	1570.0	13	1000140280	11	0
715	47	46	4	1	14	0	0	1001	960.86	-80.77	132.43	212.18	880.2	13	1000180400	9	1
715	47	46	4	2	14	0	0	1001	410.07	316.84	-166.16	-298.67	806.4	13	1000140280	8	0
715	47	46	4	3	14	0	1	1003	634.79	-103.89	-31.58	153.90	442.9	13	1000180400	20	1
720	38	6	1	0	14	0	0	1001	833.22	238.39	-68.69	-37.00	439.1	13	1000180400	9	0
720	38	7	1	0	14	0	1	1003	954.21	-243.20	-1.04	-26.77	1214.1	13	1000180400	13	0
720	38	9	2	0	14	0	1	1003	988.74	-193.71	154.22	178.50	955.7	13	1000180400	13	1
720	38	9	2	1	14	0	0	1001	981.98	-57.17	-2.57	180.24	1503.8	13	1000180400	8	1
720	38	12	1	0	14	0	0	1001	354.99	-84.71	4.21	534.50	211.1	13	1000180400	9	0
720	38	14	2	0	14	0	0	1001	670.09	-139.61	-32.22	480.25	797.2	13	1000180400	9	1
720	38	14	2	1	14	0	1	1005	1244.37	-118.25	-0.31	107.86	292.0	13	1000180400	28	1
720	38	23	2	0	14	1	0	1002	646.58	101.19	208.89	-389.49	729.0	14	1000120240	10	0
720	38	23	2	1	14	0	1	1003	620.01	246.37	-50.37	400.42	336.4	13	1000180400	12	0
720	38	25	1	0	14	0	0	1001	916.01	25.86	-58.38	214.80	1412.0	13	1000180400	9	1
720	38	28	3	0	14	0	0	1001	272.75	-185.33	-577.35	197.42	405.7	13	1000110230	8	0
720	38	28	3	1	14	0	0	1001	2235.72	215.02	-66.94	346.26	1284.5	13	1000180400	10	0
720	38	28	3	2	14	0	1	1003	2694.84	119.79	-128.34	1285.14	955.1	13	1000080160	12	0
720	38	35	2	0	14	1	0	1002	2344.73	-464.88	-276.64	-577.22	628.4	14	1000080160	12	0
720	38	35	2	1	14	1	0	1002	862.18	85.70	-127.15	200.73	1221.3	14	1000180400	10	1
720	38	36	1	0	14	0	1	1003	1183.04	97.44	-76.73	336.16	1567.1	13	1000180400	13	1
720	38	42	1	0	14	0	0	1001	731.62	19.09	98.77	183.07	1146.9	13	1000180400	18	1
720	38	46	3	0	14	1	1	1000	3056.56	561.38	359.81	96.67	1274.6	14	1000200400	32	0
720	38	46	3	1	14	1	2	1092	1826.90	-371.19	-84.18	1050.88	532.4	14	1000200400	16	0
720	38	46	3	2	14	1	0	1002	1325.43	-41.80	-265.98	467.85	171.3	14	1000180400	9	0
720	38	47	2	0	14	0	1	1003	682.91	198.12	-404.93	-174.47	1361.9	13	1000140280	12	0
720	38	47	2	1	14	1	0	1002	1193.56	56.94	-60.27	253.90	920.0	14	1000180400	12	1
720	38	50	2	0	14	0	1	1004	1212.52	40.15	100.56	194.08	957.2	13	1000180400	18	1
720	38	50	2	1	14	1	0	1002	486.96	-426.35	178.63	-435.99	688.7	14	1000080160	8	0
719	93	3	1	0	14	0	0	1001	550.41	93.25	69.42	185.65	1504.9	13	1000180400	8	1
719	93	7	1	0	14	0	0	1001	535.35	-61.75	14.20	1.85	307.6	13	1000180400	8	1
719	93	11	2	0	14	0	10	1000	1278.97	-166.06	-75.52	200.07	218.9	13	1000180400	11	1
719	93	11	2	1	14	0	0	1001	712.77	-501.36	-379.79	982.37	963.7	13	1000200400	8	0
719	93	13	1	0	14	0	1	1003	1335.18	-139.76	104.33	383.73	1323.8	13	1000180400	20	1
719	93	14	3	0	14	0	0	1001	2193.21	531.21	302.61	201.37	560.8	13	1000260560	9	0
719	93	14	3	1	14	0	1	1003	929.48	-520.31	-138.03	866.10	1072.9	13	1000080160	16	0
719	93	14	3	2	14	0	0	1001	374.41	-19.05	215.93	499.77	1535.0	13	1000180400	15	0
719	93	15	1	0	14	1	0	1002	555.21	-256.96	100.05	405.08	850.3	14	1000180400	9	0
719	93	25	1	0	14	0	0	1001	3369.99	-42.85	62.39	-546.95	1291.7	13	1000200400	8	0
719	93	34	1	0	14	0	0	1001	859.61	141.14	83.68	302.53	523.2	13	1000180400	23	1
719	93	41	2	0	14	0	0	1001	490.65	-529.95	-561.93	674.73	1161.7	13	1000080160	8	0
719	93	41	2	1	14	0	0	1001	894.13	119.83	209.02	309.94	1055.9	13	1000180400	9	0
719	93	42	3	0	14	0	0	1001	542.06	74.46	155.79	-340.76	235.3	13	1000080160	8	0
719	93	42	3	1	14	0	0	1001	590.08	213.99	46.90	367.58	1511.1	13	1000180400	9	0
719	93	42	3	2	14	0	0	1001	1008.75	-258.50	57.62	134.10	1181.5	13	1000180400	9	0
719	93	44	1	0	14	0	0	1001	455.60	85.37	201.85	-7.48	535.6	13	1000280590	22	0
715	80	2	2	0	14	0	0	1001	380.53	676.62	-605.76	994.19	264.1	13	1000110230	24	0
715	80	2	2	1	14	0	10	1000	1498.20	87.08	90.89	119.64	594.1	13	1000180400	11	1
715	80	6	1	0	14	0	2	1091	5081.91	-41.12	302.67	-275.79	1452.2	13	1000080160	14	0
715	80	13	2	0	14	0	0	1001	766.30	195.73	180.97	-274.65	599.6	13	1000080160	9	0
715	80	13	2	1	14	1	0	1002	830.30	38.14	232.58	993.59	208.2	14	1000080160	14	0
715	80	15	2	0	14	1	0	1002	397.62	-21.44	44.29	559.39	155.6	14	1000180400	22	0
715	80	15	2	1	14	1	1	1000	1158.77	-301.50	131.06	-280.19	1491.9	14	1000140280	15	0
715	80	28	1	0	14	0	0	1001	354.96	-18.06	-140.68	105.02	630.3	13	1000180400	15	1
715	80	34	2	0	14	0	2	1091	1630.10	47.10	-150.45	168.09	690.1	13	1000180400	15	1
715	80	34	2	1	14	0	0	1001	333.99	-140.29	-59.12	952.46	282.8	13	1000140280	8	0
715	80	36	1	0	14	1	10	1000	965.10	5.22	-170.68	72.30	1482.5	14	1000180400	13	1
715	80	41	3	0	14	1	1	1008	954.03	668.65	-483.94	528.27	778.3	14	1000080160	15	0
715	80	41	3	1	14	0	2	1091	2988.08	-253.95	244.23	38.58	1085.8	13	1000180400	15	0
715	80	41	3	2	14	1	0	1002	424.89	154.05	-449.09	86.92	1029.8	14	1000080160	11	0
715	80	45	2	0	14	0	0	1001	336.45	643.63	-326.54	954.13	885.1	13	1000080160	9	0
715	80	45	2	1	14	0	0	1001	932.91	-30.57	-53.36	153.57	1429.2	13	1000180400	9	1
715	80	48	2	0	14	0	10	1000	1006.49	172.28	-31.33	-1.60	1366.0	13	1000180400	12	0
715	80	48	2	1	14	0	2	1091	3234.95	24.30	-213.70	-584.74	226.6	13	1000200400	21	0
714	56	4	1	0	14	1	0	1002	1413.86	-58.75	84.83	-31.68	380.9	14	1000180400	11	0
714	56	10	2	0	14	0	10	1000	866.51	200.89	20.97	192.95	729.1	13	1000180400	11	0
714	56	10	2	1	14	1	0	1002	168.47	138.31	-22.48	-55.56	228.7	14	1000180400	12	0
714	56	18	1	0	14	1	2	1092	2701.53	-127.49	-317.62	-140.03	924.8	14	1000260560	26	0
714	56	26	2	0	14	0	10	1000	651.20	99.15	325.04	-199.27	1511.5	13	1000130270	12	0
714	56	26	2	1	14	0	0	1001	727.17	-60.10	-472.82	548.51	191.6	13	1000200400	24	0
714	56	32	3	0	14	0	10	1000	1173.38	152.03	-423.27	408.15	585.2	13	1000080160	11	0
714	56	32	3	1	14	0	1	1003	2084.49	473.94	-278.60	-598.11	1385.2	13	1000080160	12	0
714	56	32	3	2	14	0	0	1001	1422.09	-426.76	107.33	-282.04	1340.5	13	1000080160	9	0
714	56	35	1	0	14	0	0	1001	734.79	-85.29	-35.08	403.72	1531.1	13	1000180400	9	1
714	56	39	1	0	14	0	1	1003	1043.99	-238.26	-23.15	212.87	388.3	13	1000180400	13	0
714	56	41	1	0	14	0	2	1091	1334.99	36.77	-37.52	-23.96	1388.4	13	1000180400	16	0
714	56	42	1	0	14	0	1	1003	1168.95	-127.68	69.97	218.00	693.5	13	1000180400	39	1
714	56	46	1	0	14	0	10	1000	797.87	-353.46	0.95	295.18	163.8	13	1000260560	24	0
713	93	2	1	0	14	0	10	1000	1410.78	125.63	-186.60	351.76	1037.8	13	1000180400	12	1
713	93	3	4	0	14	1	0	1002	842.87	-215.43	183.23	320.13	240.4	14	1000060120	9	0
713	93	3	4	1	14	0	0	1001	941.08	138.85	224.67	-13.08	1174.1	13	1000180400	10	0
713	93	3	4	2	14	1	1	1008	1036.81	201.08	443.48	-304.53	805.4	14	1000140280	13	0
713	93	3	4	3	14	0	1	1003	930.89	-264.02	-347.08	-442.91	1163.2	13	1000080160	13	0
713	93	4	1	0	14	1	0	1002	802.06	129.12	-89.30	177.90	216.9	14	1000180400	10	1
713	93	12	3	0	14	0	1	1003	772.80	32.53	273.21	-323.32	49.1	13	1000080160	12	0
713	93	12	3	1	14	0	1	1003	1623.71	108.14	-160.23	146.20	1351.3	13	1000180400	11	1
713	93	12	3	2	14	0	2	1091	3571.08	-477.29	-583.69	354.75	1493.4	13	1000140280	14	0
713	93	16	1	0	14	0	0	1001	509.21	157.88	-93.61	283.54	1564.4	13	1000180400	8	1
713	93	19	2	0	14	0	0	1001	1225.19	171.00	25.02	200.29	746.9	13	1000180400	8	1
713	93	19	2	1	14	1	0	1002	130.12	-689.42	453.81	461.89	133.2	14	1000200400	11	0
713	93	21	2	0	14	0	1	1004	876.15	247.75	48.08	-279.32	484.8	13	1000080160	12	0
713	93	21	2	1	14	0	0	1001	628.19	280.71	198.52	-443.79	1465.6	13	1000140280	8	0
713	93	25	2	0	14	0	0	1001	627.66	-248.83	364.95	-397.18	1504.8	13	1000080160	8	0
713	93	25	2	1	14	0	1	1003	777.58	90.52	39.10	406.46	490.5	13	1000180400	11	1
713	93	26	3	0	14	0	0	1001	3110.98	-491.36	-281.16	428.46	1455.7	13	1000080160	8	0
713	93	26	3	1	14	0	0	1001	1219.59	338.05	-86.48	-494.28	347.4	13	1000080160	10	0
713	93	26	3	2	14	0	0	1001	1380.68	139.58	-97.69	31.44	1084.0	13	1000180400	9	1
713	93	27	1	0	14	0	10	1000	869.87	17.94	-28.40	221.71	161.0	13	1000180400	12	1
713	93	29	2	0	14	0	0	1001	455.22	-45.28	35.45	76.61	593.5	13	1000180400	9	1
713	93	29	2	1	14	0	1	1000	1687.84	-38.87	336.97	-402.78	1125.7	13	1000080160	14	0
713	93	32	3	0	14	0	1	1003	2670.76	-686.67	260.61	793.17	465.9	13	1000140280	12	0
713	93	32	3	1	14	1	0	1002	567.12	-161.81	125.24	281.54	865.7	14	1000180400	12	1
713	93	32	3	2	14	1	0	1002	508.81	-337.93	-450.98	133.39	1144.2	14	1000080160	10	0
713	93	33	3	0	14	0	10	1000	1805.59	-41.68	-65.07	407.43	1304.0	13	1000180400	11	1
713	93	33	3	1	14	0	0	1001	543.22	-559.77	-48.22	-324.86	1015.9	13	1000120240	9	0
713	93	33	3	2	14	1	2	1092	3571.38	-291.73	-186.52	1091.76	171.6	14	1000200400	19	0
713	93	35	1	0	-14	0	0	1001	1330.93	18.79	207.66	433.42	871.1	-13	1000260560	9	0
713	93	36	2	0	14	0	10	1000	744.96	-95.33	-374.67	120.15	1558.5	13	1000260560	21	0
713	93	36	2	1	14	1	2	1092	1045.51	-35.19	161.60	139.10	783.9	14	1000180400	12	1
713	93	37	1	0	14	0	0	1001	529.11	-131.68	47.89	218.52	539.4	13	1000180400	10	1
713	93	41	5	0	14	0	0	1001	464.23	-477.27	78.73	460.80	797.1	13	1000080160	10	0
713	93	41	5	1	14	1	2	1092	2667.06	-177.68	185.53	288.93	1490.7	14	1000180400	23	1
713	93	41	5	2	14	1	2	1092	2560.32	116.00	158.78	-544.37	835.2	14	1000110230	14	0
713	93	41	5	3	14	1	0	1002	384.72	-651.27	534.75	956.08	697.8	14	1000120240	9	0
713	93	41	5	4	14	0	10	1000	634.25	52.74	-538.72	886.10	1547.0	13	1000080160	19	0
713	93	49	2	0	14	0	0	1001	796.57	24.82	-181.26	112.07	215.7	13	1000180400	16	1
713	93	49	2	1	14	0	1	1003	941.82	75.09	-338.24	654.59	1352.9	13	1000060120	11	0
713	93	50	1	0	14	0	0	1001	638.86	176.35	-135.81	40.99	401.8	13	1000180400	12	1
719	32	1	2	0	14	1	1	1000	899.76	-179.22	184.58	370.84	374.6	14	1000180400	16	1
719	32	1	2	1	14	0	0	1001	436.21	551.74	458.48	-133.28	357.8	13	1000120240	8	0
719	32	4	3	0	14	0	1	1003	755.47	-44.14	147.93	172.60	1069.8	13	1000180400	12	1
719	32	4	3	1	14	0	0	1001	885.79	92.31	-476.39	-351.16	825.1	13	1000140280	8	0
719	32	4	3	2	12	0	0	1001	2148.52	-42.70	-595.80	1087.89	893.2	11	1000080160	10	0
719	32	8	3	0	14	0	1	1005	3202.69	-527.21	17.93	-594.67	1460.6	13	1000200400	12	0
719	32	8	3	1	14	1	0	1002	700.23	-28.44	-157.16	285.12	317.1	14	1000180400	10	1
719	32	8	3	2	14	1	0	1002	3776.34	18.30	-130.36	-735.78	890.3	14	1000080160	21	0
719	32	12	1	0	14	1	0	1002	910.32	188.03	-39.78	21.29	799.8	14	1000180400	10	1
719	32	16	1	0	14	0	10	1000	696.09	-106.21	416.93	6.04	1558.4	13	1000260560	12	0
719	32	25	2	0	14	1	0	1002	870.77	-70.39	-202.09	-31.97	174.1	14	1000180400	11	0
719	32	25	2	1	14	1	10	1000	1244.12	-7.50	9.14	-306.68	1166.4	14	1000130270	13	0
719	32	26	2	0	14	0	1	1003	886.03	-125.98	87.40	576.67	404.6	13	1000180400	14	0
719	32	26	2	1	14	0	0	1001	523.05	-279.53	-420.89	-220.86	696.4	13	1000200400	9	0
719	32	29	1	0	14	1	0	1002	448.31	-106.18	112.59	410.73	359.0	14	1000180400	10	1
719	32	31	1	0	14	0	1	1003	538.05	-35.85	53.14	123.97	232.2	13	1000180400	42	1
719	32	32	3	0	14	1	0	1002	1044.63	182.20	135.75	393.27	1511.2	14	1000180400	10	1
719	32	32	3	1	14	0	0	1001	383.73	141.03	447.20	412.80	302.1	13	1000260560	13	0
719	32	32	3	2	14	0	1	1003	2501.35	-681.42	-108.55	296.08	275.5	13	1000200400	11	0
719	32	34	1	0	14	0	0	1001	478.76	7.16	-173.28	32.18	572.8	13	1000180400	9	1
719	32	35	2	0	14	1	0	1002	670.73	-63.46	-534.67	591.39	650.0	14	1000130270	9	0
719	32	35	2	1	14	0	0	1001	1247.22	-135.56	-3.40	353.54	923.9	13	1000180400	9	1
719	32	39	1	0	14	0	0	1001	4369.76	-77.22	-56.24	-785.76	714.3	13	1000080160	8	0
719	32	50	2	0	14	0	10	1000	1224.87	-179.56	-140.03	473.08	1043.5	13	1000180400	16	1
719	32	50	2	1	14	0	0	1001	602.91	-547.16	181.45	389.60	433.2	13	1000200400	9	0
719	99	5	1	0	14	0	10	1000	795.03	-54.97	212.12	231.32	902.6	13	1000180400	12	0
719	99	8	1	0	14	1	0	1002	1023.54	-131.25	-40.53	402.62	963.8	14	1000180400	10	1
719	99	15	1	0	14	0	2	1091	2062.76	-486.05	-396.26	-265.58	70.0	13	1000080160	15	0
719	99	19	1	0	14	0	1	1005	1203.86	40.55	-5.65	219.79	824.8	13	1000180400	13	1
719	99	31	2	0	14	0	0	1001	567.91	58.92	-30.93	494.44	985.4	13	1000180400	24	1
719	99	31	2	1	14	0	1	1003	631.45	155.62	24.73	603.67	1386.4	13	1000180400	29	0
719	99	32	2	0	14	0	1	1004	1103.85	23.36	32.26	-324.12	918.2	13	1000080160	13	0
719	99	32	2	1	14	0	0	1001	616.11	-600.40	-253.68	659.86	1274.5	13	1000080160	9	0
719	99	40	2	0	14	0	0	1001	443.24	30.96	-145.89	310.06	1150.2	13	1000180400	12	1
719	99	40	2	1	14	0	0	1001	379.77	-586.56	-470.25	70.44	215.1	13	1000140280	8	0
719	99	47	2	0	14	1	1	1006	817.70	-376.87	196.97	-286.35	202.1	14	1000080160	18	0
719	99	47	2	1	14	0	10	1000	972.42	-93.76	-195.35	434.17	1077.0	13	1000180400	12	1
719	99	50	2	0	14	0	0	1001	1024.04	-108.13	16.91	377.62	564.9	13	1000180400	9	1
719	99	50	2	1	14	1	1	1007	1120.35	-61.06	19.39	234.82	409.5	14	1000180400	13	1
715	58	18	1	0	14	1	1	1008	1756.34	-15.94	202.02	581.46	154.7	14	1000180400	11	0
715	58	23	3	0	14	0	1	1000	1093.42	30.21	-234.31	537.86	966.8	13	1000180400	13	0
715	58	23	3	1	14	0	0	1001	1364.07	-259.46	92.19	444.93	187.6	13	1000180400	8	0
715	58	23	3	2	14	1	1	1009	2086.31	389.68	148.45	958.95	1548.8	14	1000130270	14	0
715	58	29	1	0	14	0	0	1001	427.29	480.71	152.70	-94.79	1384.5	13	1000140280	9	0
715	58	32	1	0	14	0	10	1000	1178.67	-156.41	-134.60	-307.01	937.9	13	1000140280	13	0
715	58	37	1	0	14	0	0	1001	1192.52	-41.44	55.24	-296.24	733.6	13	1000140280	9	0
715	58	42	1	0	-14	1	10	1000	916.94	-85.39	-188.19	379.79	1360.5	-14	1000180400	20	1
715	58	46	2	0	14	0	0	1001	909.49	-140.50	-150.25	211.16	1487.8	13	1000180400	10	1
715	58	46	2	1	14	0	0	1001	781.15	-136.96	115.95	103.78	933.8	13	1000180400	10	1
715	58	49	3	0	14	0	2	1091	2000.90	-56.51	-195.22	155.14	1370.4	13	1000180400	17	1
715	58	49	3	1	14	0	10	1000	3199.95	-322.61	584.36	-521.64	327.1	13	1000200400	19	0
715	58	49	3	2	14	1	0	1002	293.79	-659.22	451.75	-13.83	1384.8	14	1000200400	11	0
715	58	50	2	0	14	1	10	1000	1122.20	-146.49	113.19	325.48	810.0	14	1000180400	11	1
715	58	50	2	1	14	1	0	1002	575.12	25.09	324.86	-153.91	678.8	14	1000260560	36	0
719	96	4	1	0	14	1	0	1002	809.76	30.05	149.02	407.03	1263.8	14	1000180400	17	1
719	96	8	2	0	14	0	1	1003	1474.50	-33.20	86.39	90.63	478.6	13	1000180400	11	1
719	96	8	2	1	14	1	1	1009	661.13	475.52	-371.59	575.76	1365.2	14	1000080160	11	0
719	96	10	3	0	14	0	0	1001	1058.47	-38.78	-181.97	398.17	790.9	13	1000180400	9	1
719	96	10	3	1	14	0	0	1001	1633.37	-114.53	-137.90	-413.84	842.3	13	1000200400	8	0
719	96	10	3	2	14	0	10	1000	471.38	552.42	-204.38	-336.29	1073.3	13	1000080160	25	0
719	96	13	4	0	14	0	0	1001	404.21	-172.70	-703.50	-64.05	1307.2	13	1000140280	8	0
719	96	13	4	1	14	0	2	1091	923.14	-520.48	-56.52	429.76	1552.0	13	1000260560	14	0
719	96	13	4	2	14	0	1	1003	593.26	68.03	120.19	302.55	582.0	13	1000180400	20	1
719	96	13	4	3	14	0	0	1001	1319.11	-526.17	-506.33	-395.68	483.4	13	1000140280	8	0
719	96	21	1	0	14	0	0	1001	436.48	-73.84	-211.52	151.17	541.7	13	1000180400	9	0
719	96	25	3	0	14	0	1	1003	1470.12	-94.85	-42.02	246.11	711.7	13	1000180400	30	1
719	96	25	3	1	14	1	0	1002	783.92	-213.32	223.34	273.78	316.1	14	1000180400	13	0
719	96	25	3	2	-14	0	1	1000	1532.16	547.36	82.07	20.98	1007.7	-13	1000200400	42	0
719	96	32	1	0	14	0	1	1003	1263.55	-208.67	99.08	242.43	1147.3	13	1000180400	13	0
719	96	36	4	0	14	0	0	1001	478.20	-166.36	545.35	-288.94	354.0	13	1000080160	8	0
719	96	36	4	1	14	0	10	1000	618.59	235.48	-642.03	501.97	1194.8	13	1000140280	20	0
719	96	36	4	2	14	0	0	1001	972.00	-141.85	121.05	349.57	752.7	13	1000180400	8	1
719	96	36	4	3	14	0	10	1000	4412.06	-149.71	290.49	-690.01	1022.6	13	1000140280	12	0
719	96	43	1	0	14	0	1	1004	1474.22	-7.77	-89.56	-285.22	1245.4	13	1000080160	13	0
719	96	45	3	0	14	0	0	1001	1341.65	-237.60	110.40	-57.81	1327.2	13	1000180400	10	0
719	96	45	3	1	14	0	0	1001	266.33	-25.26	-279.05	-366.20	217.0	13	1000140280	8	0
719	96	45	3	2	14	1	0	1002	735.83	-63.71	-229.69	956.70	299.1	14	1000080160	10	0
713	87	3	1	0	14	1	1	1009	1603.61	-139.82	63.91	574.11	1289.8	14	1000180400	12	0
713	87	5	2	0	14	0	2	1091	1648.23	-34.03	-4.85	285.80	163.3	13	1000180400	14	1
713	87	5	2	1	14	0	2	1091	1787.16	453.43	-503.77	931.96	886.5	13	1000110230	11	0
713	87	11	2	0	14	1	0	1002	491.98	-523.59	-605.81	735.02	406.8	14	1000140280	11	0
713	87	11	2	1	14	0	0	1001	662.96	113.39	-136.70	172.29	729.0	13	1000180400	9	1
713	87	12	1	0	14	0	1	1005	1453.23	43.25	-89.47	296.77	905.4	13	1000180400	13	1
713	87	19	2	0	14	0	10	1000	594.91	118.72	16.56	308.09	1302.1	13	1000180400	19	1
713	87	19	2	1	14	0	0	1001	603.62	115.76	-102.88	-58.62	1309.1	13	1000180400	8	0
713	87	22	3	0	14	0	0	1001	675.81	-279.49	-432.72	988.22	1457.4	13	1000080160	16	0
713	87	22	3	1	14	0	1	1003	1648.40	94.44	-5.03	158.74	711.1	13	1000180400	20	1
713	87	22	3	2	14	0	0	1001	623.45	312.36	-51.91	-286.95	791.1	13	1000080160	8	0
713	87	28	1	0	14	0	0	1001	356.72	177.68	-153.03	411.35	1400.3	13	1000180400	8	1
713	87	29	2	0	14	1	2	1092	1132.85	-228.81	56.86	244.64	1015.4	14	1000180400	12	0
713	87	29	2	1	14	1	1	1008	2426.70	-555.22	-665.59	1226.64	1200.7	14	1000080160	23	0
713	87	34	2	0	14	1	0	1002	331.47	-408.19	-655.69	20.01	1292.4	14	1000130270	9	0
713	87	34	2	1	14	1	1	1008	978.00	-117.23	-20.24	465.25	1004.0	14	1000180400	13	1
713	87	38	2	0	14	0	1	1005	1422.47	339.37	-265.65	396.43	322.1	13	1000080160	11	0
713	87	38	2	1	14	1	1	1008	776.74	-146.89	-73.71	-330.79	1031.6	14	1000140280	13	0
713	87	42	2	0	14	1	0	1002	410.74	-659.63	-64.19	56.39	120.3	14	1000080160	10	0
713	87	42	2	1	14	1	0	1002	948.06	-39.53	-73.99	470.63	416.4	14	1000180400	11	1
713	87	43	1	0	14	0	0	1001	526.56	475.99	-115.97	-77.79	321.5	13	1000140280	11	0
713	87	44	3	0	14	0	0	1001	503.19	-329.01	-690.82	593.16	744.2	13	1000140280	8	0
713	87	44	3	1	14	0	10	1000	912.58	-2.17	30.62	284.62	1186.6	13	1000180400	16	1
713	87	44	3	2	14	1	10	1000	554.57	-233.73	-472.99	-442.52	196.5	14	1000080160	11	0
717	32	4	2	0	14	0	1	1003	1255.04	113.90	-148.97	237.13	1490.8	13	1000180400	22	1
717	32	4	2	1	14	0	0	1001	500.60	571.64	-331.14	-440.35	1030.2	13	1000140280	13	0
717	32	8	2	0	14	0	1	1003	2116.32	491.51	482.84	515.03	1137.4	13	1000140280	18	0
717	32	8	2	1	14	0	1	1004	2277.93	-87.34	-126.56	-285.64	1467.2	13	1000140280	13	0
717	32	10	2	0	14	0	0	1001	456.05	586.67	-261.42	104.70	403.3	13	1000080160	8	0
717	32	10	2	1	14	0	10	1000	1116.57	-88.53	-239.22	343.91	638.5	13	1000180400	35	0
717	32	12	2	0	14	0	0	1001	696.22	604.08	-152.85	442.52	1493.6	13	1000120240	9	0
717	32	12	2	1	14	0	1	1003	1106.73	95.47	213.81	213.32	296.3	13	1000180400	11	0
717	32	14	2	0	14	0	1	1004	1649.97	21.57	-497.48	-46.14	1290.5	13	1000080160	11	0
717	32	14	2	1	14	0	0	1001	594.88	57.36	139.49	524.90	814.9	13	1000180400	48	0
717	32	15	1	0	14	0	10	1000	824.03	-207.99	232.89	3.65	495.9	13	1000180400	12	0
717	32	17	1	0	14	0	1	1004	1905.70	115.95	179.86	370.34	793.4	13	1000180400	14	1
717	32	20	1	0	14	0	0	1001	566.47	25.79	-226.98	59.12	1329.0	13	1000180400	21	0
717	32	26	2	0	14	1	1	1008	2681.05	-263.90	371.44	-723.30	1249.0	14	1000120240	11	0
717	32	26	2	1	14	1	0	1002	458.93	-66.18	122.04	216.50	1162.4	14	1000180400	12	1
717	32	31	3	0	14	0	0	1001	666.21	133.26	97.61	-294.36	428.8	13	1000080160	9	0
717	32	31	3	1	14	0	0	1001	1012.27	-219.67	21.21	185.36	124.4	13	1000180400	23	0
717	32	31	3	2	14	0	0	1001	349.10	461.27	77.03	-319.99	105.6	13	1000140280	9	0
717	32	38	3	0	14	1	1	1007	855.16	580.95	533.71	465.32	1097.4	14	1000140280	13	0
717	32	38	3	1	14	1	0	1002	844.50	-129.61	-697.59	940.65	507.7	14	1000080160	10	0
717	32	38	3	2	14	0	1	1003	3017.43	227.88	22.46	-884.88	144.6	13	1000160320	17	0
717	32	40	3	0	14	0	0	1001	401.64	643.27	-470.80	727.05	273.3	13	1000140280	8	0
717	32	40	3	1	14	0	0	1001	1009.71	-165.12	-104.46	308.11	488.9	13	1000180400	9	1
717	32	40	3	2	14	1	2	1092	1845.24	-101.22	107.96	-449.40	1331.5	14	1000080160	12	0
717	32	42	3	0	14	0	2	1091	1842.45	-696.14	142.84	258.87	1473.1	13	1000080160	16	0
717	32	42	3	1	14	1	0	1002	652.92	-687.19	-205.90	-501.13	685.1	14	1000200400	9	0
717	32	42	3	2	14	0	0	1001	633.93	130.57	-37.22	-15.02	1083.3	13	1000180400	9	0
717	32	45	2	0	14	0	1	1003	1123.92	-223.16	-16.28	319.61	1283.2	13	1000180400	13	0
717	32	45	2	1	14	0	0	1001	1143.44	293.47	-171.16	-417.28	824.1	13	1000080160	10	0
717	32	50	1	0	14	1	0	1002	265.71	105.64	149.57	41.26	1480.9	14	1000180400	9	1
714	68	1	1	0	14	1	1	1006	690.40	-48.08	224.17	452.14	1268.3	14	1000180400	12	0
714	68	10	1	0	14	0	0	1001	551.87	202.51	-42.70	331.65	509.2	13	1000180400	14	0
714	68	11	2	0	-14	0	0	1001	1250.09	-50.32	-11.64	-296.30	1565.2	-13	1000080160	10	0
714	68	11	2	1	14	1	1	1006	3036.54	208.07	-613.49	887.90	318.4	14	1000080160	11	0
714	68	13	3	0	14	0	1	1003	822.14	-69.40	97.78	-504.82	442.6	13	1000080160	16	0
714	68	13	3	1	14	0	1	1003	755.59	86.69	-211.44	-33.73	1119.5	13	1000180400	12	0
714	68	13	3	2	14	0	10	1000	663.96	-138.71	3.42	-368.35	1013.5	13	1000080160	11	0
714	68	17	2	0	14	0	1	1003	4032.39	-303.13	89.30	-447.42	214.7	13	1000080160	12	0
714	68	17	2	1	14	0	0	1001	695.54	-239.32	-37.54	-469.64	1503.1	13	1000140280	8	0
714	68	20	3	0	14	0	0	1001	528.69	323.66	146.21	-324.64	1243.6	13	1000080160	9	0
714	68	20	3	1	14	0	0	1001	795.56	332.70	118.49	38.79	1160.2	13	1000060120	8	0
714	68	20	3	2	14	0	1	1004	1466.55	170.18	67.89	333.59	1358.8	13	1000180400	23	1
714	68	25	1	0	14	1	1	1009	503.68	161.36	10.16	391.55	432.2	14	1000180400	20	1
714	68	27	1	0	14	0	0	1001	394.72	61.69	-381.28	-148.74	1513.8	13	1000130270	14	0
714	68	29	1	0	14	0	1	1005	2256.62	-224.08	-72.01	181.52	975.7	13	1000180400	13	0
714	68	31	2	0	14	0	0	1001	319.10	141.85	104.60	-49.40	1552.3	13	1000180400	10	0
714	68	31	2	1	14	1	0	1002	2708.18	-116.90	355.63	47.24	1330.7	14	1000240520	13	0
714	68	32	2	0	14	0	1	1003	754.18	137.68	-166.73	620.42	120.1	13	1000180400	18	0
714	68	32	2	1	14	0	0	1001	297.70	-575.95	131.31	524.33	852.6	13	1000080160	8	0
714	68	33	4	0	14	1	1	1007	777.68	-181.40	-86.35	993.97	529.2	14	1000080160	12	0
714	68	33	4	1	14	0	0	1001	414.94	233.30	-627.65	685.96	632.4	13	1000130270	8	0
714	68	33	4	2	14	1	1	1007	756.25	-246.23	128.82	145.19	105.4	14	1000180400	13	0
714	68	33	4	3	14	1	0	1002	582.80	429.23	-224.77	982.57	982.2	14	1000080160	11	0
714	68	34	3	0	14	0	0	1001	1251.43	-4.79	-175.44	-285.42	674.4	13	1000080160	9	0
714	68	34	3	1	12	0	0	1001	1274.20	486.97	-240.75	243.59	1281.5	11	1000110230	15	0
714	68	34	3	2	14	1	0	1002	405.45	-116.23	-453.30	563.83	154.3	14	1000140280	9	0
714	68	37	1	0	14	0	0	1001	2029.28	-104.07	304.63	-52.97	1273.4	13	1000080160	10	0
714	68	41	2	0	14	0	0	1001	306.31	-544.44	-81.34	791.03	1449.6	13	1000140280	12	0
714	68	41	2	1	14	0	1	1003	2661.14	-236.02	178.91	-502.46	610.0	13	1000200400	37	0
714	68	46	2	0	14	0	0	1001	3546.17	-118.54	-51.24	-725.59	1152.1	13	1000080160	9	0
714	68	46	2	1	14	0	1	1005	1425.54	367.68	-511.60	-18.70	1216.1	13	1000080160	11	0
714	68	47	3	0	14	0	0	1001	1135.18	78.63	51.03	180.51	426.4	13	1000180400	9	1
714	68	47	3	1	14	0	1	1004	699.79	281.09	30.71	-457.21	1312.7	13	1000140280	11	0
714	68	47	3	2	14	0	0	1001	2075.17	-519.83	32.46	-191.59	981.6	13	1000140280	13	0
713	51	3	2	0	14	0	0	1001	846.63	-32.14	32.54	-52.04	947.2	13	1000180400	10	0
713	51	3	2	1	14	0	2	1091	1629.31	172.57	-32.46	275.52	920.6	13	1000180400	16	1
713	51	6	1	0	14	1	0	1002	603.34	-94.42	10.33	442.13	681.4	14	1000180400	12	1
713	51	7	2	0	14	0	2	1091	2858.94	-154.06	-458.90	-700.85	1060.1	13	1000200400	21	0
713	51	7	2	1	14	0	10	1000	799.44	-26.10	-173.34	-308.65	769.2	13	1000080160	11	0
713	51	8	3	0	14	0	1	1004	1191.74	249.59	-224.85	477.21	1327.7	13	1000180400	17	0
713	51	8	3	1	14	0	0	1001	560.24	-632.87	-149.98	664.53	897.2	13	1000080160	9	0
713	51	8	3	2	14	0	0	1001	519.84	-459.01	79.24	-367.12	1089.5	13	1000140280	8	0
713	51	13	2	0	14	0	0	1001	1394.07	-164.78	-104.49	257.35	258.9	13	1000180400	9	1
713	51	13	2	1	14	0	10	1000	1203.44	-27.71	93.58	-507.23	516.6	13	1000140280	14	0
713	51	19	5	0	14	0	0	1001	441.96	-701.16	-232.88	-381.26	390.1	13	1000200400	8	0
713	51	19	5	1	14	0	2	1091	3127.84	344.65	267.56	-928.06	1072.3	13	1000200400	13	0
713	51	19	5	2	14	0	0	1001	553.86	128.18	-630.21	84.64	494.4	13	1000080160	9	0
713	51	19	5	3	14	1	0	1002	1111.77	-235.80	-211.83	416.55	564.0	14	1000180400	10	0
713	51	19	5	4	14	0	0	1001	2160.32	360.15	-91.28	1134.46	817.7	13	1000200400	9	0
713	51	20	2	0	14	0	0	1001	1315.37	-70.39	-152.68	18.00	1177.3	13	1000180400	8	1
713	51	20	2	1	14	1	1	1009	1060.22	13.09	26.63	633.09	1010.0	14	1000180400	40	0
713	51	21	1	0	14	0	10	1000	592.11	88.31	-7.95	24.95	327.7	13	1000180400	12	1
713	51	25	2	0	14	0	0	1001	377.25	-633.88	186.42	904.55	431.1	13	1000140280	8	0
713	51	25	2	1	14	0	1	1003	893.41	137.24	-191.01	232.09	769.4	13	1000180400	22	1
713	51	34	2	0	14	0	0	1001	998.05	2.18	74.48	131.70	444.7	13	1000180400	15	1
713	51	34	2	1	14	0	10	1000	366.53	-104.18	147.70	-339.61	1410.6	13	1000080160	12	0
713	51	35	2	0	14	1	0	1002	687.03	160.34	-4.92	157.61	1543.5	14	1000180400	12	1
713	51	35	2	1	14	0	2	1091	3429.70	-664.99	-303.65	-471.15	706.9	13	1000080160	12	0
713	51	41	2	0	14	0	0	1001	501.83	-50.40	206.76	434.75	246.8	13	1000180400	9	0
713	51	41	2	1	14	1	1	1009	3398.51	-122.90	-489.61	-808.40	1167.5	14	1000110230	18	0
713	51	44	1	0	14	0	1	1005	1835.88	-132.50	148.57	437.94	359.2	13	1000180400	13	1
717	50	1	2	0	14	1	2	1092	1715.27	-31.21	-2.49	105.97	1101.9	14	1000180400	23	1
717	50	1	2	1	14	0	0	1001	1144.26	-218.56	30.76	383.97	1512.5	13	1000260560	8	0
717	50	2	2	0	14	1	0	1002	861.34	-306.31	244.38	500.92	324.0	14	1000060120	9	0
717	50	2	2	1	14	0	0	1001	1126.19	-62.88	-227.71	388.89	737.2	13	1000180400	8	0
717	50	8	2	0	14	0	0	1001	507.23	250.92	-463.90	-197.17	905.4	13	1000080160	8	0
717	50	8	2	1	14	0	0	1001	1450.38	82.86	-152.32	-282.57	1036.3	13	1000080160	9	0
717	50	12	2	0	14	0	1	1003	1058.90	-146.86	-10.46	356.32	301.5	13	1000180400	16	1
717	50	12	2	1	14	0	2	1091	3114.70	-25.60	-36.73	258.86	579.0	13	1000180400	14	1
717	50	15	3	0	14	1	0	1002	357.67	-520.93	582.25	505.95	627.0	14	1000080160	9	0
717	50	15	3	1	14	1	1	1008	1908.26	-221.48	-137.89	402.46	604.7	14	1000180400	24	0
717	50	15	3	2	14	1	0	1002	304.63	539.84	-418.81	-173.68	792.9	14	1000140280	11	0
717	50	17	2	0	14	0	0	1001	578.28	-17.14	-57.43	173.52	292.5	13	1000180400	22	1
717	50	17	2	1	14	0	0	1001	1367.25	-154.04	175.79	389.04	1247.4	13	1000180400	10	1
717	50	20	2	0	14	0	1	1005	2479.48	481.09	185.59	292.24	1508.5	13	1000080160	15	0
717	50	20	2	1	14	1	0	1002	1165.29	-39.98	-44.40	206.50	1410.4	14	1000180400	11	1
717	50	24	1	0	14	0	1	1003	831.89	-128.93	104.19	189.67	1353.2	13	1000180400	14	1
717	50	26	2	0	14	0	0	1001	1111.33	-125.93	-56.29	642.08	839.1	13	1000180400	9	0
717	50	26	2	1	14	1	0	1002	1087.38	-65.88	-90.98	-52.38	1100.9	14	1000180400	25	0
717	50	40	3	0	14	0	1	1003	1035.04	89.41	147.23	142.65	936.9	13	1000180400	12	1
717	50	40	3	1	14	0	10	1000	961.81	633.99	45.68	352.82	1020.0	13	1000080160	13	0
717	50	40	3	2	14	0	1	1005	2783.81	-544.94	97.26	-767.75	849.6	13	1000200400	13	0
717	50	43	1	0	14	1	0	1002	628.14	-129.13	139.38	74.62	1539.6	14	1000180400	9	1
717	50	47	3	0	14	0	0	1001	370.22	411.12	-58.70	-303.25	352.2	13	1000080160	9	0
717	50	47	3	1	14	1	0	1002	405.33	-376.43	314.00	-84.11	967.4	14	1000240520	12	0
717	50	47	3	2	14	0	10	1000	1306.35	-146.22	120.81	609.46	628.8	13	1000180400	15	0
717	50	49	1	0	14	1	0	1002	665.37	-204.49	67.86	9.10	819.0	14	1000180400	10	0
717	50	50	2	0	14	0	10	1000	747.24	-110.98	136.85	161.73	691.6	13	1000180400	41	1
717	50	50	2	1	14	0	0	1001	505.42	-508.26	198.20	530.24	134.5	13	1000140280	12	0
719	44	4	1	0	14	0	0	1001	958.24	-62.34	-61.08	261.51	1149.8	13	1000180400	34	1
719	44	7	3	0	14	0	10	1000	790.39	137.01	-181.69	-281.94	313.5	13	1000080160	22	0
719	44	7	3	1	14	0	0	1001	917.67	-237.63	88.46	958.60	1434.9	13	1000140280	9	0
719	44	7	3	2	14	0	1	1003	1235.36	85.92	-145.64	447.13	227.1	13	1000180400	15	1
719	44	15	3	0	14	0	1	1005	750.17	-32.25	-494.35	40.05	630.0	13	1000140280	12	0
719	44	15	3	1	14	0	1	1004	1271.42	2.25	-67.01	76.19	782.4	13	1000180400	13	1
719	44	15	3	2	14	0	1	1003	783.57	73.69	-199.08	992.66	1551.2	13	1000140280	12	0
719	44	24	3	0	14	0	0	1001	1019.60	77.12	-39.77	503.61	1403.9	13	1000180400	10	0
719	44	24	3	1	14	1	0	1002	376.49	530.84	-35.66	-227.37	599.3	14	1000080160	9	0
719	44	24	3	2	14	0	1	1003	613.61	-31.00	79.85	-495.95	1198.6	13	1000140280	12	0
719	44	30	1	0	14	1	1	1006	1203.63	-112.02	-11.29	570.02	439.7	14	1000180400	13	0
719	44	31	2	0	14	0	0	1001	791.22	-536.61	-161.13	226.68	350.4	13	1000080160	8	0
719	44	31	2	1	14	1	0	1002	382.65	530.78	451.77	510.97	532.1	14	1000200400	10	0
719	44	32	1	0	14	0	0	1001	1945.71	-173.59	-326.66	-504.44	1160.2	13	1000200400	9	0
719	44	33	4	0	14	0	0	1001	676.96	-168.83	-176.31	354.55	486.9	13	1000180400	14	1
719	44	33	4	1	14	0	0	1001	750.99	-149.79	-408.43	-140.54	1210.1	13	1000080160	9	0
719	44	33	4	2	14	0	1	1003	648.62	-370.27	-322.46	-428.37	971.9	13	1000200400	14	0
719	44	33	4	3	14	0	0	1001	2864.93	-564.18	523.76	-445.74	839.4	13	1000140280	9	0
719	44	38	2	0	14	0	0	1001	639.92	238.35	281.84	-295.02	238.5	13	1000140280	32	0
719	44	38	2	1	14	0	1	1003	1380.64	-510.49	144.60	-11.38	930.1	13	1000140280	11	0
719	44	40	2	0	14	0	0	1001	3333.41	-330.07	-2.10	-201.32	225.8	13	1000130270	8	0
719	44	40	2	1	14	0	10	1000	3595.81	248.81	-103.87	-468.05	536.3	13	1000140280	12	0
719	44	41	2	0	14	0	10	1000	1904.75	-4.55	-200.26	320.91	1396.2	13	1000180400	12	0
719	44	41	2	1	14	0	1	1003	988.69	-80.56	145.36	-507.30	308.5	13	1000080160	12	0
719	44	43	1	0	14	0	10	1000	1113.38	516.03	-379.81	207.46	124.2	13	1000080160	20	0
719	44	46	1	0	14	0	0	1001	614.04	161.84	149.45	123.93	1558.1	13	1000180400	8	1
719	44	49	3	0	-14	0	0	1001	2034.00	-667.12	548.86	-248.66	1053.7	-13	1000200400	8	0
719	44	49	3	1	14	0	1	1005	1027.87	-232.60	163.81	325.85	431.7	13	1000180400	12	0
719	44	49	3	2	14	0	0	1001	494.51	-47.49	-2.30	-450.25	668.1	13	1000080160	9	0
714	71	6	1	0	14	0	0	1001	914.29	-27.67	207.14	136.00	1333.2	13	1000180400	9	0
714	71	14	3	0	14	1	0	1002	288.51	-462.81	-707.49	-390.42	747.3	14	1000080160	10	0
714	71	14	3	1	14	0	0	1001	1436.97	186.98	-94.02	471.09	701.7	13	1000180400	10	1
714	71	14	3	2	14	0	0	1001	431.63	-320.49	-561.96	476.03	1478.6	13	1000110230	8	0
714	71	21	2	0	14	0	0	1001	404.97	571.12	-129.29	584.33	78.1	13	1000140280	8	0
714	71	21	2	1	12	0	1	1003	2127.48	223.16	-235.37	356.33	374.2	11	1000180400	13	0
714	71	24	1	0	14	0	1	1003	1175.94	-139.21	-26.00	433.48	678.4	13	1000180400	11	1
714	71	28	1	0	14	1	0	1002	748.69	-182.56	-68.57	373.86	1304.9	14	1000180400	8	1
714	71	37	1	0	14	0	2	1091	3708.50	-85.74	36.52	340.18	981.9	13	1000180400	15	1
714	71	42	3	0	14	0	1	1003	837.84	-185.59	40.00	520.81	1023.5	13	1000180400	16	0
714	71	42	3	1	14	0	1	1003	1200.19	598.42	442.37	356.17	544.5	13	1000200400	15	0
714	71	42	3	2	14	1	0	1002	402.62	-375.54	-357.08	-384.57	1221.6	14	1000080160	10	0
714	71	44	1	0	14	0	0	1001	425.79	154.66	-140.94	72.04	1047.5	13	1000180400	9	1
714	71	46	3	0	14	0	0	1001	583.24	-288.70	-534.16	-192.17	1397.6	13	1000110230	8	0
714	71	46	3	1	14	1	0	1002	280.23	-500.46	-366.02	883.28	1510.1	14	1000140280	11	0
714	71	46	3	2	14	1	0	1002	827.67	152.00	-74.36	111.52	1426.9	14	1000180400	9	1
714	71	50	2	0	14	1	0	1002	556.68	-45.72	-409.91	-432.43	290.9	14	1000080160	10	0
714	71	50	2	1	14	0	0	1001	854.95	-51.81	-1.65	588.28	742.2	13	1000180400	15	0
713	66	4	2	0	-12	0	0	1001	1121.75	341.68	230.39	110.31	217.1	-11	1000240520	8	0
713	66	4	2	1	14	1	0	1002	1146.03	-30.36	-224.38	-440.76	1085.5	14	1000140280	9	0
713	66	15	1	0	14	0	1	1003	2255.29	37.00	150.12	29.67	118.5	13	1000180400	12	1
713	66	17	1	0	14	1	1	1009	1196.03	5.82	160.94	-56.40	1327.0	14	1000180400	11	0
713	66	18	2	0	14	0	1	1004	634.03	34.09	16.69	467.24	547.1	13	1000180400	12	1
713	66	18	2	1	14	0	2	1091	2668.95	495.72	-512.93	652.87	1028.6	13	1000140280	17	0
713	66	19	2	0	14	0	0	1001	423.07	-575.81	-63.53	538.52	152.7	13	1000080160	9	0
713	66	19	2	1	14	0	0	1001	1158.96	-236.33	187.41	387.41	1417.5	13	1000180400	12	0
713	66	21	2	0	14	0	0	1001	495.42	-164.28	98.82	614.76	1008.6	13	1000180400	8	0
713	66	21	2	1	14	1	1	1008	1336.77	-140.55	142.15	-281.43	429.7	14	1000130270	12	0
713	66	25	1	0	14	0	10	1000	1026.33	29.24	14.25	90.88	1122.2	13	1000180400	12	1
713	66	26	3	0	14	0	0	1001	248.70	-501.63	600.35	881.85	1035.3	13	1000080160	13	0
713	66	26	3	1	14	1	0	1002	374.16	252.46	-45.37	1000.12	833.4	14	1000140280	11	0
713	66	26	3	2	14	0	0	1001	1148.29	-206.57	-441.12	208.94	1128.4	13	1000140280	9	0
713	66	29	2	0	14	1	0	1002	665.29	-707.79	164.93	940.15	792.2	14	1000120240	16	0
713	66	29	2	1	14	1	1	1006	4433.47	155.22	205.22	252.67	163.7	14	1000180400	12	0
713	66	30	2	0	14	0	1	1004	1209.52	169.83	-128.90	483.87	626.8	13	1000180400	20	1
713	66	30	2	1	14	0	0	1001	444.24	-242.58	-160.72	425.16	981.0	13	1000180400	9	0
713	66	35	2	0	14	1	0	1002	539.79	-562.09	-16.27	560.89	493.8	14	1000080160	12	0
713	66	35	2	1	14	0	10	1000	3153.00	126.55	-145.53	-383.61	768.2	13	1000200400	22	0
713	66	36	2	0	14	0	1	1003	883.58	185.16	209.17	-281.07	70.2	13	1000140280	14	0
713	66	36	2	1	14	1	0	1002	1276.74	-244.69	-323.88	-467.91	1446.7	14	1000200400	10	0
713	66	41	1	0	14	1	0	1002	822.36	126.25	50.12	90.99	157.4	14	1000180400	10	1
713	66	47	2	0	14	0	10	1000	725.94	341.49	100.63	-80.12	738.7	13	1000280590	11	0
713	66	47	2	1	14	0	10	1000	527.61	-27.94	-270.21	-283.03	1148.3	13	1000140280	12	0
713	66	48	2	0	14	0	0	1001	942.08	78.73	-21.78	54.20	765.4	13	1000180400	8	1
713	66	48	2	1	14	0	0	1001	1328.86	-80.75	-22.85	-448.85	1257.4	13	1000160320	8	0
711	79	5	2	0	14	0	1	1004	808.80	217.37	-192.19	93.18	782.9	13	1000180400	20	0
711	79	5	2	1	14	0	10	1000	677.05	-160.22	-227.45	972.62	261.4	13	1000080160	12	0
711	79	6	1	0	14	0	1	1003	496.61	2.66	-1.90	236.86	369.9	13	1000180400	13	1
711	79	7	1	0	14	0	0	1001	2048.98	-49.64	131.79	418.30	738.1	13	1000180400	18	1
711	79	10	1	0	14	0	2	1091	3630.90	112.15	43.14	453.53	587.1	13	1000180400	15	1
711	79	13	1	0	14	0	1	1003	1813.11	-42.22	5.41	-140.23	244.2	13	1000280590	20	0
711	79	16	3	0	14	1	1	1007	2262.90	76.90	38.62	55.57	1046.6	14	1000180400	14	1
711	79	16	3	1	-14	0	0	1001	1505.83	-443.07	308.24	-364.95	1505.7	-13	1000080160	14	0
711	79	16	3	2	14	1	0	1002	390.63	-2.07	-577.50	-257.60	790.2	14	1000080160	14	0
711	79	24	2	0	14	1	1	1000	1977.58	-135.62	556.96	-456.01	575.7	14	1000080160	28	0
711	79	24	2	1	14	0	1	1003	875.53	45.56	49.39	237.95	749.9	13	1000180400	12	1
711	79	26	1	0	14	0	10	1000	1290.87	42.87	-204.48	476.70	321.6	13	1000180400	24	0
711	79	27	1	0	14	0	0	1001	1952.69	177.91	-20.37	354.89	563.6	13	1000180400	22	1
711	79	30	1	0	14	1	0	1002	2226.62	135.91	-58.24	377.66	1226.2	14	1000180400	12	1
711	79	35	2	0	14	0	10	1000	1332.62	-37.45	-70.28	-371.74	1088.3	13	1000200400	24	0
711	79	35	2	1	14	1	0	1002	464.94	-72.26	-28.02	417.42	263.1	14	1000180400	9	1
711	79	36	1	0	14	1	0	1002	1093.05	-138.54	-232.49	544.04	1385.3	14	1000180400	23	0
711	79	42	1	0	14	1	1	1006	1535.26	-315.22	-99.38	-116.82	320.0	14	1000060120	12	0
711	79	44	1	0	14	0	2	1091	4373.37	-188.38	93.80	157.83	1485.6	13	1000180400	22	1
711	79	45	1	0	14	0	1	1003	814.32	148.78	45.07	68.36	1294.3	13	1000180400	12	1
711	79	48	2	0	14	1	1	1008	920.63	-80.25	-131.38	454.56	927.1	14	1000180400	17	1
711	79	48	2	1	14	0	0	1001	909.30	-315.08	41.22	962.83	300.2	13	1000080160	9	0
714	18	6	3	0	14	0	2	1091	2112.22	170.15	-667.77	337.39	431.5	13	1000080160	13	0
714	18	6	3	1	14	1	0	1002	839.32	-111.91	-264.55	289.10	317.7	14	1000180400	37	0
714	18	6	3	2	14	1	0	1002	373.91	-548.57	-699.31	493.08	415.1	14	1000260560	11	0
714	18	11	2	0	14	0	10	1000	1106.90	23.65	-48.09	137.74	178.9	13	1000180400	29	1
714	18	11	2	1	14	1	1	1008	1540.95	-270.40	173.46	-448.85	481.1	14	1000120240	13	0
714	18	16	3	0	14	0	0	1001	667.63	-247.86	-263.90	26.50	610.4	13	1000180400	9	0
714	18	16	3	1	14	0	1	1003	700.02	-16.15	-50.74	634.44	1197.4	13	1000180400	25	0
714	18	16	3	2	14	1	0	1002	335.25	-281.36	-587.78	955.13	186.6	14	1000140280	11	0
714	18	18	3	0	14	0	0	1001	243.49	624.51	-588.70	922.05	771.6	13	1000110230	21	0
714	18	18	3	1	14	0	1	1000	2005.71	-147.70	114.88	124.80	1446.5	13	1000180400	15	1
714	18	18	3	2	14	0	1	1000	3618.47	-393.92	-16.94	-450.09	1294.9	13	1000140280	14	0
714	18	19	2	0	14	0	0	1001	428.43	410.29	-496.65	-426.48	1258.4	13	1000140280	8	0
714	18	19	2	1	14	0	1	1003	1134.16	52.97	98.74	185.03	349.3	13	1000180400	13	1
714	18	22	1	0	14	0	0	1001	745.12	-30.50	-35.57	410.59	889.6	13	1000180400	25	1
714	18	29	2	0	14	0	1	1003	2657.06	210.03	60.25	364.64	830.5	13	1000180400	21	0
714	18	29	2	1	14	0	1	1003	1706.71	489.73	236.62	132.96	842.6	13	1000140280	12	0
714	18	32	3	0	14	0	1	1004	1982.39	-216.57	579.17	-610.05	1326.4	13	1000080160	12	0
714	18	32	3	1	14	1	1	1006	711.63	477.98	15.14	673.56	1559.5	14	1000200400	12	0
714	18	32	3	2	14	0	0	1001	785.98	-22.59	-68.15	171.88	312.4	13	1000180400	10	1
714	18	35	2	0	14	0	0	1001	990.55	115.18	356.73	-490.13	44.9	13	1000200400	11	0
714	18	35	2	1	14	1	2	1092	2024.49	232.85	-47.39	-286.82	1375.4	14	1000140280	11	0
714	18	43	1	0	14	0	10	1000	751.94	-62.61	-128.98	342.44	1379.7	13	1000180400	11	1
714	18	47	2	0	14	1	10	1000	1007.17	185.30	240.31	109.37	876.8	14	1000180400	22	0
714	18	47	2	1	14	1	0	1002	195.60	290.80	-198.60	-280.78	1337.7	14	1000140280	18	0
713	59	9	1	0	14	0	2	1091	2521.82	84.64	-157.95	-457.27	63.2	13	1000080160	15	0
713	59	15	2	0	12	0	0	1001	1063.79	162.50	242.45	71.21	1501.4	11	1000180400	8	0
713	59	15	2	1	14	0	0	1001	439.52	330.04	161.68	-382.05	407.3	13	1000140280	8	0
713	59	21	1	0	14	0	0	1001	288.13	-167.42	-14.96	20.43	723.3	13	1000180400	9	1
713	59	22	2	0	14	0	0	1001	549.73	-159.71	119.14	70.34	669.4	13	1000180400	10	1
713	59	22	2	1	14	0	0	1001	569.90	65.65	-121.69	-175.47	1038.8	13	1000240520	8	0
713	59	23	2	0	14	0	1	1003	1055.33	158.04	-213.01	471.69	1247.5	13	1000180400	14	0
713	59	23	2	1	14	0	10	1000	1095.68	110.21	56.14	504.49	590.4	13	1000180400	11	0
713	59	30	1	0	14	1	0	1002	322.88	-31.80	18.83	332.41	1283.4	14	1000180400	11	1
713	59	39	1	0	14	0	2	1091	1234.83	51.93	-130.66	379.91	394.4	13	1000180400	11	1
713	59	40	2	0	14	0	0	1001	535.95	-578.74	512.57	293.34	885.6	13	1000140280	9	0
713	59	40	2	1	14	0	2	1091	1394.11	215.59	-50.52	10.59	1025.8	13	1000180400	13	0
713	59	41	2	0	12	0	0	1001	1146.99	249.37	-24.83	468.82	550.3	11	1000180400	8	0
713	59	41	2	1	14	1	0	1002	281.30	510.19	-135.57	75.79	1010.6	14	1000080160	9	0
713	59	50	1	0	14	0	0	1001	582.84	39.49	-18.26	59.69	801.5	13	1000180400	9	1
713	64	1	3	0	14	0	0	1001	472.58	345.53	0.18	-3.66	1498.3	13	1000280590	17	0
713	64	1	3	1	14	1	0	1002	370.71	-28.35	104.91	-508.87	1348.7	14	1000260560	10	0
713	64	1	3	2	14	0	1	1003	1794.02	15.27	-258.61	1021.26	362.2	13	1000140280	15	0
713	64	4	1	0	14	0	0	1001	1480.17	27.32	114.33	317.88	1206.2	13	1000180400	9	1
713	64	6	1	0	14	0	1	1003	1589.12	229.67	-66.27	445.05	1192.3	13	1000180400	17	0
713	64	7	1	0	14	0	0	1001	1207.00	-59.85	-7.67	401.59	245.3	13	1000180400	15	1
713	64	11	2	0	14	0	0	1001	831.89	5.31	418.28	-349.03	483.0	13	1000080160	9	0
713	64	11	2	1	14	1	0	1002	1205.95	-6.92	-120.61	190.45	691.5	14	1000180400	10	1
713	64	13	1	0	14	1	0	1002	508.82	15.42	219.09	384.23	431.9	14	1000180400	10	0
713	64	15	1	0	14	1	1	1009	1625.73	-143.80	54.08	-292.73	371.9	14	1000140280	21	0
713	64	20	2	0	14	0	1	1003	1426.39	-247.19	551.20	-436.30	726.2	13	1000200400	13	0
713	64	20	2	1	14	0	1	1003	1053.92	-81.60	-119.87	125.28	273.6	13	1000180400	13	1
713	64	22	1	0	14	1	0	1002	882.59	47.38	-247.26	293.01	469.1	14	1000180400	21	0
713	64	24	1	0	14	0	1	1004	1941.32	-85.40	-68.63	94.13	515.5	13	1000180400	12	1
713	64	28	2	0	-14	0	0	1001	1172.18	6.26	-81.50	590.50	1575.3	-13	1000180400	34	0
713	64	28	2	1	14	1	0	1002	568.03	-599.54	45.76	-3.91	288.3	14	1000200400	11	0
713	64	30	1	0	-14	0	0	1001	336.63	-104.35	-473.73	2.35	572.3	-13	1000080160	17	0
713	64	33	2	0	14	0	1	1003	1327.39	-81.41	-115.86	4.24	534.9	13	1000180400	16	1
713	64	33	2	1	14	0	1	1000	3229.35	53.66	551.80	-946.49	1297.5	13	1000080160	26	0
713	64	34	2	0	14	1	2	1092	4198.93	465.42	-580.21	-1219.69	760.5	14	1000140280	17	0
713	64	34	2	1	14	0	1	1003	1676.53	-62.77	46.56	486.68	530.3	13	1000180400	41	1
713	64	43	2	0	14	1	10	1000	977.69	-172.20	23.87	197.61	407.3	14	1000180400	14	1
713	64	43	2	1	14	0	1	1003	645.49	346.83	141.31	233.56	1110.6	13	1000260560	13	0
713	64	45	1	0	14	1	1	1008	555.09	-62.30	245.63	157.84	1409.0	14	1000180400	12	0
713	64	50	2	0	14	0	0	1001	510.21	-160.41	108.66	394.50	1132.6	13	1000180400	32	1
713	64	50	2	1	14	1	0	1002	1207.06	124.81	52.12	-357.44	635.8	14	1000200400	21	0
713	84	1	1	0	14	1	1	1006	1020.15	19.79	-30.54	308.18	1072.7	14	1000180400	14	1
713	84	7	3	0	14	0	0	1001	552.58	-512.03	216.72	-17.11	856.2	13	1000260560	26	0
713	84	7	3	1	14	0	0	1001	3556.74	-216.05	-39.91	448.15	1439.7	13	1000180400	15	0
713	84	7	3	2	14	0	0	1001	400.34	-90.50	291.81	-409.42	1408.7	13	1000080160	8	0
713	84	8	1	0	14	1	1	1007	806.24	-52.85	-132.22	200.10	330.8	14	1000180400	17	1
713	84	16	2	0	14	1	1	1009	1085.75	-208.61	113.15	108.62	1181.3	14	1000180400	17	0
713	84	16	2	1	12	1	2	1092	2948.33	-255.13	102.37	1113.30	1119.9	12	1000200400	16	0
713	84	18	2	0	14	1	0	1002	774.56	-299.78	-78.63	-299.54	277.1	14	1000140280	10	0
713	84	18	2	1	14	0	0	1001	726.05	98.90	83.26	643.17	1140.8	13	1000260560	9	0
713	84	19	1	0	14	0	0	1001	517.05	285.85	377.58	-287.69	1111.3	13	1000200400	8	0
713	84	23	2	0	14	0	0	1001	1038.14	-244.47	38.37	-285.65	146.2	13	1000080160	9	0
713	84	23	2	1	14	1	1	1008	641.66	-333.42	-336.08	982.52	434.3	14	1000140280	11	0
713	84	29	2	0	14	1	0	1002	520.50	-136.87	-445.07	357.03	1093.9	14	1000200400	10	0
713	84	29	2	1	14	0	10	1000	1154.06	33.84	-421.22	242.64	389.7	13	1000080160	11	0
713	84	39	1	0	14	0	0	1001	624.56	-54.52	160.21	69.62	1537.6	13	1000180400	10	1
713	84	44	2	0	14	1	10	1000	424.48	-27.91	81.02	47.66	175.1	14	1000180400	12	1
713	84	44	2	1	14	0	0	1001	762.25	54.04	100.36	294.71	467.4	13	1000180400	10	1
713	84	47	1	0	14	1	1	1006	1304.53	-155.82	189.97	27.39	383.4	14	1000180400	13	1
713	84	48	2	0	14	0	0	1001	1039.50	-38.50	4.93	487.80	473.4	13	1000180400	10	1
713	84	48	2	1	14	0	2	1091	3320.31	-111.51	141.22	-712.45	509.0	13	1000080160	20	0
713	84	49	2	0	14	1	0	1002	399.67	539.65	-25.42	151.72	1523.8	14	1000080160	9	0
713	84	49	2	1	14	0	0	1001	401.20	-83.44	199.68	220.70	1241.8	13	1000180400	11	1
713	84	50	1	0	14	0	0	1001	802.12	-219.51	74.13	425.70	1269.6	13	1000180400	33	0
719	68	3	3	0	14	0	0	1001	1218.15	142.80	-41.88	384.45	1511.7	13	1000180400	18	1
719	68	3	3	1	14	0	0	1001	745.87	-72.66	-281.59	1007.96	810.9	13	1000200400	8	0
719	68	3	3	2	14	1	0	1002	400.55	-580.69	-48.37	-476.96	1183.2	14	1000130270	11	0
719	68	5	2	0	14	0	0	1001	716.34	-68.85	0.66	14.77	231.8	13	1000180400	8	1
719	68	5	2	1	14	0	0	1001	639.53	-530.23	-306.72	505.51	1497.2	13	1000080160	16	0
719	68	7	2	0	14	0	1	1003	532.64	-213.53	-701.63	1005.66	488.8	13	1000140280	12	0
719	68	7	2	1	14	0	0	1001	589.55	86.58	74.23	-35.95	511.2	13	1000180400	20	0
719	68	9	4	0	14	0	0	1001	364.86	-257.47	280.91	-454.80	1447.6	13	1000080160	9	0
719	68	9	4	1	14	0	1	1004	444.61	-475.50	468.32	-114.47	1306.1	13	1000140280	12	0
719	68	9	4	2	14	1	2	1092	3465.99	-562.49	166.97	-53.94	1421.6	14	1000080160	13	0
719	68	9	4	3	14	0	1	1004	3703.54	473.74	456.20	1248.44	839.8	13	1000080160	12	0
719	68	12	2	0	14	1	0	1002	401.87	126.57	-111.65	206.03	1031.9	14	1000180400	10	1
719	68	12	2	1	-14	1	10	1000	1021.54	-80.16	-143.26	324.40	507.5	-14	1000180400	12	1
719	68	22	1	0	14	0	0	1001	551.87	-175.84	-255.89	-201.08	470.3	13	1000130270	8	0
719	68	24	1	0	14	0	0	1001	402.52	-123.32	-484.50	235.56	671.8	13	1000130270	8	0
719	68	25	2	0	14	0	0	1001	1031.69	-64.83	-199.24	165.55	1030.2	13	1000180400	14	1
719	68	25	2	1	14	0	10	1000	774.09	-669.12	-52.73	-115.92	1057.0	13	1000140280	12	0
719	68	27	2	0	14	0	1	1003	528.42	-583.14	192.58	531.70	437.2	13	1000080160	11	0
719	68	27	2	1	14	0	0	1001	793.49	-124.97	-37.98	-316.49	428.7	13	1000080160	8	0
719	68	28	2	0	14	0	0	1001	643.54	451.67	426.50	-384.61	425.1	13	1000200400	20	0
719	68	28	2	1	14	0	10	1000	794.86	-158.33	42.51	77.93	972.7	13	1000180400	12	1
719	68	36	2	0	14	0	1	1000	1684.80	-40.12	150.50	630.94	1539.1	13	1000180400	14	0
719	68	36	2	1	14	0	2	1091	2954.83	118.54	-247.15	130.77	330.9	13	1000180400	13	0
719	68	37	2	0	14	1	1	1000	2209.05	497.01	-165.99	-51.38	946.5	14	1000140280	24	0
719	68	37	2	1	14	0	10	1000	2829.22	-144.29	154.83	-872.51	922.0	13	1000080160	17	0
719	68	45	2	0	14	0	0	1001	801.18	109.10	87.62	-307.80	730.6	13	1000140280	8	0
719	68	45	2	1	14	0	10	1000	1324.10	-200.08	21.41	377.91	811.9	13	1000180400	36	0
719	68	46	3	0	14	0	0	1001	386.78	-165.51	-306.10	-385.98	503.9	13	1000140280	8	0
719	68	46	3	1	12	0	0	1001	1807.24	54.85	43.76	46.99	969.1	11	1000180400	9	1
719	68	46	3	2	14	0	1	1003	571.40	-497.27	-235.85	961.64	149.3	13	1000140280	11	0
719	68	47	1	0	14	0	10	1000	1044.96	161.16	147.74	176.33	1374.0	13	1000180400	23	1
719	68	49	2	0	14	1	1	1008	1100.96	-654.98	-28.65	265.19	600.2	14	1000200400	35	0
719	68	49	2	1	14	0	0	1001	1102.39	251.44	-53.59	0.47	304.7	13	1000180400	9	0
713	13	1	1	0	14	0	1	1000	2267.71	218.30	119.63	423.43	130.9	13	1000180400	25	0
713	13	2	3	0	14	0	10	1000	1360.35	88.37	57.37	471.21	1478.0	13	1000180400	11	1
713	13	2	3	1	14	0	1	1003	2951.30	632.85	154.52	-10.59	97.6	13	1000140280	13	0
713	13	2	3	2	14	0	1	1004	660.18	-131.68	241.63	156.55	386.8	13	1000180400	12	0
713	13	4	3	0	14	1	1	1006	691.63	306.48	81.89	-464.30	953.9	14	1000080160	14	0
713	13	4	3	1	14	0	0	1001	2544.27	256.10	535.67	-275.31	128.7	13	1000080160	9	0
713	13	4	3	2	14	0	10	1000	514.39	116.08	226.86	296.22	1471.4	13	1000180400	22	0
713	13	5	1	0	14	0	1	1004	1181.44	15.62	193.75	-279.97	1204.5	13	1000140280	12	0
713	13	14	1	0	14	1	10	1000	389.83	246.65	-126.83	-288.16	807.1	14	1000080160	16	0
713	13	17	4	0	14	1	0	1002	486.34	140.86	132.66	303.65	922.5	14	1000180400	10	1
713	13	17	4	1	14	0	2	1091	3166.09	-314.11	335.39	-524.48	742.6	13	1000120240	15	0
713	13	17	4	2	14	0	0	1001	983.36	-167.98	-60.88	1000.56	338.4	13	1000080160	9	0
713	13	17	4	3	14	0	0	1001	407.60	-231.80	26.83	589.32	1082.6	13	1000180400	9	0
713	13	22	1	0	14	0	0	1001	2183.77	-92.08	111.13	307.22	525.6	13	1000180400	10	1
713	13	26	1	0	14	0	0	1001	835.55	-201.39	-186.26	273.03	1356.8	13	1000180400	9	0
713	13	27	2	0	14	0	10	1000	780.08	-65.78	-269.59	410.47	645.4	13	1000180400	26	0
713	13	27	2	1	14	0	0	1001	895.41	110.62	-18.41	307.60	807.7	13	1000180400	9	1
713	13	35	1	0	14	1	1	1007	1309.05	-54.96	-75.36	82.09	480.6	14	1000180400	15	1
713	13	42	2	0	14	0	2	1091	3171.55	598.55	-345.43	1188.30	1616.4	13	1000250550	27	0
713	13	42	2	1	14	1	0	1002	1241.00	-105.09	-69.73	117.67	463.1	14	1000180400	9	1
713	13	46	1	0	14	0	0	1001	726.84	110.67	-192.44	272.58	467.7	13	1000180400	9	1
713	13	47	1	0	14	0	10	1000	545.85	224.43	105.24	158.73	536.4	13	1000180400	20	0
713	13	48	2	0	14	0	1	1000	1365.72	121.09	-99.05	473.77	1232.4	13	1000180400	16	1
713	13	48	2	1	14	0	1	1003	541.66	-47.59	-602.30	81.78	62.9	13	1000140280	13	0
712	92	7	2	0	14	1	0	1002	256.41	503.85	626.44	756.99	87.6	14	1000140280	11	0
712	92	7	2	1	14	0	1	1004	1305.04	-69.34	32.60	-387.17	1013.8	13	1000080160	12	0
712	92	8	1	0	14	1	1	1006	887.70	-41.12	61.53	564.14	1141.0	14	1000180400	18	0
712	92	10	1	0	14	1	0	1002	327.63	189.73	129.80	-12.75	1195.2	14	1000180400	11	0
712	92	12	1	0	14	0	2	1091	3209.42	203.39	-93.90	71.31	876.4	13	1000180400	13	0
712	92	14	2	0	14	1	0	1002	1260.47	-258.11	48.13	267.96	409.7	14	1000180400	38	0
712	92	14	2	1	14	0	0	1001	1541.68	-257.55	-86.56	318.63	469.1	13	1000180400	10	0
712	92	17	3	0	-14	1	0	1002	308.90	-559.82	-592.86	83.10	1331.7	-14	1000080160	10	0
712	92	17	3	1	14	0	1	1003	2972.58	527.29	-30.38	-570.43	950.0	13	1000080160	11	0
712	92	17	3	2	14	0	2	1091	5385.69	-120.05	12.91	-321.18	732.8	13	1000080160	14	0
712	92	20	4	0	14	0	0	1001	369.48	613.49	41.06	129.04	234.1	13	1000140280	15	0
712	92	20	4	1	14	1	0	1002	336.15	487.74	358.37	-361.58	729.8	14	1000140280	14	0
712	92	20	4	2	14	0	2	1091	2097.95	-69.51	74.70	-293.39	467.0	13	1000080160	17	0
712	92	20	4	3	14	0	0	1001	818.15	-125.81	157.22	269.13	504.0	13	1000180400	10	1
712	92	26	2	0	14	1	1	1006	1363.85	-115.64	233.01	-506.35	118.8	14	1000120240	12	0
712	92	26	2	1	14	1	1	1006	812.05	88.79	-42.42	525.75	417.5	14	1000180400	13	0
712	92	28	1	0	14	0	1	1003	1105.60	-149.10	19.38	149.60	1011.3	13	1000180400	19	1
712	92	31	1	0	14	0	2	1091	4096.41	-289.02	-246.26	-837.67	523.6	13	1000200400	29	0
712	92	33	3	0	14	0	2	1091	4267.65	-702.55	156.42	1187.64	781.5	13	1000140280	17	0
712	92	33	3	1	14	1	2	1092	803.45	-105.26	141.65	-14.27	1080.8	14	1000180400	11	0
712	92	33	3	2	14	1	0	1002	669.78	-3.57	351.32	123.74	1390.3	14	1000260560	9	0
712	92	34	4	0	14	0	0	1001	314.47	481.86	28.33	439.19	1288.2	13	1000140280	8	0
712	92	34	4	1	14	0	0	1001	432.54	-597.76	-150.52	277.93	1547.2	13	1000200400	9	0
712	92	34	4	2	14	1	0	1002	783.57	193.37	-239.64	-272.03	1244.2	14	1000200400	9	0
712	92	34	4	3	14	0	0	1001	1062.25	-58.05	-128.72	221.27	1241.5	13	1000180400	9	1
712	92	36	1	0	14	0	0	1001	368.33	132.61	48.77	485.40	1138.2	13	1000180400	9	1
712	92	46	3	0	14	0	1	1005	722.29	-178.80	-255.42	375.17	566.2	13	1000180400	18	0
712	92	46	3	1	14	1	0	1002	583.50	-587.63	-427.56	470.75	359.4	14	1000080160	9	0
712	92	46	3	2	14	0	0	1001	540.45	243.04	-93.58	119.70	747.1	13	1000180400	23	0
712	92	47	2	0	14	0	0	1001	506.03	-413.67	-582.13	197.14	917.8	13	1000140280	11	0
712	92	47	2	1	14	1	0	1002	874.03	86.40	235.95	-272.62	563.4	14	1000080160	14	0
712	92	49	1	0	14	1	1	1007	464.02	8.07	55.88	390.67	772.2	14	1000180400	25	1
720	45	5	1	0	14	1	0	1002	1374.42	143.76	75.94	506.57	966.8	14	1000180400	10	0
720	45	14	2	0	14	0	10	1000	694.92	-310.50	167.78	-465.79	1103.9	13	1000200400	12	0
720	45	14	2	1	12	0	2	1091	1769.06	64.61	226.45	642.98	1482.5	11	1000180400	31	0
720	45	31	2	0	14	1	10	1000	784.60	-124.94	46.76	74.24	1008.6	14	1000180400	12	1
720	45	31	2	1	14	0	0	1001	345.55	-539.64	-500.92	499.02	872.8	13	1000260560	8	0
720	45	32	2	0	14	0	0	1001	184.90	586.78	-513.50	-405.74	994.8	13	1000110230	12	0
720	45	32	2	1	14	0	2	1091	4371.75	107.90	-121.36	359.48	716.6	13	1000180400	19	1
720	45	33	1	0	14	0	1	1000	3350.07	-11.42	28.93	433.43	587.3	13	1000180400	15	1
720	45	36	1	0	14	0	0	1001	982.03	-4.32	57.42	535.19	873.7	13	1000180400	12	0
720	45	41	4	0	14	0	2	1091	1465.44	-107.11	-28.80	90.68	1086.5	13	1000180400	15	1
720	45	41	4	1	14	0	0	1001	469.50	504.45	495.48	811.24	825.0	13	1000130270	19	0
720	45	41	4	2	14	0	0	1001	236.65	656.62	640.77	-63.60	1119.3	13	1000080160	9	0
720	45	41	4	3	14	1	0	1002	958.21	340.92	180.86	124.90	328.5	14	1000240520	11	0
720	45	44	4	0	14	0	2	1091	4057.32	-29.68	-210.18	960.86	339.1	13	1000140280	17	0
720	45	44	4	1	14	0	1	1003	971.01	-173.32	-225.69	256.56	1391.3	13	1000180400	16	0
720	45	44	4	2	14	0	0	1001	270.75	137.73	-537.62	381.27	225.4	13	1000110230	8	0
720	45	44	4	3	-14	1	1	1015	1074.86	523.91	168.58	-78.10	1136.5	-14	1000140280	11	0
720	45	45	2	0	14	1	0	1002	667.51	240.55	-592.00	821.36	1204.2	14	1000080160	10	0
720	45	45	2	1	14	0	1	1003	1603.65	-262.19	95.60	-420.05	407.2	13	1000140280	35	0
720	45	48	1	0	14	0	0	1001	386.80	-208.49	40.60	226.11	239.1	13	1000180400	8	0
719	4	6	3	0	14	0	0	1001	496.46	-5.18	215.21	-355.08	1162.7	13	1000080160	8	0
719	4	6	3	1	14	0	10	1000	1492.80	-54.79	66.99	316.67	106.9	13	1000180400	13	1
719	4	6	3	2	14	0	10	1000	404.15	-264.55	-660.03	-371.28	66.7	13	1000080160	16	0
719	4	7	2	0	14	1	0	1002	1060.81	41.56	213.93	356.98	1569.2	14	1000180400	10	0
719	4	7	2	1	14	0	1	1003	1082.94	-499.23	221.50	273.75	503.8	13	1000080160	12	0
719	4	11	2	0	14	0	10	1000	800.42	-516.10	-168.38	617.92	1026.7	13	1000140280	15	0
719	4	11	2	1	14	0	1	1003	1128.05	-31.99	-152.79	561.79	648.2	13	1000180400	12	0
719	4	14	1	0	14	0	0	1001	603.83	-142.85	-72.64	17.30	1216.8	13	1000180400	8	1
719	4	15	1	0	14	0	0	1001	818.89	-127.90	-155.81	198.37	1333.8	13	1000180400	9	1
719	4	32	2	0	14	0	0	1001	691.37	-97.22	-268.07	170.83	650.4	13	1000180400	8	0
719	4	32	2	1	14	0	10	1000	643.33	592.43	-262.87	26.94	307.6	13	1000200400	17	0
719	4	35	3	0	14	0	0	1001	813.51	-703.41	-328.82	-51.66	909.6	13	1000200400	9	0
719	4	35	3	1	14	1	0	1002	803.53	-51.85	-21.68	343.24	279.8	14	1000180400	11	1
719	4	35	3	2	14	0	0	1001	353.36	-97.32	-55.53	265.17	316.4	13	1000180400	9	1
719	4	40	1	0	14	0	0	1001	880.80	-164.54	-122.36	161.21	407.8	13	1000180400	13	1
719	4	45	1	0	14	0	0	1001	509.53	246.85	-135.52	10.90	402.2	13	1000180400	9	0
720	10	1	2	0	14	0	2	1091	1902.04	433.13	641.91	-460.26	1051.5	13	1000080160	14	0
720	10	1	2	1	14	0	1	1003	1016.65	-175.65	-63.53	143.70	766.8	13	1000180400	17	1
720	10	9	1	0	14	0	1	1003	999.03	-122.59	150.04	488.12	1342.5	13	1000180400	12	1
720	10	16	1	0	14	1	1	1006	1137.25	-340.12	-109.08	-105.61	1023.8	14	1000240520	11	0
720	10	17	6	0	14	0	1	1005	2588.72	-81.10	-75.95	-475.14	1445.2	13	1000080160	14	0
720	10	17	6	1	14	0	0	1001	383.61	139.27	249.63	414.96	1134.4	13	1000180400	8	0
720	10	17	6	2	14	0	0	1001	488.84	6.72	-473.27	487.82	490.2	13	1000080160	10	0
720	10	17	6	3	14	0	1	1003	612.79	-64.61	-29.54	-35.80	359.2	13	1000180400	11	0
720	10	17	6	4	14	0	1	1003	802.45	-240.19	-102.02	-414.65	1201.3	13	1000080160	19	0
720	10	17	6	5	14	0	1	1004	804.39	-322.82	-449.89	61.79	480.6	13	1000080160	13	0
720	10	20	2	0	14	1	1	1008	2645.70	142.19	-488.77	-70.33	1191.6	14	1000080160	12	0
720	10	20	2	1	14	0	0	1001	1408.09	-211.51	-79.09	-361.36	538.5	13	1000080160	10	0
720	10	21	4	0	14	0	1	1005	2055.29	-40.00	223.79	519.32	458.0	13	1000180400	11	0
720	10	21	4	1	14	0	0	1001	356.31	-324.75	-642.54	509.67	1572.7	13	1000140280	22	0
720	10	21	4	2	14	1	2	1092	2355.20	-301.53	69.03	-291.13	1563.5	14	1000140280	13	0
720	10	21	4	3	14	0	0	1001	479.76	-91.90	-201.65	65.66	818.5	13	1000180400	8	0
720	10	25	1	0	14	0	10	1000	1472.14	-146.44	-0.55	388.13	1286.0	13	1000180400	15	1
720	10	30	3	0	14	0	0	1001	644.43	338.19	-397.18	-499.00	139.8	13	1000140280	8	0
720	10	30	3	1	14	0	10	1000	921.67	71.91	136.89	276.45	430.4	13	1000180400	12	1
720	10	30	3	2	14	0	0	1001	298.41	6.27	-229.56	-392.79	1183.2	13	1000140280	8	0
720	10	36	3	0	14	1	0	1002	955.77	-116.17	12.78	474.42	1422.4	14	1000180400	9	1
720	10	36	3	1	14	0	2	1091	3130.98	-532.88	-532.00	-691.00	831.8	13	1000110230	15	0
720	10	36	3	2	14	0	1	1000	1664.97	-250.71	34.85	371.33	926.2	13	1000180400	14	0
720	10	37	3	0	14	0	0	1001	1970.15	189.09	-207.69	421.72	1362.4	13	1000260560	15	0
720	10	37	3	1	14	0	0	1001	356.00	-148.72	-202.60	-437.31	1295.2	13	1000140280	17	0
720	10	37	3	2	14	1	2	1092	2231.25	586.34	-454.90	291.16	1282.2	14	1000140280	27	0
720	10	40	1	0	14	0	0	1001	791.85	-95.36	-192.18	191.45	1468.4	13	1000180400	9	1
720	10	48	1	0	14	0	1	1003	687.81	-10.16	30.50	125.97	613.7	13	1000180400	11	1
714	9	13	3	0	14	1	0	1002	734.06	-138.87	-91.68	194.66	1107.1	14	1000180400	11	1
714	9	13	3	1	14	0	1	1003	1235.58	-214.18	-404.16	-182.58	1112.9	13	1000130270	12	0
714	9	13	3	2	14	0	10	1000	4486.75	-442.98	-533.36	-524.57	1292.2	13	1000140280	34	0
714	9	17	3	0	14	0	0	1001	3495.14	-356.96	6.35	-581.76	719.9	13	1000080160	8	0
714	9	17	3	1	14	0	0	1001	2713.31	541.37	-685.50	194.62	880.4	13	1000080160	8	0
714	9	17	3	2	14	0	1	1003	3671.74	-80.74	-24.86	-1010.43	917.8	13	1000080160	17	0
714	9	19	3	0	14	0	0	1001	1754.04	-6.70	12.36	-279.86	1525.4	13	1000140280	8	0
714	9	19	3	1	14	0	1	1000	2172.52	-184.45	93.71	3.69	838.2	13	1000180400	16	1
714	9	19	3	2	14	1	1	1008	1458.91	-15.83	-411.66	-38.81	152.8	14	1000140280	12	0
714	9	25	1	0	14	0	0	1001	551.36	58.30	-108.46	213.86	235.5	13	1000180400	10	1
714	9	26	1	0	14	0	0	1001	941.98	7.19	-37.05	163.74	973.3	13	1000180400	9	1
714	9	29	1	0	14	0	0	1001	650.10	-78.79	204.38	-4.04	608.4	13	1000180400	9	0
714	9	30	1	0	14	1	2	1092	2624.96	-38.00	-42.23	344.88	657.0	14	1000180400	19	1
714	9	34	1	0	14	0	0	1001	817.23	-168.00	-186.35	84.21	1313.7	13	1000180400	9	1
714	9	35	3	0	14	0	1	1003	729.17	205.70	-67.50	550.56	135.0	13	1000180400	27	0
714	9	35	3	1	14	0	2	1091	5636.26	590.99	473.34	801.38	350.0	13	1000080160	21	0
714	9	35	3	2	14	0	0	1001	452.92	298.48	-451.14	938.99	506.5	13	1000200400	9	0
714	9	36	1	0	14	1	1	1009	1167.14	230.34	107.10	352.20	1416.5	14	1000180400	27	0
714	9	37	2	0	14	1	0	1002	1621.29	-13.24	-203.84	480.65	605.8	14	1000180400	10	0
714	9	37	2	1	14	0	2	1091	2271.51	-204.27	108.74	1035.19	397.0	13	1000140280	43	0
714	9	41	1	0	14	0	0	1001	499.28	-100.18	-71.28	73.38	347.9	13	1000180400	10	1
714	9	47	2	0	14	1	1	1009	1275.53	162.98	79.33	109.34	1240.7	14	1000180400	14	1
714	9	47	2	1	14	0	0	1001	572.04	256.76	21.26	6.67	949.3	13	1000180400	17	0
714	9	50	1	0	14	0	0	1001	826.36	-123.66	-7.47	52.39	155.0	13	1000180400	9	1
713	9	6	3	0	14	1	0	1002	788.25	-19.03	312.53	-500.77	819.0	14	1000200400	9	0
713	9	6	3	1	14	0	1	1003	2007.47	245.91	-188.99	-425.23	122.2	13	1000120240	11	0
713	9	6	3	2	14	0	1	1000	3628.28	190.48	5.36	66.19	401.7	13	1000180400	16	1
713	9	14	3	0	14	1	1	1008	727.21	149.61	235.92	181.32	349.3	14	1000180400	12	0
713	9	14	3	1	14	1	0	1002	562.80	697.91	-538.48	745.39	445.7	14	1000080160	10	0
713	9	14	3	2	14	0	1	1003	2833.93	263.46	-70.53	-390.09	122.4	13	1000200400	13	0
713	9	15	1	0	14	0	0	1001	686.89	-213.74	46.06	172.84	1467.9	13	1000180400	10	0
713	9	20	1	0	14	0	1	1003	1290.76	250.71	-92.12	351.10	1056.8	13	1000180400	16	0
713	9	24	1	0	14	1	1	1000	3120.52	-77.43	230.35	-200.57	1189.3	14	1000060120	15	0
713	9	27	1	0	14	1	2	1092	2082.51	-167.13	-235.52	304.13	356.2	14	1000180400	13	0
713	9	33	1	0	14	0	0	1001	597.40	-223.82	-196.90	535.04	837.2	13	1000180400	14	0
713	9	35	4	0	14	0	0	1001	651.03	-271.36	280.97	-316.30	824.6	13	1000200400	15	0
713	9	35	4	1	14	1	0	1002	1116.76	28.48	-57.90	-395.01	1300.6	14	1000080160	9	0
713	9	35	4	2	14	0	1	1000	4442.82	340.94	-441.26	874.29	372.3	13	1000080160	18	0
713	9	35	4	3	14	0	10	1000	527.11	159.59	-9.60	438.83	529.3	13	1000180400	13	1
713	9	37	4	0	14	1	1	1008	893.98	-148.93	-125.10	55.77	269.2	14	1000180400	12	1
713	9	37	4	1	14	1	0	1002	686.28	104.59	-392.50	-493.76	499.3	14	1000200400	18	0
713	9	37	4	2	14	1	0	1002	819.19	-222.86	-167.57	353.88	864.3	14	1000180400	9	0
713	9	37	4	3	14	1	0	1002	2045.32	-495.15	171.64	33.13	608.7	14	1000080160	10	0
713	9	40	1	0	14	0	0	1001	1251.60	-59.74	248.84	203.04	466.5	13	1000180400	10	0
713	9	42	1	0	14	0	0	1001	1005.25	60.55	219.20	171.02	917.3	13	1000180400	18	0
713	9	43	3	0	14	1	1	1006	994.32	64.02	-78.32	532.03	1328.8	14	1000180400	14	0
713	9	43	3	1	14	0	10	1000	1059.57	676.74	446.88	-0.81	1233.5	13	1000120240	12	0
713	9	43	3	2	14	0	0	1001	314.30	-423.10	-529.64	503.88	401.2	13	1000110230	9	0
713	9	46	1	0	14	0	10	1000	785.42	176.53	-61.81	573.19	968.3	13	1000180400	44	0
713	9	49	2	0	14	0	0	1001	378.03	-84.82	57.82	433.17	1457.4	13	1000180400	10	1
713	9	49	2	1	-14	0	0	1001	1617.17	-32.74	-116.49	470.42	1418.5	-13	1000180400	8	1
713	20	1	4	0	14	0	0	1001	712.75	355.56	212.02	-425.95	671.9	13	1000200400	8	0
713	20	1	4	1	14	0	0	1001	482.40	637.21	338.41	633.83	401.8	13	1000200400	8	0
713	20	1	4	2	14	1	10	1000	739.90	-532.43	129.81	-232.68	299.2	14	1000080160	12	0
713	20	1	4	3	14	0	1	1003	791.30	-118.55	-102.03	100.84	1462.4	13	1000180400	13	1
713	20	3	3	0	14	1	1	1008	688.09	-644.92	-323.58	703.11	1294.0	14	1000120240	18	0
713	20	3	3	1	14	0	1	1003	1059.87	-153.20	-30.55	106.15	462.9	13	1000180400	17	1
713	20	3	3	2	14	0	0	1001	324.80	-598.06	241.01	244.94	1336.6	13	1000080160	16	0
713	20	5	2	0	14	0	0	1001	1311.71	-44.64	-28.45	-417.30	254.8	13	1000080160	8	0
713	20	5	2	1	14	1	0	1002	380.04	-590.49	21.90	688.87	801.3	14	1000130270	15	0
713	20	7	1	0	14	0	1	1004	877.68	-271.58	285.41	42.88	193.0	13	1000060120	11	0
713	20	13	1	0	14	0	10	1000	1225.96	-185.49	51.10	317.73	316.2	13	1000180400	12	1
713	20	16	3	0	14	0	10	1000	680.31	-634.76	87.87	521.42	929.0	13	1000080160	11	0
713	20	16	3	1	14	1	1	1006	616.50	137.41	-413.03	61.22	895.2	14	1000080160	20	0
713	20	16	3	2	14	1	10	1000	1047.84	547.57	-554.55	809.10	845.7	14	1000110230	12	0
713	20	18	2	0	14	0	3	1097	1910.68	-21.12	-60.28	597.45	798.5	13	1000180400	5	0
713	20	18	2	1	14	0	0	1001	599.52	576.55	-587.07	396.27	1228.5	13	1000110230	21	0
713	20	23	1	0	14	0	10	1000	1040.08	-29.73	173.85	34.24	458.6	13	1000180400	39	1
713	20	35	3	0	14	0	1	1003	2666.17	-603.08	-417.35	1045.74	1288.6	13	1000130270	11	0
713	20	35	3	1	14	0	1	1003	997.78	219.37	-441.51	-27.08	513.5	13	1000140280	20	0
713	20	35	3	2	14	1	0	1002	308.09	22.72	-477.88	341.35	639.1	14	1000080160	16	0
713	20	37	2	0	14	0	0	1001	485.62	-102.01	-25.57	4.07	172.8	13	1000180400	9	1
713	20	37	2	1	14	0	10	1000	936.42	-121.44	-14.14	-296.48	676.2	13	1000140280	15	0
713	20	38	1	0	14	1	10	1000	514.18	63.57	-144.31	453.94	584.5	14	1000180400	11	1
713	20	44	1	0	14	1	0	1002	941.48	110.36	-137.90	98.03	895.7	14	1000180400	12	1
713	20	46	1	0	14	0	10	1000	671.62	-208.12	52.52	615.26	135.9	13	1000180400	54	0
713	40	2	1	0	14	1	0	1002	507.35	-180.51	163.33	130.29	425.3	14	1000180400	16	1
713	40	9	2	0	14	0	1	1004	1304.03	-545.97	247.06	723.25	1221.2	13	1000220480	13	0
713	40	9	2	1	14	0	1	1003	782.82	216.82	87.44	-288.33	580.0	13	1000140280	12	0
713	40	11	1	0	14	0	10	1000	627.81	-136.51	38.01	170.51	1218.8	13	1000180400	16	1
713	40	17	1	0	14	0	0	1001	700.79	-255.62	152.70	525.71	380.7	13	1000180400	27	0
713	40	21	1	0	-14	1	0	1002	231.09	173.30	-24.52	139.81	595.5	-14	1000180400	16	1
713	40	23	1	0	14	0	0	1001	828.98	24.95	218.37	27.49	1386.3	13	1000180400	13	0
713	40	27	1	0	14	0	0	1001	739.93	-118.39	-59.07	240.88	465.5	13	1000180400	8	1
713	40	28	2	0	14	0	10	1000	1053.12	91.52	237.52	554.96	1443.6	13	1000180400	12	0
713	40	28	2	1	14	0	0	1001	404.52	615.29	-94.15	-223.87	337.3	13	1000200400	8	0
713	40	34	2	0	14	0	10	1000	3229.43	116.08	-282.19	-871.97	1016.4	13	1000140280	14	0
713	40	34	2	1	14	0	2	1091	3688.30	-217.05	-80.04	-458.99	1161.2	13	1000080160	24	0
713	40	35	1	0	14	0	0	1001	371.01	183.90	-15.36	173.92	426.4	13	1000180400	8	1
713	40	37	2	0	14	0	2	1091	4040.04	-630.64	139.62	-991.53	347.1	13	1000080160	14	0
713	40	37	2	1	14	0	0	1001	910.29	-227.45	148.93	-324.58	68.8	13	1000140280	9	0
713	40	41	2	0	14	0	0	1001	2453.71	442.84	-124.83	-529.44	1159.0	13	1000140280	9	0
713	40	41	2	1	14	0	0	1001	463.72	-315.45	547.96	-487.96	1558.8	13	1000080160	9	0
713	40	49	1	0	14	0	1	1003	2575.43	221.49	-170.21	47.08	1539.5	13	1000180400	15	0
719	84	4	1	0	14	0	10	1000	556.22	-162.44	350.33	203.40	1486.2	13	1000080160	16	0
719	84	13	1	0	14	1	0	1002	425.13	-153.19	-35.53	34.51	916.4	14	1000180400	10	1
719	84	24	1	0	14	0	2	1091	2807.84	-271.41	-90.21	-308.42	1506.4	13	1000080160	14	0
719	84	27	1	0	14	0	1	1000	1319.33	-111.20	-267.20	356.38	1037.9	13	1000180400	21	0
719	84	33	2	0	14	0	1	1003	855.70	177.10	188.25	473.40	358.6	13	1000180400	24	1
719	84	33	2	1	14	0	3	1097	660.37	-230.33	539.11	-391.11	407.2	13	1000200400	5	0
719	84	35	2	0	14	1	0	1002	592.34	-39.55	191.06	176.04	787.1	14	1000180400	18	1
719	84	35	2	1	14	1	1	1000	2797.96	-296.34	-94.73	-304.19	1452.2	14	1000140280	15	0
719	84	42	2	0	14	0	1	1003	2448.64	460.93	-182.81	-283.15	201.5	13	1000080160	11	0
719	84	42	2	1	14	0	1	1005	5004.25	685.37	-141.57	-1489.40	1069.4	13	1000140280	11	0
719	84	44	3	0	14	1	0	1002	784.33	-342.90	-38.22	949.76	563.6	14	1000080160	11	0
719	84	44	3	1	14	0	1	1000	1531.68	-10.30	-50.97	354.90	1169.4	13	1000180400	14	1
719	84	44	3	2	14	1	0	1002	332.32	-76.31	577.78	-466.65	44.5	14	1000140280	11	0
713	56	3	2	0	14	0	1	1003	2876.57	512.63	-0.43	-16.27	703.7	13	1000080160	19	0
713	56	3	2	1	-14	1	0	1002	882.22	-198.74	-209.93	384.42	1473.7	-14	1000180400	10	0
713	56	5	2	0	14	0	1	1005	1323.97	-112.00	-54.73	157.47	405.8	13	1000180400	12	1
713	56	5	2	1	14	0	0	1001	2044.13	620.50	-387.88	548.41	553.0	13	1000140280	8	0
713	56	7	1	0	14	0	1	1003	1334.39	-123.57	32.47	344.29	70.5	13	1000180400	20	1
713	56	11	4	0	14	0	2	1091	3030.39	-419.18	-236.56	-305.85	448.1	13	1000140280	13	0
713	56	11	4	1	14	0	10	1000	1173.44	-153.53	111.32	730.07	464.9	13	1000280590	23	0
713	56	11	4	2	14	0	0	1001	377.20	-476.05	-337.37	-170.82	1114.7	13	1000130270	14	0
713	56	11	4	3	14	1	1	1007	3576.91	127.31	124.74	-710.47	321.1	14	1000130270	14	0
713	56	16	4	0	14	1	0	1002	432.69	701.43	301.47	428.22	586.5	14	1000200400	11	0
713	56	16	4	1	14	0	0	1001	795.63	-200.43	-435.83	-358.05	464.7	13	1000080160	8	0
713	56	16	4	2	14	0	2	1091	2700.38	-309.43	-639.76	-591.07	381.9	13	1000140280	14	0
713	56	16	4	3	14	0	0	1001	382.07	75.66	136.75	-48.36	892.0	13	1000180400	18	0
713	56	21	2	0	14	1	0	1002	446.07	-322.63	-614.38	-195.50	54.1	14	1000080160	10	0
713	56	21	2	1	14	1	0	1002	2383.31	-197.88	-221.99	82.70	1503.3	14	1000180400	12	0
713	56	26	2	0	14	0	2	1091	2800.66	-688.58	-118.08	691.60	1218.8	13	1000080160	15	0
713	56	26	2	1	14	0	0	1001	1332.72	-186.43	-52.45	98.15	651.3	13	1000180400	8	1
713	56	28	1	0	14	0	1	1003	1203.67	-187.12	145.99	0.40	837.2	13	1000180400	45	1
713	56	36	4	0	14	1	0	1002	180.74	611.52	-113.40	970.36	1192.0	14	1000080160	8	0
713	56	36	4	1	14	0	0	1001	1073.22	90.96	47.07	385.99	567.2	13	1000180400	8	1
713	56	36	4	2	14	0	10	1000	859.02	168.75	-182.91	525.09	1216.0	13	1000180400	11	0
713	56	36	4	3	14	0	10	1000	425.75	370.41	-553.65	-237.07	278.4	13	1000110230	12	0
713	56	37	2	0	14	0	2	1091	2656.20	574.14	104.88	1149.55	1275.2	13	1000120240	13	0
713	56	37	2	1	14	0	1	1000	2783.55	-504.06	573.62	44.89	629.1	13	1000080160	17	0
713	56	40	2	0	14	0	1	1004	1503.79	0.30	40.75	-5.67	402.0	13	1000260560	11	0
713	56	40	2	1	14	0	0	1001	430.60	425.19	-523.47	-331.83	922.7	13	1000140280	8	0
713	56	43	1	0	14	0	0	1001	1144.33	-26.56	-256.67	360.67	1567.7	13	1000180400	8	0
713	56	46	1	0	14	0	2	1091	3269.36	-251.78	-126.31	-386.27	1202.7	13	1000140280	12	0
713	56	48	3	0	14	0	1	1005	1846.07	-279.38	319.88	-175.76	508.7	13	1000240520	26	0
713	56	48	3	1	14	0	0	1001	1560.05	-196.37	-12.20	269.37	87.6	13	1000180400	25	1
713	56	48	3	2	14	0	0	1001	1963.02	-94.75	-358.96	-274.42	1414.9	13	1000140280	9	0
713	56	49	2	0	14	0	0	1001	704.91	-74.10	32.49	94.56	742.9	13	1000180400	9	1
713	56	49	2	1	14	1	0	1002	1594.01	-577.72	-421.32	946.66	336.8	14	1000080160	9	0
713	56	50	1	0	14	1	1	1000	2320.10	2.18	-58.19	508.48	1497.2	14	1000180400	16	0
714	40	1	1	0	12	1	2	1092	1880.54	-69.86	-181.23	578.28	1386.2	12	1000180400	14	0
714	40	6	1	0	14	0	0	1001	564.11	-51.08	-191.51	127.91	803.5	13	1000180400	9	1
714	40	8	1	0	14	0	0	1001	398.60	94.33	198.16	36.42	307.0	13	1000180400	13	1
714	40	13	1	0	14	0	0	1001	366.29	-26.36	111.70	247.83	1488.7	13	1000180400	10	1
714	40	15	2	0	14	0	0	1001	2011.14	-255.03	-108.59	-60.00	1136.4	13	1000060120	12	0
714	40	15	2	1	14	0	1	1003	4295.36	46.63	-193.57	-1059.03	497.3	13	1000200400	12	0
714	40	16	2	0	14	1	1	1007	1079.34	68.08	234.76	578.72	1461.8	14	1000180400	12	0
714	40	16	2	1	14	0	1	1003	524.87	-95.24	-507.92	375.89	887.1	13	1000080160	12	0
714	40	21	1	0	14	0	0	1001	688.76	24.98	-35.37	504.07	777.4	13	1000180400	27	0
714	40	22	3	0	12	0	0	1001	1071.12	-170.62	-166.49	465.57	1272.2	11	1000180400	37	1
714	40	22	3	1	14	1	0	1002	2687.18	16.53	-434.87	1246.89	935.1	14	1000080160	12	0
714	40	22	3	2	14	0	1	1003	1849.55	-368.09	-0.52	381.40	982.3	13	1000260560	11	0
714	40	27	2	0	14	0	0	1001	1228.78	130.47	-197.82	-426.38	635.3	13	1000200400	15	0
714	40	27	2	1	14	0	0	1001	305.80	-129.27	42.67	475.18	454.4	13	1000180400	12	1
714	40	29	2	0	14	0	0	1001	611.25	151.11	-153.44	408.88	565.9	13	1000180400	9	1
714	40	29	2	1	14	1	1	1000	2715.66	-439.35	-471.49	570.13	172.6	14	1000080160	13	0
714	40	30	2	0	14	0	1	1004	898.97	139.85	-129.36	185.99	1560.7	13	1000180400	15	1
714	40	30	2	1	14	0	2	1091	3092.53	-570.65	-215.28	11.67	191.9	13	1000200400	17	0
714	40	33	1	0	14	0	2	1091	3421.97	-129.31	-248.07	147.12	1238.6	13	1000180400	15	0
714	40	48	2	0	14	0	0	1001	900.64	-184.51	100.56	484.01	982.7	13	1000180400	13	1
714	40	48	2	1	14	0	0	1001	583.15	-22.60	424.54	-413.23	974.3	13	1000080160	9	0
712	31	1	2	0	14	0	0	1001	331.44	373.55	40.52	-325.23	1562.1	13	1000080160	9	0
712	31	1	2	1	14	1	1	1008	947.78	-182.18	9.02	418.92	1190.8	14	1000180400	13	1
712	31	4	1	0	14	0	1	1005	1185.22	-56.08	101.35	496.17	606.0	13	1000180400	14	1
712	31	6	2	0	14	0	1	1000	3203.12	86.54	175.34	-500.92	1425.7	13	1000120240	13	0
712	31	6	2	1	14	1	0	1002	773.08	192.77	242.79	562.25	268.0	14	1000180400	10	0
712	31	9	1	0	14	0	1	1000	2206.10	-480.29	164.05	-156.77	1268.8	13	1000080160	15	0
712	31	10	2	0	14	1	10	1000	896.08	-268.70	69.71	-393.11	1297.6	14	1000220480	11	0
712	31	10	2	1	14	1	0	1002	547.04	-99.59	112.20	612.17	743.2	14	1000180400	16	0
712	31	11	2	0	14	1	1	1007	1111.04	-55.33	216.81	-459.56	1236.6	14	1000130270	17	0
712	31	11	2	1	14	0	0	1001	316.40	-679.06	370.05	-442.59	822.7	13	1000080160	9	0
712	31	12	2	0	14	0	3	1097	3434.75	-110.32	142.34	-437.74	388.2	13	1000120240	5	0
712	31	12	2	1	14	0	10	1000	3800.39	15.64	-139.17	1223.61	1179.9	13	1000140280	12	0
712	31	15	1	0	14	0	0	1001	1161.67	-514.02	-220.15	583.63	325.3	13	1000080160	9	0
712	31	22	1	0	14	0	1	1005	1207.16	-56.08	-2.64	291.67	958.9	13	1000180400	21	1
712	31	27	2	0	14	0	0	1001	903.91	20.27	7.59	261.56	66.9	13	1000180400	9	1
712	31	27	2	1	14	1	2	1092	3482.91	-523.47	-45.69	849.20	484.2	14	1000080160	13	0
712	31	31	2	0	14	0	0	1001	1996.44	-76.02	-94.65	-294.37	1129.6	13	1000140280	9	0
712	31	31	2	1	14	0	0	1001	304.35	187.97	-460.54	-413.57	158.2	13	1000080160	8	0
712	31	38	2	0	14	0	0	1001	388.49	-246.20	535.74	-334.39	1507.7	13	1000140280	8	0
712	31	38	2	1	14	0	0	1001	539.57	401.53	-140.69	334.02	88.9	13	1000060120	9	0
712	31	40	2	0	14	1	0	1002	1197.54	-54.33	-46.11	106.46	1124.8	14	1000180400	11	1
712	31	40	2	1	14	0	0	1001	2031.67	-84.47	-4.56	-2.82	1120.3	13	1000180400	10	0
712	31	47	2	0	14	1	1	1008	697.34	151.89	210.29	439.24	793.8	14	1000180400	11	0
712	31	47	2	1	14	0	0	1001	1799.12	185.26	-39.58	250.53	655.0	13	1000180400	10	1
715	17	1	1	0	14	0	10	1000	1044.94	45.69	-93.62	233.60	1052.1	13	1000180400	38	1
715	17	2	2	0	14	0	1	1003	1448.16	-201.68	59.68	-456.25	1480.9	13	1000200400	12	0
715	17	2	2	1	14	1	10	1000	872.76	15.18	-163.01	498.09	1592.3	14	1000180400	19	1
715	17	6	2	0	14	1	1	1007	748.17	160.76	-24.80	-301.90	922.8	14	1000080160	12	0
715	17	6	2	1	14	0	10	1000	907.50	-243.43	90.44	97.48	461.7	13	1000180400	12	0
715	17	7	2	0	14	0	1	1004	880.54	-79.45	-150.06	-444.36	933.2	13	1000080160	16	0
715	17	7	2	1	14	0	1	1004	657.51	77.66	-221.33	114.30	576.0	13	1000180400	17	0
715	17	13	2	0	14	0	1	1004	924.96	-549.01	-234.71	924.00	1379.7	13	1000200400	28	0
715	17	13	2	1	14	1	1	1008	891.28	-184.41	208.88	423.62	1231.9	14	1000260560	12	0
715	17	14	1	0	14	0	10	1000	1258.34	-23.54	-102.65	207.67	1563.4	13	1000180400	16	1
715	17	18	2	0	14	1	0	1002	557.86	160.40	-32.53	-323.59	1147.6	14	1000080160	9	0
715	17	18	2	1	14	1	2	1092	3392.68	205.95	267.76	-524.40	1086.7	14	1000160320	19	0
715	17	19	2	0	14	0	1	1004	1435.54	-28.40	-127.50	-15.08	798.1	13	1000180400	12	0
715	17	19	2	1	14	0	0	1001	259.79	377.36	93.10	-483.43	43.3	13	1000120240	14	0
715	17	22	1	0	14	0	0	1001	706.89	97.68	225.72	320.18	713.7	13	1000180400	9	0
715	17	23	1	0	14	0	0	1001	2040.50	226.26	239.39	-428.07	1503.5	13	1000130270	12	0
715	17	27	1	0	14	0	0	1001	716.13	-370.21	111.03	357.04	89.5	13	1000240520	9	0
715	17	28	1	0	14	1	1	1009	759.14	-128.92	132.41	-22.28	1138.7	14	1000180400	11	0
715	17	30	2	0	14	0	0	1001	533.34	51.02	18.17	512.52	1024.7	13	1000180400	13	0
715	17	30	2	1	14	1	0	1002	385.69	667.35	47.25	546.67	1270.5	14	1000080160	8	0
715	17	31	1	0	14	0	1	1004	3889.44	-134.93	99.33	207.57	503.8	13	1000180400	11	1
715	17	33	3	0	14	0	1	1003	519.74	77.20	39.26	307.58	637.1	13	1000180400	13	1
715	17	33	3	1	14	0	0	1001	1250.05	73.30	-442.65	204.89	333.4	13	1000080160	9	0
715	17	33	3	2	14	0	0	1001	324.59	-395.29	-493.29	-98.74	396.9	13	1000110230	9	0
715	17	37	1	0	14	0	2	1091	4067.14	51.20	-22.05	-292.30	125.3	13	1000080160	23	0
715	17	38	2	0	14	1	0	1002	448.29	-83.26	-234.38	164.45	407.9	14	1000180400	25	0
715	17	38	2	1	14	0	0	1001	653.23	-634.03	-85.50	718.31	1525.0	13	1000140280	14	0
715	17	47	3	0	14	0	0	1001	959.65	-321.53	119.48	-503.23	101.6	13	1000140280	16	0
715	17	47	3	1	14	0	0	1001	1540.59	-189.97	120.67	402.63	507.7	13	1000180400	10	1
715	17	47	3	2	14	0	0	1001	908.22	-44.27	203.48	152.65	784.8	13	1000180400	10	0
715	17	48	1	0	14	1	0	1002	811.03	-18.74	-43.01	151.36	1389.7	14	1000180400	11	1
715	17	49	1	0	14	1	2	1092	1007.15	178.87	-83.49	322.75	826.7	14	1000180400	11	1
715	96	4	1	0	14	0	0	1001	1352.56	-208.36	69.28	40.17	308.2	13	1000180400	9	0
715	96	6	2	0	14	0	1	1003	1875.47	-270.20	-582.60	-447.72	101.4	13	1000110230	11	0
715	96	6	2	1	14	0	0	1001	816.13	149.38	-214.55	152.77	690.3	13	1000180400	16	0
715	96	9	1	0	14	1	1	1006	3114.49	-143.16	-7.05	620.13	304.5	14	1000180400	14	0
715	96	10	1	0	14	1	2	1092	976.18	-195.67	125.90	115.53	1009.7	14	1000180400	11	1
715	96	15	2	0	14	0	1	1004	1753.96	-103.09	-154.00	968.79	584.7	13	1000080160	17	0
715	96	15	2	1	14	0	0	1001	588.91	62.27	178.83	357.23	358.0	13	1000180400	9	1
715	96	18	2	0	14	0	0	1001	676.69	-146.39	42.35	115.74	1104.1	13	1000180400	9	1
715	96	18	2	1	14	0	2	1091	1867.21	485.65	528.15	-153.78	131.8	13	1000080160	14	0
715	96	21	1	0	14	0	0	1001	461.43	-44.25	-497.74	-86.70	1233.7	13	1000110230	8	0
715	96	27	1	0	14	0	0	1001	766.47	183.51	-157.45	134.88	764.9	13	1000180400	17	1
715	96	35	2	0	14	0	1	1004	2048.70	-708.91	59.52	-328.95	1147.2	13	1000140280	13	0
715	96	35	2	1	14	1	0	1002	588.11	-98.04	-166.70	-326.39	977.9	14	1000080160	10	0
715	96	39	2	0	14	1	0	1002	937.15	-221.44	62.28	258.39	750.0	14	1000180400	14	0
715	96	39	2	1	14	0	1	1004	870.90	-108.26	-100.58	521.18	666.0	13	1000180400	13	0
715	96	46	1	0	14	1	1	1008	951.78	-185.13	128.01	526.57	173.2	14	1000180400	27	0
720	5	4	2	0	14	0	0	1001	874.35	-257.41	45.44	-356.41	670.7	13	1000140280	9	0
720	5	4	2	1	14	1	0	1002	592.05	-152.85	-542.25	-212.34	51.2	14	1000110230	9	0
720	5	5	2	0	14	0	2	1091	3417.92	-136.70	-115.41	959.51	1058.8	13	1000140280	14	0
720	5	5	2	1	14	1	10	1000	769.43	78.47	106.73	-140.76	585.1	14	1000240520	23	0
720	5	6	2	0	14	0	10	1000	1701.73	-515.74	-279.70	61.81	233.3	13	1000110230	12	0
720	5	6	2	1	14	0	0	1001	684.65	50.88	-65.16	-307.03	1298.9	13	1000080160	10	0
720	5	7	1	0	14	0	0	1001	410.38	9.33	14.24	233.49	713.0	13	1000180400	9	1
720	5	11	2	0	14	0	0	1001	635.51	-98.02	-136.72	-323.76	295.6	13	1000080160	9	0
720	5	11	2	1	14	0	1	1003	1209.46	-155.87	-219.98	-330.97	561.0	13	1000080160	12	0
720	5	13	1	0	14	1	0	1002	1055.29	-109.13	-36.18	496.47	268.4	14	1000180400	10	1
720	5	23	4	0	14	0	0	1001	442.83	410.26	148.25	-337.67	1148.3	13	1000120240	8	0
720	5	23	4	1	14	1	1	1006	902.65	-174.28	-126.37	-280.46	1016.2	14	1000080160	11	0
720	5	23	4	2	12	0	1	1005	1434.43	-6.34	-616.68	208.22	994.9	11	1000110230	18	0
720	5	23	4	3	14	0	1	1004	3254.47	610.77	135.08	1401.28	731.6	13	1000200400	22	0
720	5	25	3	0	14	0	0	1001	893.64	260.04	-43.46	65.91	1576.9	13	1000260560	8	0
720	5	25	3	1	14	0	0	1001	812.68	-154.70	206.82	-3.56	970.8	13	1000180400	9	0
720	5	25	3	2	14	0	1	1003	543.70	-354.96	173.13	-442.05	65.5	13	1000140280	13	0
720	5	28	2	0	14	0	0	1001	1449.12	-72.41	-49.40	-337.51	1297.6	13	1000080160	16	0
720	5	28	2	1	14	0	1	1005	499.33	18.78	-15.02	227.99	504.2	13	1000180400	11	1
720	5	32	1	0	14	0	10	1000	888.00	70.42	47.78	124.77	1029.9	13	1000180400	25	1
720	5	34	2	0	14	0	1	1005	632.79	48.73	-402.09	-142.40	1343.9	13	1000140280	15	0
720	5	34	2	1	14	0	0	1001	758.97	-698.14	35.57	-182.90	849.6	13	1000080160	8	0
720	5	39	2	0	14	0	1	1003	1216.54	167.39	-175.98	465.44	1077.4	13	1000180400	17	1
720	5	39	2	1	14	1	0	1002	401.65	-664.97	306.05	-49.41	551.8	14	1000200400	16	0
720	5	42	1	0	14	0	1	1003	582.22	118.35	-135.43	144.16	160.6	13	1000180400	12	1
720	5	43	3	0	14	0	0	1001	517.00	-666.18	-39.41	68.14	800.4	13	1000080160	10	0
720	5	43	3	1	14	0	10	1000	1797.41	-188.13	-9.87	421.96	337.0	13	1000180400	17	1
720	5	43	3	2	14	1	1	1009	4321.41	471.95	134.30	1422.10	1319.1	14	1000140280	12	0
713	98	1	3	0	14	0	2	1091	4616.88	186.63	-665.42	648.86	576.4	13	1000110230	16	0
713	98	1	3	1	14	0	0	1001	1183.85	-129.27	-118.87	-277.17	619.4	13	1000080160	8	0
713	98	1	3	2	14	1	1	1007	464.34	540.56	221.91	919.16	601.0	14	1000200400	11	0
713	98	5	3	0	14	0	10	1000	912.10	37.24	-14.04	977.14	509.1	13	1000130270	11	0
713	98	5	3	1	-14	1	1	1015	1449.74	-30.59	-50.30	547.13	1574.0	-14	1000180400	13	0
713	98	5	3	2	14	0	0	1001	432.07	319.14	356.64	117.38	141.8	13	1000260560	9	0
713	98	10	1	0	14	0	0	1001	2706.04	46.58	121.86	382.62	1456.0	13	1000180400	10	1
713	98	11	3	0	14	1	1	1006	1075.65	503.74	-526.26	-229.34	982.3	14	1000080160	13	0
713	98	11	3	1	14	0	1	1004	870.12	122.25	199.17	464.29	1196.1	13	1000180400	18	1
713	98	11	3	2	14	0	0	1001	534.61	-306.92	-500.77	-266.47	1225.2	13	1000110230	8	0
713	98	12	2	0	14	0	0	1001	684.20	661.20	-84.89	617.91	970.6	13	1000130270	8	0
713	98	12	2	1	14	0	0	1001	810.54	7.41	220.05	-344.53	199.8	13	1000080160	8	0
713	98	13	1	0	14	1	1	1000	3786.83	532.04	-265.84	100.31	1178.5	14	1000080160	16	0
713	98	15	1	0	14	1	10	1000	391.13	-111.43	371.16	-292.81	371.7	14	1000110230	11	0
713	98	22	1	0	14	1	1	1009	829.34	148.79	133.74	261.93	427.4	14	1000180400	12	1
713	98	30	3	0	14	1	0	1002	538.50	-51.02	-259.92	-489.14	1086.5	14	1000120240	9	0
713	98	30	3	1	14	0	0	1001	4336.44	-134.46	-424.05	-276.74	1378.8	13	1000080160	8	0
713	98	30	3	2	14	0	0	1001	1027.89	-39.00	-15.17	124.15	1521.4	13	1000180400	9	1
713	98	31	2	0	14	1	0	1002	495.89	522.13	-461.53	80.82	195.2	14	1000080160	11	0
713	98	31	2	1	14	0	0	1001	1402.13	-177.54	232.05	54.01	137.8	13	1000180400	10	0
713	98	33	1	0	14	0	1	1005	1482.69	-343.78	-110.77	-103.85	398.0	13	1000240520	11	0
713	98	36	3	0	14	0	0	1001	289.17	-325.45	-463.53	431.09	1135.6	13	1000140280	36	0
713	98	36	3	1	14	0	0	1001	1976.14	131.33	-46.91	-414.69	1199.8	13	1000080160	9	0
713	98	36	3	2	14	0	0	1001	1054.16	-180.39	136.49	265.64	389.1	13	1000180400	19	1
713	98	37	1	0	-14	0	0	1001	1250.99	-55.47	-132.10	268.77	1034.3	-13	1000180400	8	1
713	98	41	6	0	14	0	0	1001	417.94	-297.36	-480.68	242.84	579.4	13	1000080160	9	0
713	98	41	6	1	14	0	1	1005	775.68	413.23	182.12	-363.62	879.6	13	1000200400	13	0
713	98	41	6	2	14	0	1	1003	754.59	254.73	-120.20	207.89	1429.8	13	1000180400	13	0
713	98	41	6	3	14	0	0	1001	763.43	42.26	-656.34	56.40	157.0	13	1000110230	9	0
713	98	41	6	4	14	0	2	1091	2710.78	-673.79	-679.01	30.46	515.2	13	1000080160	17	0
713	98	41	6	5	14	0	1	1004	1290.09	-133.68	-126.63	176.12	482.6	13	1000180400	35	1
713	98	42	4	0	14	1	1	1006	380.89	-687.44	-301.77	-134.81	57.4	14	1000130270	23	0
713	98	42	4	1	14	0	0	1001	793.35	-595.48	-552.87	583.28	551.8	13	1000110230	8	0
713	98	42	4	2	14	0	0	1001	490.16	203.47	24.62	232.34	1298.7	13	1000180400	9	0
713	98	42	4	3	14	1	1	1008	759.60	-20.52	-33.17	596.39	932.2	14	1000180400	11	0
713	98	45	4	0	-14	1	0	1002	131.20	-285.99	90.29	-462.03	43.9	-14	1000250550	9	0
713	98	45	4	1	14	1	1	1008	394.07	340.13	80.53	65.65	668.6	14	1000260560	11	0
713	98	45	4	2	14	0	10	1000	1014.97	-131.96	-142.77	432.72	285.6	13	1000180400	13	1
713	98	45	4	3	14	1	0	1002	566.34	656.73	-18.45	481.08	419.1	14	1000200400	11	0
713	98	46	2	0	14	0	1	1003	1810.89	-107.22	-124.44	-140.42	793.7	13	1000260560	12	0
713	98	46	2	1	14	1	2	1092	2375.14	-467.18	355.12	-688.80	111.6	14	1000200400	13	0
713	98	48	1	0	14	1	1	1008	919.27	-376.10	122.76	175.51	1447.6	14	1000240520	17	0
713	98	49	3	0	14	0	0	1001	1593.06	-119.14	-242.11	527.88	1043.1	13	1000180400	10	0
713	98	49	3	1	14	0	10	1000	881.21	379.19	-660.58	205.17	691.7	13	1000080160	11	0
713	98	49	3	2	14	0	0	1001	563.18	231.83	31.70	459.70	113.4	13	1000180400	9	0
713	16	1	1	0	14	1	2	1092	5151.68	165.65	106.12	242.04	1090.8	14	1000180400	38	1
713	16	5	2	0	14	0	0	1001	566.24	-38.35	-573.56	-280.68	657.1	13	1000140280	8	0
713	16	5	2	1	14	0	0	1001	1445.21	-52.55	-45.21	262.35	371.6	13	1000180400	9	1
713	16	14	3	0	14	0	0	1001	2817.38	-35.11	3.27	-602.28	1405.0	13	1000080160	9	0
713	16	14	3	1	14	0	0	1001	674.92	632.25	-188.18	262.19	1260.8	13	1000140280	9	0
713	16	14	3	2	14	0	1	1003	1097.41	272.44	-6.29	973.71	506.3	13	1000140280	11	0
713	16	21	2	0	14	0	1	1004	2632.26	-112.95	163.78	1214.65	1275.4	13	1000130270	11	0
713	16	21	2	1	14	0	10	1000	858.73	-479.88	-60.65	-106.04	701.7	13	1000080160	19	0
713	16	25	4	0	14	0	2	1091	5221.45	-128.23	51.80	1533.36	1379.3	13	1000120240	18	0
713	16	25	4	1	14	0	1	1003	705.24	20.21	54.06	45.79	1180.9	13	1000180400	11	1
713	16	25	4	2	14	1	0	1002	286.08	677.62	-476.18	-122.85	794.6	14	1000260560	8	0
713	16	25	4	3	14	0	10	1000	694.87	-249.16	16.07	557.31	1461.5	13	1000180400	12	0
713	16	27	1	0	14	1	2	1092	1657.15	-73.03	-46.27	-319.55	464.9	14	1000080160	20	0
713	16	29	1	0	14	1	1	1008	925.61	-20.22	215.28	228.83	218.2	14	1000180400	11	0
713	16	32	2	0	14	0	0	1001	220.63	-5.55	-511.79	869.51	731.7	13	1000110230	9	0
713	16	32	2	1	14	0	10	1000	727.01	-208.59	-63.39	111.55	62.3	13	1000180400	12	0
713	16	36	1	0	14	0	1	1003	1339.08	-163.18	125.16	137.40	840.2	13	1000180400	12	1
713	16	37	2	0	14	0	0	1001	1278.07	-156.22	177.69	227.33	255.2	13	1000180400	9	1
713	16	37	2	1	14	0	0	1001	792.18	-82.22	-688.55	995.28	1079.4	13	1000140280	9	0
713	16	41	3	0	14	1	0	1002	786.01	198.03	3.36	134.78	742.4	14	1000180400	17	1
713	16	41	3	1	14	0	0	1001	666.94	-213.45	9.80	447.82	265.1	13	1000260560	8	0
713	16	41	3	2	14	0	0	1001	724.99	146.56	-29.35	275.40	371.3	13	1000180400	10	1
713	16	43	2	0	14	0	0	1001	548.21	373.74	99.92	-291.86	390.5	13	1000140280	8	0
713	16	43	2	1	14	0	0	1001	1117.33	171.51	59.36	77.28	857.8	13	1000180400	10	1
713	16	45	2	0	14	0	0	1001	2058.81	120.11	13.04	469.33	794.6	13	1000180400	9	1
713	16	45	2	1	14	1	2	1092	4630.22	-213.64	-523.56	232.95	1260.4	14	1000080160	14	0
713	16	50	1	0	14	0	0	1001	512.85	-21.29	-13.47	-289.90	1451.6	13	1000130270	9	0
713	50	2	1	0	14	0	1	1003	5573.72	58.47	-86.40	59.14	1390.5	13	1000180400	13	1
713	50	3	1	0	14	1	1	1007	568.75	250.08	-90.80	351.34	1303.3	14	1000180400	22	0
713	50	13	2	0	14	1	1	1008	3102.05	-609.06	231.51	181.58	690.1	14	1000200400	12	0
713	50	13	2	1	14	0	0	1001	256.42	-493.48	213.26	211.47	673.8	13	1000140280	9	0
713	50	14	1	0	14	0	1	1003	516.66	-81.30	-59.15	219.07	217.3	13	1000180400	11	1
713	50	17	2	0	14	0	0	1001	294.20	185.46	-681.10	-384.00	1146.7	13	1000140280	9	0
713	50	17	2	1	14	1	1	1008	1042.56	-188.26	147.42	242.50	1240.7	14	1000180400	13	1
713	50	18	1	0	14	0	0	1001	1110.98	-94.51	9.08	309.86	374.5	13	1000180400	9	1
713	50	19	3	0	14	0	10	1000	811.15	-24.11	145.32	139.58	196.7	13	1000180400	18	1
713	50	19	3	1	14	0	1	1003	2751.54	343.11	-418.39	1044.81	360.7	13	1000080160	12	0
713	50	19	3	2	14	1	0	1002	542.42	-350.29	75.96	-509.04	953.6	14	1000140280	11	0
713	50	21	1	0	14	0	1	1003	1767.54	-166.32	105.51	28.25	1481.0	13	1000180400	13	1
713	50	29	1	0	14	1	0	1002	915.06	-1.00	-175.54	268.11	1281.3	14	1000180400	10	1
713	50	32	3	0	14	0	2	1091	1860.29	-138.53	169.80	214.87	541.0	13	1000180400	16	1
713	50	32	3	1	14	0	2	1091	3545.36	142.26	226.16	-855.95	1358.3	13	1000080160	13	0
713	50	32	3	2	14	0	2	1091	4140.60	-345.54	-375.45	-767.75	166.6	13	1000080160	11	0
713	50	41	1	0	14	0	1	1003	3219.72	-181.51	-501.21	-339.01	1147.8	13	1000080160	14	0
713	50	45	1	0	14	1	0	1002	329.42	-38.44	352.89	120.45	499.3	14	1000260560	9	0
712	18	9	1	0	14	0	10	1000	849.59	166.32	-91.09	278.77	143.9	13	1000180400	26	1
712	18	16	3	0	14	0	0	1001	833.19	-259.15	21.64	-276.86	526.4	13	1000080160	13	0
712	18	16	3	1	14	0	0	1001	761.39	-22.14	-450.28	994.56	794.7	13	1000140280	9	0
712	18	16	3	2	14	0	0	1001	295.11	-631.82	91.32	-22.56	456.8	13	1000200400	8	0
712	18	20	1	0	14	0	1	1000	2959.00	484.61	420.34	-66.59	1117.4	13	1000080160	14	0
712	18	24	2	0	14	0	1	1003	2884.57	-193.85	-23.58	1013.27	223.0	13	1000200400	12	0
712	18	24	2	1	14	0	1	1003	1615.49	221.30	-453.59	88.70	536.5	13	1000140280	12	0
712	18	27	1	0	14	0	0	1001	1735.90	193.12	-126.52	-533.74	1424.1	13	1000140280	9	0
712	18	33	2	0	14	0	1	1003	1150.12	-44.39	-76.60	17.70	191.8	13	1000180400	17	1
712	18	33	2	1	14	0	0	1001	566.01	-204.86	32.72	382.70	943.7	13	1000180400	9	0
712	18	38	2	0	14	1	10	1000	778.77	528.81	153.17	-148.85	773.2	14	1000200400	16	0
712	18	38	2	1	14	1	0	1002	455.18	-706.24	511.16	423.71	887.6	14	1000140280	9	0
712	18	39	1	0	14	0	0	1001	308.33	62.91	-30.27	383.48	904.4	13	1000180400	8	1
712	18	49	2	0	14	0	2	1091	4401.10	229.06	228.40	526.40	361.6	13	1000180400	14	0
712	18	49	2	1	14	0	0	1001	1464.00	-242.49	220.38	492.85	1174.1	13	1000180400	9	0
715	22	1	1	0	14	0	0	1001	652.43	-123.59	113.23	292.40	600.6	13	1000180400	10	1
715	22	6	2	0	14	1	0	1002	675.53	208.40	-93.97	775.54	1601.3	14	1000130270	11	0
715	22	6	2	1	14	1	0	1002	448.83	62.01	-125.13	386.97	1250.5	14	1000180400	10	1
715	22	10	2	0	14	0	10	1000	2500.82	313.03	-604.28	-335.51	1545.7	13	1000080160	12	0
715	22	10	2	1	14	0	0	1001	850.00	22.56	98.38	175.91	746.2	13	1000180400	8	1
715	22	16	1	0	14	1	1	1007	1096.04	159.00	62.22	-273.15	1374.7	14	1000080160	21	0
715	22	28	2	0	14	0	1	1004	832.72	517.57	59.43	166.48	1277.1	13	1000080160	12	0
715	22	28	2	1	14	1	0	1002	814.76	-251.93	-116.29	359.72	545.7	14	1000180400	18	0
715	22	34	2	0	14	0	0	1001	681.63	681.60	160.14	723.86	1524.2	13	1000080160	9	0
715	22	34	2	1	14	0	10	1000	1211.54	86.57	-178.44	-201.17	280.5	13	1000130270	12	0
715	22	45	1	0	14	1	2	1092	662.40	15.39	61.28	-58.73	622.1	14	1000180400	12	0
713	89	4	2	0	14	0	0	1001	947.46	-184.47	-235.71	317.45	220.7	13	1000180400	9	0
713	89	4	2	1	14	1	0	1002	514.70	129.49	-397.26	-251.80	524.7	14	1000080160	9	0
713	89	7	1	0	14	1	1	1008	449.16	-439.26	-101.53	-271.23	429.1	14	1000080160	13	0
713	89	8	1	0	14	0	1	1003	756.66	85.54	-100.25	170.14	1409.1	13	1000180400	21	1
713	89	13	2	0	14	0	0	1001	1110.28	-161.19	-130.13	228.12	1491.0	13	1000180400	11	1
713	89	13	2	1	14	0	1	1003	2025.35	-139.19	-264.63	1114.08	855.6	13	1000140280	11	0
713	89	14	3	0	14	0	0	1001	520.31	-238.48	-113.37	137.26	710.4	13	1000180400	22	0
713	89	14	3	1	14	0	1	1004	1492.87	512.70	-417.92	754.26	917.3	13	1000080160	12	0
713	89	14	3	2	14	0	2	1091	2434.03	-596.01	-415.77	-257.27	298.6	13	1000140280	13	0
713	89	17	3	0	14	1	1	1008	824.04	294.43	328.50	-356.96	1412.1	14	1000130270	15	0
713	89	17	3	1	14	0	10	1000	663.46	27.86	-258.01	-291.60	1279.7	13	1000080160	14	0
713	89	17	3	2	14	0	0	1001	694.49	-72.75	0.35	-143.22	415.4	13	1000260560	8	0
713	89	22	3	0	14	0	0	1001	1575.89	-81.78	-33.61	369.83	1493.1	13	1000180400	10	1
713	89	22	3	1	14	0	10	1000	454.08	505.92	0.01	37.40	990.0	13	1000080160	12	0
713	89	22	3	2	14	1	0	1002	363.83	-37.86	-702.64	270.17	238.8	14	1000080160	19	0
713	89	24	1	0	14	0	0	1001	976.54	-83.83	149.02	125.86	1276.2	13	1000180400	9	1
713	89	26	1	0	14	0	1	1004	1425.06	91.51	114.37	434.08	150.3	13	1000180400	11	1
713	89	29	1	0	14	0	0	1001	1463.24	-155.72	63.32	330.73	1451.9	13	1000180400	17	1
713	89	31	1	0	14	0	0	1001	644.09	-518.43	-93.95	-163.72	566.0	13	1000080160	9	0
713	89	32	1	0	14	0	10	1000	719.83	-201.93	-11.31	184.78	1333.8	13	1000180400	14	0
713	89	33	2	0	14	0	0	1001	1554.40	100.83	72.05	-509.11	1425.4	13	1000120240	15	0
713	89	33	2	1	-14	1	0	1002	283.00	388.59	-514.14	538.19	1327.1	-14	1000110230	11	0
713	89	34	2	0	14	0	10	1000	619.91	-495.07	-590.27	728.76	574.6	13	1000140280	12	0
713	89	34	2	1	14	1	1	1006	565.69	188.13	91.22	67.39	952.0	14	1000180400	11	1
713	89	42	3	0	14	1	10	1000	304.18	-152.20	-190.53	304.89	923.3	14	1000180400	11	1
713	89	42	3	1	14	1	2	1092	3185.06	643.64	335.14	79.31	819.1	14	1000200400	19	0
713	89	42	3	2	14	1	0	1002	286.70	608.21	183.14	122.34	783.7	14	1000080160	21	0
713	89	46	2	0	14	0	0	1001	383.77	-580.39	-210.56	433.59	756.2	13	1000080160	8	0
713	89	46	2	1	14	1	1	1009	1671.50	-252.77	56.44	119.46	783.7	14	1000180400	11	0
713	89	47	3	0	14	0	0	1001	461.44	-573.70	-686.69	145.47	501.0	13	1000080160	9	0
713	89	47	3	1	14	0	10	1000	1276.53	-282.53	-461.61	-113.17	151.5	13	1000080160	12	0
713	89	47	3	2	14	1	0	1002	449.70	13.83	-184.25	163.65	709.2	14	1000180400	12	1
713	89	48	2	0	14	0	10	1000	760.51	22.54	-59.72	196.55	1204.8	13	1000180400	12	1
713	89	48	2	1	14	0	1	1003	884.18	-182.73	51.01	723.26	484.5	13	1000260560	13	0
714	4	9	2	0	14	1	1	1007	2246.33	-124.51	-129.30	-460.03	859.7	14	1000130270	33	0
714	4	9	2	1	14	0	0	1001	967.01	-6.01	174.58	383.28	812.6	13	1000180400	25	1
714	4	13	4	0	14	0	1	1004	2551.97	306.44	-496.30	1231.67	1504.0	13	1000080160	12	0
714	4	13	4	1	14	0	0	1001	762.69	-317.86	427.52	74.84	1427.5	13	1000260560	8	0
714	4	13	4	2	14	0	0	1001	390.15	-630.13	-386.40	-202.30	979.3	13	1000200400	15	0
714	4	13	4	3	14	0	0	1001	2257.41	79.15	114.11	-420.10	47.7	13	1000080160	11	0
714	4	23	1	0	14	0	10	1000	699.52	230.65	145.58	229.21	1414.1	13	1000180400	13	0
714	4	24	4	0	14	0	10	1000	1817.48	-167.39	-58.01	243.64	1015.8	13	1000180400	12	1
714	4	24	4	1	14	1	0	1002	777.99	-193.97	-34.91	209.59	142.6	14	1000180400	17	1
714	4	24	4	2	14	1	10	1000	511.62	336.55	409.93	-328.11	846.8	14	1000110230	11	0
714	4	24	4	3	14	1	1	1008	1588.01	47.59	77.92	-53.34	1233.1	14	1000180400	17	0
714	4	29	3	0	14	0	0	1001	847.06	-220.64	-32.84	64.93	515.3	13	1000180400	8	0
714	4	29	3	1	14	0	10	1000	448.96	-14.09	-649.22	-81.90	1306.6	13	1000110230	11	0
714	4	29	3	2	14	0	0	1001	316.53	-554.21	607.42	405.30	226.5	13	1000120240	8	0
714	4	36	2	0	14	0	2	1091	1618.62	111.75	230.58	524.42	458.1	13	1000180400	14	0
714	4	36	2	1	14	0	1	1003	2516.40	571.24	421.16	1166.18	648.7	13	1000200400	12	0
714	4	37	4	0	14	0	1	1003	1664.97	-576.38	-505.98	-347.94	68.5	13	1000110230	11	0
714	4	37	4	1	14	0	10	1000	3003.30	133.85	129.50	270.28	202.3	13	1000180400	14	1
714	4	37	4	2	14	1	1	1006	1170.05	-197.93	33.89	433.57	1172.0	14	1000180400	11	1
714	4	37	4	3	14	0	0	1001	937.36	-698.13	18.59	788.75	86.6	13	1000080160	9	0
714	4	39	2	0	14	0	0	1001	554.83	-114.65	-177.62	318.42	790.8	13	1000180400	9	1
714	4	39	2	1	14	0	0	1001	317.64	-658.48	472.19	-219.90	656.7	13	1000200400	8	0
714	4	40	1	0	14	0	0	1001	508.56	70.81	-84.77	561.50	1157.1	13	1000180400	18	0
714	4	45	1	0	14	0	1	1003	1399.03	-123.36	-402.18	-181.75	262.2	13	1000080160	13	0
714	4	48	4	0	14	0	0	1001	568.09	-93.52	-137.76	244.64	352.7	13	1000180400	10	1
714	4	48	4	1	14	0	1	1003	706.50	91.60	-472.51	1009.86	1151.2	13	1000080160	13	0
714	4	48	4	2	14	0	0	1001	451.82	-455.32	-497.64	-263.32	1413.7	13	1000130270	8	0
714	4	48	4	3	14	0	0	1001	693.22	-170.35	124.61	26.68	1255.0	13	1000180400	9	1
714	4	50	1	0	14	0	0	1001	929.80	-115.16	-141.96	523.38	1346.7	13	1000180400	11	0
713	28	2	2	0	14	1	1	1007	993.55	-21.04	233.31	392.22	639.1	14	1000180400	30	0
713	28	2	2	1	14	0	1	1004	709.55	-197.55	-108.28	385.03	924.2	13	1000180400	19	1
713	28	3	2	0	14	1	10	1000	535.43	-315.44	386.05	-326.18	747.7	14	1000140280	13	0
713	28	3	2	1	14	0	0	1001	967.38	-47.06	46.30	252.13	126.3	13	1000180400	9	1
713	28	4	1	0	14	1	1	1008	666.95	-24.48	-148.36	464.56	626.3	14	1000180400	13	1
713	28	6	2	0	14	0	0	1001	1010.15	376.17	190.76	235.98	274.0	13	1000280590	20	0
713	28	6	2	1	14	0	2	1091	4488.31	-327.01	81.41	1399.02	447.5	13	1000080160	14	0
713	28	8	2	0	14	0	1	1004	1247.48	664.90	464.71	376.98	603.5	13	1000140280	14	0
713	28	8	2	1	-14	0	10	1000	1299.06	208.43	106.68	91.65	308.0	-13	1000180400	25	0
713	28	11	1	0	14	0	10	1000	4000.94	-12.22	-50.84	-1086.15	191.3	13	1000140280	11	0
713	28	12	1	0	14	0	0	1001	1530.53	166.77	458.21	-331.19	69.5	13	1000080160	9	0
713	28	13	2	0	14	1	1	1008	954.32	-144.59	195.33	-312.06	220.3	14	1000080160	17	0
713	28	13	2	1	14	0	1	1003	1235.36	9.89	48.75	303.14	505.6	13	1000180400	47	1
713	28	17	1	0	14	1	10	1000	578.72	137.38	63.62	453.56	1323.6	14	1000180400	17	1
713	28	20	1	0	14	0	0	1001	461.76	-375.96	218.12	102.61	539.7	13	1000260560	23	0
713	28	22	2	0	14	1	0	1002	1106.09	-111.33	102.12	560.25	1461.9	14	1000180400	11	0
713	28	22	2	1	14	0	0	1001	379.74	-658.01	-139.85	-414.06	518.9	13	1000120240	8	0
713	28	23	1	0	14	0	1	1005	777.16	86.63	-185.45	458.29	1342.7	13	1000180400	13	1
713	28	24	1	0	14	1	1	1008	933.09	134.09	35.46	283.56	127.1	14	1000180400	13	1
713	28	30	1	0	14	0	0	1001	692.22	-54.34	-114.40	167.21	711.2	13	1000180400	9	1
713	28	31	2	0	14	0	1	1004	840.31	213.63	-76.09	-281.55	1110.6	13	1000140280	21	0
713	28	31	2	1	14	1	0	1002	1812.22	524.43	82.28	141.65	423.6	14	1000080160	9	0
713	28	32	2	0	14	0	0	1001	777.72	96.39	4.51	552.48	588.6	13	1000180400	9	0
713	28	32	2	1	14	0	1	1003	612.69	133.87	-218.05	477.01	834.0	13	1000180400	41	0
713	28	35	1	0	14	0	0	1001	765.62	-32.65	-106.15	-51.80	1194.3	13	1000180400	9	0
719	14	3	1	0	14	0	2	1091	1359.21	-256.14	113.75	7.90	1119.8	13	1000180400	13	0
719	14	7	2	0	14	0	0	1001	620.49	-477.36	-494.50	526.70	1402.4	13	1000140280	8	0
719	14	7	2	1	14	0	2	1091	1301.35	-230.37	-38.06	-49.70	1385.7	13	1000180400	13	0
719	14	8	1	0	14	0	0	1001	529.58	164.50	-136.15	33.79	60.7	13	1000180400	10	1
719	14	17	1	0	14	0	0	1001	923.03	-116.17	-110.18	413.94	415.3	13	1000180400	9	1
719	14	32	2	0	14	0	0	1001	952.88	-159.28	-468.89	820.04	446.9	13	1000080160	19	0
719	14	32	2	1	14	1	0	1002	888.74	66.54	-250.85	124.01	1539.7	14	1000180400	10	0
719	14	37	1	0	14	0	10	1000	665.66	-363.50	119.43	-279.69	639.5	13	1000140280	26	0
719	14	40	3	0	14	0	10	1000	425.19	-22.69	242.39	399.64	585.1	13	1000180400	11	0
719	14	40	3	1	14	0	0	1001	372.79	-256.18	117.28	1002.86	435.5	13	1000080160	9	0
719	14	40	3	2	14	0	10	1000	792.21	4.99	-258.48	-303.57	1471.8	13	1000140280	12	0
719	14	42	3	0	14	1	0	1002	1189.59	57.41	-5.94	132.67	595.7	14	1000180400	11	1
719	14	42	3	1	14	0	0	1001	323.51	-646.52	-303.49	-356.21	1468.9	13	1000200400	8	0
719	14	42	3	2	14	0	1	1000	2075.95	-511.96	-56.35	751.08	1355.1	13	1000080160	14	0
719	14	45	2	0	14	0	1	1004	1453.94	131.90	-34.63	385.08	714.7	13	1000180400	12	1
719	14	45	2	1	14	1	0	1002	145.24	61.32	111.17	-372.21	1127.5	14	1000130270	9	0
719	14	48	2	0	14	0	10	1000	957.88	-28.74	90.91	631.76	666.9	13	1000180400	17	0
719	14	48	2	1	-14	0	0	1001	1107.14	-527.03	-433.30	235.90	387.1	-13	1000080160	10	0
719	8	7	2	0	14	0	1	1004	4649.30	-71.94	214.12	382.66	338.8	13	1000180400	22	0
719	8	7	2	1	14	1	0	1002	970.92	-66.24	195.84	545.14	629.8	14	1000180400	11	0
719	8	17	1	0	14	0	0	1001	490.82	-32.38	241.58	464.67	1590.0	13	1000180400	10	0
719	8	18	1	0	14	0	0	1001	550.69	-479.40	-92.47	130.07	1522.1	13	1000140280	18	0
719	8	32	3	0	14	0	0	1001	871.85	17.94	143.71	350.50	1548.0	13	1000180400	41	1
719	8	32	3	1	14	1	1	1008	2616.33	320.18	-452.12	979.70	184.8	14	1000140280	12	0
719	8	32	3	2	14	0	0	1001	1780.40	51.92	-153.05	100.88	800.8	13	1000180400	8	1
719	8	33	1	0	14	0	0	1001	923.26	-4.98	74.72	-0.21	118.9	13	1000180400	10	0
719	8	34	1	0	14	0	0	1001	349.74	160.92	-205.54	479.74	1551.7	13	1000180400	23	0
719	8	43	4	0	14	0	10	1000	1152.46	-116.73	209.31	-162.56	738.6	13	1000260560	22	0
719	8	43	4	1	14	1	0	1002	583.42	-523.02	-137.82	149.31	482.1	14	1000200400	15	0
719	8	43	4	2	14	1	1	1006	625.40	-600.57	-226.29	-413.59	578.2	14	1000140280	19	0
719	8	43	4	3	14	1	1	1009	686.61	-488.50	117.10	356.19	1379.4	14	1000080160	13	0
719	8	46	2	0	14	0	0	1001	411.78	110.62	165.41	-477.71	1463.8	13	1000200400	9	0
719	8	46	2	1	14	0	1	1000	1520.64	-140.65	-180.06	124.41	500.5	13	1000180400	39	1
719	8	47	2	0	14	0	1	1003	1191.24	101.17	-209.83	458.07	413.9	13	1000180400	23	0
719	8	47	2	1	14	0	1	1004	909.97	-223.57	27.40	964.94	395.8	13	1000080160	20	0
712	94	5	2	0	14	0	1	1003	1525.74	-589.81	33.40	-328.72	960.6	13	1000080160	12	0
712	94	5	2	1	14	0	0	1001	771.62	-117.34	-166.14	598.99	649.7	13	1000180400	10	0
712	94	7	4	0	14	0	10	1000	2239.88	177.30	44.09	-321.50	389.3	13	1000080160	12	0
712	94	7	4	1	14	1	0	1002	643.54	638.85	-321.34	983.93	113.3	14	1000080160	10	0
712	94	7	4	2	14	0	10	1000	821.37	-149.29	177.56	458.16	1265.8	13	1000180400	11	1
712	94	7	4	3	14	0	0	1001	1851.00	-704.54	411.39	-559.27	477.6	13	1000080160	9	0
712	94	9	4	0	14	0	2	1091	1807.79	274.41	-560.94	-463.58	765.1	13	1000080160	17	0
712	94	9	4	1	14	0	0	1001	713.79	262.59	150.03	-283.59	1035.8	13	1000080160	10	0
712	94	9	4	2	14	0	0	1001	310.09	511.49	139.76	178.02	691.8	13	1000080160	8	0
712	94	9	4	3	14	0	1	1003	970.92	115.79	125.18	192.32	424.8	13	1000180400	13	1
712	94	11	3	0	14	0	0	1001	287.82	-22.94	5.34	113.69	216.6	13	1000180400	9	1
712	94	11	3	1	14	1	1	1008	1251.73	-125.55	196.32	495.54	757.7	14	1000180400	14	1
712	94	11	3	2	14	1	1	1009	734.26	-34.62	42.96	-498.65	177.0	14	1000140280	12	0
712	94	14	1	0	14	0	0	1001	861.75	-180.88	-173.52	325.98	1017.3	13	1000180400	9	1
712	94	16	1	0	14	1	0	1002	545.21	-93.83	-51.14	454.87	1384.5	14	1000180400	10	1
712	94	18	1	0	14	0	0	1001	551.19	179.80	-27.56	207.08	1336.8	13	1000180400	19	1
712	94	22	2	0	14	0	1	1004	1098.45	-67.20	-93.61	258.61	1545.7	13	1000180400	18	1
712	94	22	2	1	14	0	0	1001	2389.51	-651.36	504.48	1048.47	569.4	13	1000080160	8	0
712	94	23	3	0	14	0	0	1001	408.06	-227.19	-8.01	964.96	927.4	13	1000080160	8	0
712	94	23	3	1	14	0	0	1001	827.40	59.16	-211.03	403.84	1076.4	13	1000180400	9	0
712	94	23	3	2	14	1	0	1002	1920.49	-497.39	-16.26	305.93	921.3	14	1000140280	10	0
712	94	24	1	0	14	1	0	1002	1685.51	86.77	4.65	72.76	535.8	14	1000180400	10	1
712	94	25	2	0	14	0	0	1001	1127.60	-196.18	-146.14	428.95	944.8	13	1000180400	20	1
712	94	25	2	1	14	0	10	1000	415.88	159.83	-587.94	-323.59	1051.6	13	1000080160	21	0
712	94	30	1	0	14	0	0	1001	1344.62	52.49	-52.24	507.38	665.0	13	1000180400	13	0
712	94	37	3	0	14	0	2	1091	1248.94	282.34	-530.39	348.31	1169.8	13	1000110230	15	0
712	94	37	3	1	14	0	10	1000	660.86	252.74	26.99	-495.20	253.6	13	1000160320	15	0
712	94	37	3	2	14	0	1	1003	714.20	23.22	-205.66	456.34	791.8	13	1000180400	18	0
712	94	38	1	0	14	1	1	1008	1363.41	-194.00	-169.94	92.65	1084.9	14	1000180400	12	1
712	94	44	4	0	14	0	0	1001	330.82	329.07	-32.51	-463.84	1180.5	13	1000200400	8	0
712	94	44	4	1	14	0	1	1003	1804.48	-112.73	217.50	339.14	147.2	13	1000180400	13	0
712	94	44	4	2	14	1	1	1008	817.47	-39.77	-267.55	336.51	71.6	14	1000180400	23	0
712	94	44	4	3	14	0	0	1001	550.91	441.19	-434.89	684.03	349.5	13	1000080160	9	0
712	94	45	1	0	14	1	1	1008	1017.01	-217.06	-74.85	521.39	1046.0	14	1000180400	28	0
712	94	47	2	0	14	0	0	1001	301.25	-35.91	43.32	-198.20	110.4	13	1000130270	20	0
712	94	47	2	1	14	0	0	1001	410.53	-423.96	-629.52	98.04	726.3	13	1000140280	8	0
712	94	48	1	0	14	0	0	1001	631.73	-9.02	352.97	339.03	470.3	13	1000260560	8	0
712	94	49	2	0	14	1	10	1000	1303.98	-493.26	-168.36	81.87	157.6	14	1000140280	12	0
712	94	49	2	1	14	1	1	1009	2968.10	131.70	83.33	-623.91	587.0	14	1000080160	11	0
715	23	1	2	0	14	0	0	1001	851.56	-508.59	435.26	317.34	412.9	13	1000080160	9	0
715	23	1	2	1	14	0	0	1001	1142.63	-61.12	167.51	7.73	703.4	13	1000180400	17	1
715	23	10	2	0	14	0	0	1001	895.80	-108.92	-61.10	-298.54	239.4	13	1000080160	8	0
715	23	10	2	1	14	0	2	1091	2776.83	-677.35	4.85	1186.86	138.9	13	1000080160	17	0
715	23	17	1	0	14	0	2	1091	1277.82	83.42	-0.89	-165.89	52.9	13	1000260560	13	0
715	23	21	2	0	14	0	10	1000	731.45	117.91	-238.95	-143.68	566.9	13	1000260560	16	0
715	23	21	2	1	14	0	0	1001	507.44	67.97	-254.67	-26.57	286.1	13	1000180400	10	0
715	23	22	4	0	14	0	2	1091	1795.12	11.97	-147.31	954.08	1359.5	13	1000080160	29	0
715	23	22	4	1	14	0	1	1003	508.96	105.19	-93.29	255.23	106.9	13	1000180400	12	1
715	23	22	4	2	14	0	10	1000	564.32	-288.74	-299.11	977.15	1512.0	13	1000260560	11	0
715	23	22	4	3	14	0	0	1001	505.43	-573.93	411.93	852.28	1523.8	13	1000160320	9	0
715	23	28	1	0	14	0	1	1003	1089.29	97.61	114.06	18.87	875.0	13	1000180400	13	1
715	23	32	2	0	14	0	0	1001	1025.26	194.54	210.36	145.38	424.5	13	1000180400	9	0
715	23	32	2	1	14	1	0	1002	440.56	442.04	297.85	-293.16	942.1	14	1000080160	9	0
715	23	33	3	0	14	0	2	1091	4645.12	-537.72	-179.46	1276.73	499.6	13	1000140280	17	0
715	23	33	3	1	14	0	1	1003	1247.89	35.69	-79.65	774.81	1562.5	13	1000130270	20	0
715	23	33	3	2	14	1	0	1002	710.25	-81.24	219.55	271.09	1130.7	14	1000180400	21	0
715	23	34	2	0	14	0	0	1001	931.65	-200.99	-55.86	-302.07	221.3	13	1000200400	8	0
715	23	34	2	1	14	1	3	1096	564.79	-339.00	-327.65	-283.34	1092.0	14	1000080160	5	0
715	23	49	1	0	14	0	1	1004	1713.90	-497.72	80.11	-480.92	1332.8	13	1000200400	20	0
713	83	5	4	0	14	1	0	1002	1733.95	-356.52	20.28	-429.91	520.1	14	1000080160	13	0
713	83	5	4	1	14	1	1	1008	885.08	-259.40	129.71	440.22	586.9	14	1000180400	13	0
713	83	5	4	2	-14	0	0	1001	473.98	-471.47	-248.40	997.06	621.5	-13	1000140280	9	0
713	83	5	4	3	14	0	0	1001	793.78	-93.86	-261.96	-407.31	1200.5	13	1000140280	8	0
713	83	12	1	0	14	0	0	1001	710.65	251.04	-423.45	469.92	644.7	13	1000080160	9	0
713	83	14	2	0	14	0	2	1091	3151.62	-53.87	238.50	544.26	970.3	13	1000180400	13	0
713	83	14	2	1	14	1	0	1002	765.48	244.60	-176.93	95.99	1483.1	14	1000180400	10	0
713	83	15	2	0	14	0	1	1004	3467.26	104.85	10.87	-892.50	1147.0	13	1000140280	16	0
713	83	15	2	1	14	0	2	1091	3197.66	535.51	-552.40	759.59	1336.4	13	1000140280	16	0
713	83	17	3	0	14	1	0	1002	1001.84	-340.20	-121.28	-32.32	308.0	14	1000260560	9	0
713	83	17	3	1	14	0	1	1003	1402.92	-119.24	-46.87	-33.10	967.0	13	1000180400	14	0
713	83	17	3	2	14	1	1	1006	844.77	-107.26	-214.67	-272.58	1435.0	14	1000080160	11	0
713	83	33	1	0	14	0	1	1000	2949.93	22.95	-132.91	-440.94	1126.3	13	1000140280	16	0
713	83	38	2	0	14	0	0	1001	985.91	-112.07	-38.83	-59.04	494.2	13	1000180400	9	0
713	83	38	2	1	14	1	0	1002	541.89	-325.43	-657.59	880.71	146.9	14	1000140280	9	0
713	83	40	4	0	14	0	10	1000	920.25	-191.57	31.09	950.33	998.3	13	1000140280	12	0
713	83	40	4	1	14	1	1	1008	1178.53	112.40	-91.64	367.98	413.9	14	1000180400	13	1
713	83	40	4	2	14	0	0	1001	798.74	168.58	-225.07	445.11	797.0	13	1000180400	9	0
713	83	40	4	3	14	0	0	1001	310.61	-261.04	-130.40	-397.84	556.5	13	1000120240	9	0
713	83	43	2	0	14	0	1	1003	999.54	-45.57	90.47	59.05	724.2	13	1000180400	11	1
713	83	43	2	1	14	1	10	1000	1555.48	429.35	-663.37	561.21	1385.2	14	1000080160	15	0
713	83	46	1	0	14	0	0	1001	486.16	-340.36	142.22	148.93	1183.8	13	1000260560	8	0
719	43	2	1	0	14	0	1	1003	824.40	126.01	-224.33	-315.54	1032.4	13	1000080160	11	0
719	43	3	1	0	14	0	10	1000	1207.66	-116.41	75.15	72.02	1217.6	13	1000180400	13	1
719	43	6	2	0	14	1	10	1000	495.97	-501.89	185.10	809.04	1128.1	14	1000140280	12	0
719	43	6	2	1	14	0	1	1003	1006.01	42.08	-134.63	225.04	447.0	13	1000180400	11	1
719	43	8	1	0	14	0	10	1000	1498.61	-169.91	46.06	-371.39	178.6	13	1000080160	11	0
719	43	13	1	0	14	1	0	1002	1489.31	-61.39	111.92	462.88	548.0	14	1000180400	13	1
719	43	25	1	0	14	0	0	1001	1103.77	63.48	101.62	458.17	793.1	13	1000180400	11	1
719	43	26	2	0	14	0	0	1001	693.58	-619.31	276.10	-68.79	1383.4	13	1000140280	9	0
719	43	26	2	1	14	0	10	1000	916.73	-189.67	-174.10	220.55	217.1	13	1000180400	11	1
719	43	28	2	0	14	0	1	1004	1412.61	83.67	69.82	-469.93	670.4	13	1000200400	12	0
719	43	28	2	1	14	0	1	1003	1796.60	-507.71	13.23	-59.49	757.6	13	1000080160	13	0
719	43	36	2	0	14	1	0	1002	377.57	134.69	-525.32	507.71	475.7	14	1000080160	10	0
719	43	36	2	1	-14	0	1	1000	840.64	37.05	-116.32	238.80	655.1	-13	1000180400	11	1
719	43	41	1	0	14	0	0	1001	782.81	-157.00	144.70	490.44	77.8	13	1000180400	9	1
719	43	42	1	0	14	0	0	1001	619.95	-2.00	142.04	469.14	97.1	13	1000180400	9	1
719	61	8	1	0	14	1	2	1092	520.43	67.47	127.95	-298.64	336.3	14	1000140280	12	0
719	61	11	1	0	14	0	1	1004	619.03	-2.18	169.66	566.42	248.6	13	1000180400	16	0
719	61	12	1	0	14	1	0	1002	760.35	-88.39	-462.61	232.93	1110.8	14	1000080160	13	0
719	61	16	1	0	14	0	1	1000	2141.97	-417.50	153.54	-274.26	960.5	13	1000080160	13	0
719	61	23	1	0	14	0	1	1003	1457.88	-27.19	-24.96	-291.62	827.2	13	1000200400	17	0
719	61	24	2	0	14	0	2	1091	2066.44	-505.08	-55.50	255.43	712.5	13	1000080160	14	0
719	61	24	2	1	14	0	2	1091	2506.70	-608.26	-20.44	1098.01	192.8	13	1000080160	14	0
719	61	28	1	0	14	0	0	1001	751.71	84.21	-63.99	576.25	514.1	13	1000180400	27	0
719	61	29	4	0	14	1	2	1092	958.10	-100.01	-273.15	996.35	490.0	14	1000080160	16	0
719	61	29	4	1	14	0	10	1000	724.67	108.01	370.02	232.02	1316.4	13	1000260560	12	0
719	61	29	4	2	14	0	0	1001	407.19	245.70	175.55	623.72	741.9	13	1000180400	9	0
719	61	29	4	3	14	0	1	1003	1506.28	5.73	265.06	1005.67	340.5	13	1000200400	13	0
719	61	35	2	0	14	0	2	1091	1749.97	145.60	20.35	955.87	1399.8	13	1000140280	41	0
719	61	35	2	1	14	1	1	1006	540.92	191.50	-186.95	362.24	413.8	14	1000180400	11	1
719	61	36	3	0	14	1	0	1002	884.69	-17.09	-234.87	211.84	1239.7	14	1000180400	12	0
719	61	36	3	1	14	0	1	1005	1476.79	8.07	-560.03	-327.26	141.7	13	1000110230	12	0
719	61	36	3	2	14	0	10	1000	607.40	-182.52	-128.99	-451.95	1466.2	13	1000200400	12	0
719	61	41	2	0	14	1	0	1002	627.76	-100.12	-33.08	401.76	619.8	14	1000180400	9	1
719	61	41	2	1	14	0	1	1003	1126.90	-508.60	-123.23	344.39	581.0	13	1000080160	11	0
719	61	45	3	0	14	0	0	1001	1204.13	-515.86	76.20	612.75	1444.2	13	1000080160	12	0
719	61	45	3	1	14	1	0	1002	1123.55	148.26	-151.96	-16.14	740.0	14	1000180400	14	0
719	61	45	3	2	14	0	1	1003	869.50	-446.25	-701.25	-320.99	293.8	13	1000110230	12	0
719	61	49	2	0	14	0	0	1001	914.82	52.35	-168.67	477.46	1137.3	13	1000180400	10	1
719	61	49	2	1	14	0	0	1001	439.26	-244.57	-115.48	1.24	324.5	13	1000180400	14	0
720	55	8	2	0	14	0	1	1000	2300.30	-219.57	-650.86	159.06	613.9	13	1000080160	14	0
720	55	8	2	1	-14	0	0	1001	598.20	-127.18	125.69	61.70	630.3	-13	1000180400	10	1
720	55	10	4	0	14	0	0	1001	348.05	-674.53	-420.93	954.92	1188.2	13	1000200400	8	0
720	55	10	4	1	14	0	0	1001	315.65	658.50	15.81	804.51	1205.6	13	1000200400	20	0
720	55	10	4	2	14	1	10	1000	1024.03	4.28	-33.31	307.91	1412.9	14	1000180400	21	1
720	55	10	4	3	14	1	0	1002	321.20	651.81	358.53	-325.70	1071.8	14	1000140280	9	0
720	55	11	1	0	14	1	1	1006	1467.17	47.98	24.82	417.29	793.9	14	1000180400	13	1
720	55	12	2	0	14	1	0	1002	291.04	-532.25	107.10	-110.04	1175.3	14	1000080160	10	0
720	55	12	2	1	14	1	0	1002	517.71	-227.49	-3.36	59.12	174.6	14	1000180400	14	0
720	55	13	1	0	14	0	0	1001	841.05	161.66	41.94	210.55	1087.7	13	1000180400	9	1
720	55	14	2	0	14	0	0	1001	249.16	-27.00	-358.63	-294.33	1127.8	13	1000140280	8	0
720	55	14	2	1	14	0	0	1001	623.60	664.85	-539.50	969.43	1038.7	13	1000080160	8	0
720	55	15	1	0	14	0	0	1001	1569.78	-271.64	384.59	-279.33	334.1	13	1000080160	13	0
720	55	17	2	0	14	1	0	1002	1033.17	-75.98	-117.41	415.58	622.9	14	1000180400	10	1
720	55	17	2	1	14	0	1	1003	829.73	-298.15	-125.57	-386.11	1200.9	13	1000080160	13	0
720	55	22	1	0	14	1	1	1000	4258.57	-254.15	-35.48	363.37	468.8	14	1000180400	11	0
720	55	23	1	0	14	1	0	1002	689.96	-241.44	-352.50	117.93	1010.0	14	1000240520	14	0
720	55	27	2	0	14	0	10	1000	622.17	-8.38	-51.99	287.55	581.6	13	1000180400	12	1
720	55	27	2	1	14	0	0	1001	373.05	613.57	-116.51	-96.55	1267.2	13	1000080160	9	0
720	55	30	1	0	14	0	0	1001	437.80	-130.82	161.28	455.22	1173.8	13	1000180400	9	1
720	55	34	2	0	14	0	0	1001	653.84	-106.11	-181.57	158.09	425.0	13	1000180400	9	1
720	55	34	2	1	14	0	0	1001	613.64	-500.75	308.04	-54.01	1193.2	13	1000080160	8	0
720	55	48	2	0	14	0	0	1001	476.72	-567.61	108.87	103.58	689.4	13	1000140280	8	0
720	55	48	2	1	14	0	1	1003	1450.57	-138.64	23.57	107.75	801.9	13	1000180400	12	1
720	55	49	1	0	14	1	0	1002	728.17	-123.98	101.85	65.65	973.6	14	1000180400	9	1
713	30	1	2	0	14	0	0	1001	693.76	-118.12	112.97	112.97	1485.0	13	1000180400	10	1
713	30	1	2	1	14	0	2	1091	3340.56	-24.05	7.84	1007.25	1476.9	13	1000140280	13	0
713	30	4	1	0	14	0	1	1000	2288.64	79.16	-206.68	354.05	1396.8	13	1000180400	18	0
713	30	6	1	0	14	0	1	1004	642.73	166.22	-130.04	346.10	1321.9	13	1000180400	16	1
713	30	10	2	0	14	0	10	1000	700.58	570.90	632.99	779.92	976.9	13	1000140280	12	0
713	30	10	2	1	14	0	0	1001	933.63	142.85	-75.12	206.36	292.3	13	1000180400	8	1
713	30	12	1	0	14	0	0	1001	326.83	-88.76	-191.17	361.28	432.5	13	1000180400	10	1
713	30	13	1	0	14	0	0	1001	2452.87	24.78	43.48	-578.43	1157.8	13	1000080160	8	0
713	30	16	2	0	14	1	0	1002	1215.21	-179.53	-29.94	249.71	1412.4	14	1000180400	18	1
713	30	16	2	1	14	0	0	1001	525.87	198.57	277.48	-426.45	1066.8	13	1000080160	9	0
713	30	19	2	0	14	0	0	1001	1044.01	-245.62	-174.32	27.87	778.8	13	1000180400	9	0
713	30	19	2	1	14	1	1	1007	734.43	-78.84	182.93	-379.06	1409.8	14	1000200400	11	0
713	30	22	1	0	14	1	0	1002	1181.81	-201.44	-180.98	434.74	945.7	14	1000290640	9	0
713	30	26	2	0	14	0	1	1000	1106.78	-193.57	-163.63	214.18	256.3	13	1000180400	16	1
713	30	26	2	1	14	0	0	1001	384.00	199.25	-215.33	28.26	837.9	13	1000180400	9	0
713	30	27	3	0	14	0	1	1003	1239.55	90.89	113.52	201.82	408.4	13	1000180400	13	1
713	30	27	3	1	14	0	0	1001	886.73	-160.67	-35.37	611.13	1366.9	13	1000180400	9	0
713	30	27	3	2	14	1	0	1002	330.39	477.94	161.25	403.51	1133.2	14	1000140280	20	0
713	30	29	2	0	14	0	1	1003	1193.33	-117.23	-69.15	-141.54	112.5	13	1000260560	15	0
713	30	29	2	1	14	0	1	1005	1849.61	496.89	421.10	401.12	473.2	13	1000080160	12	0
713	30	30	1	0	14	0	1	1003	958.41	159.78	-271.58	197.49	1317.3	13	1000260560	18	0
713	30	31	2	0	14	0	0	1001	509.50	-472.59	-639.99	922.45	186.2	13	1000080160	10	0
713	30	31	2	1	14	0	0	1001	722.78	55.50	-111.27	-314.78	994.7	13	1000080160	10	0
713	30	33	2	0	14	1	0	1002	865.02	58.25	42.46	-60.65	135.0	14	1000060120	9	0
713	30	33	2	1	14	0	1	1004	756.74	164.54	-624.55	554.91	514.9	13	1000080160	26	0
713	30	37	1	0	14	1	1	1008	2714.13	88.91	90.06	115.51	1465.8	14	1000180400	12	1
713	30	40	1	0	14	0	0	1001	1120.22	471.16	-82.18	-331.90	1353.5	13	1000120240	8	0
713	30	42	2	0	14	0	1	1004	960.02	-221.78	-204.24	312.86	1057.8	13	1000180400	13	0
713	30	42	2	1	14	0	10	1000	1031.18	-444.81	282.40	-418.06	1408.0	13	1000080160	12	0
713	30	43	1	0	14	0	1	1003	872.05	163.49	135.22	449.65	605.3	13	1000180400	12	1
713	30	46	2	0	14	1	0	1002	482.89	488.05	108.54	2.01	1272.4	14	1000140280	10	0
713	30	46	2	1	14	1	1	1006	833.78	69.84	43.38	564.07	399.9	14	1000180400	16	0
713	30	47	2	0	14	0	0	1001	604.21	490.10	-196.09	-79.32	1290.0	13	1000140280	9	0
713	30	47	2	1	14	0	0	1001	362.62	-567.57	-98.87	-121.70	586.9	13	1000080160	9	0
713	30	48	2	0	14	0	0	1001	291.38	-436.55	-590.68	-486.85	1557.3	13	1000110230	9	0
713	30	48	2	1	14	0	0	1001	1104.15	25.73	121.71	94.41	574.1	13	1000180400	8	1
715	6	5	2	0	14	0	1	1003	767.74	151.28	176.20	159.52	1201.7	13	1000180400	13	1
715	6	5	2	1	14	0	0	1001	946.19	-197.14	132.01	109.96	1009.5	13	1000180400	9	1
715	6	6	2	0	14	0	0	1001	389.10	115.02	375.72	69.05	933.9	13	1000260560	8	0
715	6	6	2	1	14	0	1	1003	2812.31	-50.79	425.01	-406.91	1012.7	13	1000080160	12	0
715	6	7	1	0	14	1	0	1002	764.09	-445.78	-121.24	-303.08	1147.3	14	1000260560	32	0
715	6	9	1	0	14	0	0	1001	783.87	122.61	48.83	481.39	984.8	13	1000180400	19	1
715	6	12	3	0	14	1	10	1000	1213.10	35.93	-220.65	-2.59	174.2	14	1000180400	11	0
715	6	12	3	1	14	1	2	1092	2726.17	324.23	331.30	-199.65	393.9	14	1000130270	12	0
715	6	12	3	2	14	1	1	1008	1732.73	-611.04	554.04	730.72	1391.5	14	1000200400	18	0
715	6	15	2	0	14	1	0	1002	1136.68	-134.25	108.51	-44.68	1061.4	14	1000180400	10	0
715	6	15	2	1	14	0	0	1001	654.88	260.62	24.82	-273.94	1489.3	13	1000140280	19	0
715	6	25	1	0	14	1	0	1002	1200.39	-192.68	46.93	141.46	727.9	14	1000180400	10	1
715	6	27	2	0	14	1	0	1002	784.31	-153.36	-101.19	196.14	1470.2	14	1000180400	10	1
715	6	27	2	1	14	1	0	1002	310.10	-305.78	-539.92	-32.50	757.9	14	1000080160	10	0
715	6	28	1	0	14	0	1	1003	747.98	-59.56	-23.60	-289.40	1109.5	13	1000140280	12	0
715	6	38	1	0	14	1	0	1002	1264.81	-200.04	89.76	431.05	1416.5	14	1000180400	10	0
715	6	39	1	0	14	1	1	1006	1158.27	254.03	151.95	481.20	986.4	14	1000180400	23	0
715	6	45	1	0	14	0	1	1003	713.33	-148.81	94.13	248.11	903.0	13	1000180400	11	1
715	6	47	3	0	14	0	1	1003	4348.71	115.69	543.34	-430.72	1389.9	13	1000080160	13	0
715	6	47	3	1	14	0	1	1004	2589.78	-545.07	-224.23	-272.26	1224.6	13	1000080160	12	0
715	6	47	3	2	14	1	1	1008	530.98	249.09	227.83	607.46	1424.2	14	1000180400	23	0
715	6	49	2	0	14	0	1	1003	1676.52	87.05	63.60	454.59	835.3	13	1000180400	12	1
715	6	49	2	1	14	0	0	1001	804.73	99.42	-250.97	354.40	1533.3	13	1000180400	10	0
715	6	50	1	0	14	0	2	1091	2173.82	-101.42	-42.53	-360.71	635.0	13	1000080160	28	0
713	77	1	3	0	14	1	0	1002	687.66	3.17	201.64	457.70	605.5	14	1000180400	18	0
713	77	1	3	1	14	0	0	1001	723.97	-237.31	-67.48	133.12	328.4	13	1000180400	10	0
713	77	1	3	2	14	1	0	1002	1258.55	77.54	207.83	988.99	1135.4	14	1000200400	9	0
713	77	2	1	0	14	1	0	1002	589.47	12.38	86.32	451.59	76.2	14	1000180400	10	1
713	77	8	2	0	14	1	1	1009	2859.35	-135.70	158.41	232.23	426.2	14	1000180400	18	1
713	77	8	2	1	14	1	0	1002	2415.66	475.32	-516.70	250.01	1430.5	14	1000140280	9	0
713	77	20	3	0	14	0	2	1091	4268.14	-25.26	-138.84	1552.93	509.3	13	1000120240	13	0
713	77	20	3	1	14	0	0	1001	2564.30	42.04	-166.69	-595.36	913.2	13	1000200400	9	0
713	77	20	3	2	14	1	1	1006	988.74	184.67	114.79	-14.02	1082.3	14	1000180400	12	0
713	77	23	1	0	14	0	10	1000	1590.09	-65.26	-27.55	473.76	1439.5	13	1000180400	20	1
713	77	33	2	0	14	1	0	1002	590.64	23.63	-48.83	333.73	1151.0	14	1000180400	33	1
713	77	33	2	1	14	0	10	1000	973.06	105.12	-193.91	201.86	803.8	13	1000180400	15	1
713	77	36	1	0	14	0	1	1003	2196.66	-229.82	-14.13	270.19	446.6	13	1000180400	19	0
713	77	38	2	0	14	0	1	1000	2496.55	10.50	-233.07	473.04	1118.2	13	1000180400	17	0
713	77	38	2	1	14	0	2	1091	4364.38	-103.21	-133.70	1114.81	476.9	13	1000200400	28	0
713	77	40	3	0	14	0	1	1000	2104.58	-46.68	165.40	454.15	682.6	13	1000180400	13	1
713	77	40	3	1	14	0	2	1091	5558.91	-620.76	116.19	1764.48	1369.1	13	1000200400	15	0
713	77	40	3	2	14	0	0	1001	517.39	627.47	-141.97	708.30	859.0	13	1000080160	10	0
713	77	42	1	0	14	0	0	1001	1176.16	100.21	131.38	212.11	1165.8	13	1000180400	9	1
713	77	43	2	0	14	0	0	1001	862.74	93.54	156.22	422.36	1286.7	13	1000180400	9	1
713	77	43	2	1	14	0	2	1091	3385.83	661.69	-369.87	-714.69	1470.3	13	1000120240	11	0
713	77	46	2	0	14	1	0	1002	552.83	-548.29	-213.73	-17.01	476.6	14	1000200400	18	0
713	77	46	2	1	14	0	1	1003	1049.08	176.87	641.40	-325.01	1412.7	13	1000080160	13	0
713	77	50	2	0	14	1	10	1000	393.37	85.66	36.20	367.52	1548.5	14	1000180400	11	1
713	77	50	2	1	14	0	0	1001	370.74	-582.62	430.11	837.35	597.6	13	1000200400	8	0
717	29	4	2	0	14	0	0	1001	599.19	-4.70	-151.97	633.82	915.3	13	1000180400	10	0
717	29	4	2	1	14	0	10	1000	416.74	-219.62	-144.05	422.11	830.9	13	1000180400	16	0
717	29	6	1	0	14	1	10	1000	556.79	341.67	-9.16	494.34	984.8	14	1000240520	12	0
717	29	7	1	0	14	0	0	1001	1287.57	214.14	-65.10	165.10	899.8	13	1000180400	10	0
717	29	11	1	0	14	0	2	1091	4093.26	53.58	-168.08	19.82	1140.5	13	1000180400	12	1
717	29	18	3	0	14	1	2	1092	1259.11	-215.97	-28.62	191.47	1297.1	14	1000180400	11	0
717	29	18	3	1	14	0	0	1001	484.85	-685.10	32.19	96.11	102.8	13	1000140280	9	0
717	29	18	3	2	14	0	1	1003	2822.57	-175.88	-156.40	949.24	205.1	13	1000080160	12	0
717	29	20	1	0	14	0	2	1091	2307.26	-198.01	207.83	-284.54	1014.8	13	1000080160	15	0
717	29	24	2	0	14	1	10	1000	1162.66	-12.09	100.11	614.53	779.5	14	1000180400	11	0
717	29	24	2	1	14	0	1	1003	877.81	39.53	214.39	-290.67	1395.7	13	1000140280	11	0
717	29	26	3	0	14	0	0	1001	1389.99	-236.47	163.31	124.29	1562.1	13	1000180400	26	0
717	29	26	3	1	14	1	0	1002	302.09	-650.67	106.23	-449.57	856.9	14	1000200400	11	0
717	29	26	3	2	14	1	0	1002	3549.26	600.91	-296.49	195.71	823.5	14	1000080160	10	0
717	29	29	2	0	14	1	0	1002	337.43	-682.45	90.51	-436.20	1069.5	14	1000080160	12	0
717	29	29	2	1	14	0	1	1003	924.95	-46.27	-75.93	156.01	1220.5	13	1000180400	19	1
717	29	31	1	0	14	0	0	1001	340.75	-59.67	-30.59	-55.71	1136.6	13	1000180400	9	0
717	29	33	1	0	14	0	0	1001	1252.01	116.16	0.21	742.16	178.9	13	1000260560	9	0
717	29	37	1	0	14	0	2	1091	1875.40	-84.65	159.02	52.69	990.2	13	1000180400	19	1
717	29	39	1	0	14	0	0	1001	396.39	197.33	147.29	-15.27	457.6	13	1000180400	10	0
717	29	40	2	0	14	0	2	1091	4285.15	-183.85	-248.96	-384.87	1430.7	13	1000200400	15	0
717	29	40	2	1	14	0	0	1001	1514.25	-504.67	66.43	30.54	683.9	13	1000200400	8	0
717	29	42	1	0	14	1	1	1006	715.18	219.72	207.28	348.40	185.0	14	1000180400	13	0
717	29	43	1	0	14	0	2	1091	2887.82	-69.34	-232.29	267.51	639.9	13	1000180400	16	0
717	29	45	1	0	14	1	0	1002	1096.65	-55.04	226.70	128.44	687.4	14	1000180400	10	0
717	29	47	2	0	14	0	1	1003	508.25	170.67	-95.47	141.09	255.8	13	1000180400	11	1
717	29	47	2	1	14	0	0	1001	708.98	-86.46	-667.78	151.03	690.7	13	1000140280	8	0
714	88	14	1	0	14	0	1	1003	1715.10	-484.48	-162.36	421.19	318.2	13	1000200400	14	0
714	88	22	1	0	14	0	0	1001	1448.46	128.70	-107.40	-331.03	1469.2	13	1000080160	8	0
714	88	24	2	0	14	0	0	1001	830.41	-23.15	-159.48	200.43	1259.8	13	1000180400	12	1
714	88	24	2	1	14	1	0	1002	343.60	-340.90	-602.72	-120.95	399.6	14	1000080160	11	0
714	88	25	3	0	14	0	3	1097	1048.34	-489.73	-56.85	-476.16	253.4	13	1000080160	5	0
714	88	25	3	1	14	1	0	1002	714.17	-102.64	-207.94	575.28	1101.5	14	1000180400	12	0
714	88	25	3	2	14	1	0	1002	2184.13	-525.40	-589.72	569.08	1405.8	14	1000080160	10	0
714	88	28	1	0	14	0	0	1001	1911.18	-99.02	-82.25	457.15	362.6	13	1000180400	9	1
714	88	32	3	0	14	1	0	1002	437.54	-644.51	-397.95	785.44	218.3	14	1000140280	17	0
714	88	32	3	1	14	0	10	1000	681.33	42.17	-0.60	218.07	483.1	13	1000180400	11	1
714	88	32	3	2	14	1	0	1002	264.28	-690.94	309.92	124.03	1125.1	14	1000080160	9	0
714	88	33	3	0	12	1	0	1002	696.26	562.27	-307.26	968.08	471.5	12	1000140280	9	0
714	88	33	3	1	14	1	0	1002	433.66	-157.99	-48.51	-325.08	961.4	14	1000080160	20	0
714	88	33	3	2	14	0	10	1000	641.43	0.22	3.64	343.43	1567.0	13	1000260560	12	1
714	88	36	2	0	14	0	10	1000	1503.84	-95.49	-365.30	-507.80	440.8	13	1000140280	19	0
714	88	36	2	1	14	1	0	1002	245.02	209.08	-144.40	95.30	1276.7	14	1000180400	10	0
719	29	1	2	0	14	0	0	1001	980.27	-177.68	-132.72	161.97	1069.8	13	1000180400	9	1
719	29	1	2	1	14	0	0	1001	1018.59	183.01	81.03	152.34	480.7	13	1000180400	10	1
719	29	4	3	0	14	0	1	1003	787.63	-485.62	-52.69	721.90	237.9	13	1000080160	12	0
719	29	4	3	1	14	0	1	1005	2221.20	-527.44	281.72	-223.30	676.3	13	1000080160	20	0
719	29	4	3	2	14	1	0	1002	589.49	-23.47	139.31	52.20	1104.4	14	1000180400	11	1
719	29	12	2	0	14	0	0	1001	1123.95	200.04	158.89	501.55	1138.2	13	1000180400	9	0
719	29	12	2	1	14	1	2	1092	4036.96	-204.26	117.74	478.81	793.6	14	1000180400	11	0
719	29	13	1	0	14	0	10	1000	1350.02	-111.87	-144.87	571.80	1233.7	13	1000180400	12	0
719	29	19	2	0	14	0	1	1004	844.91	-46.97	-51.48	287.94	997.2	13	1000180400	12	1
719	29	19	2	1	14	0	2	1091	1012.31	-608.37	65.69	4.44	874.5	13	1000080160	18	0
719	29	21	1	0	14	0	0	1001	802.29	-174.25	93.23	22.18	1082.5	13	1000180400	9	1
719	29	22	2	0	14	0	1	1003	5513.49	-124.15	-88.99	-1116.96	837.7	13	1000080160	15	0
719	29	22	2	1	14	0	0	1001	816.84	-636.46	-283.66	-502.50	591.4	13	1000080160	8	0
719	29	28	1	0	14	0	2	1091	2618.86	-66.77	185.67	359.77	1378.5	13	1000180400	19	1
719	29	30	1	0	14	0	0	1001	547.52	150.84	-333.26	-44.58	1516.0	13	1000080160	8	0
719	29	32	1	0	14	0	0	1001	704.38	-88.02	212.14	346.55	1321.1	13	1000240520	9	0
719	29	36	1	0	14	0	1	1003	1102.07	-20.84	-192.33	-305.37	1527.4	13	1000260560	11	0
719	29	39	2	0	14	0	1	1004	2013.65	-159.77	97.65	980.23	1097.3	13	1000140280	12	0
719	29	39	2	1	14	0	0	1001	373.63	315.47	-57.49	11.19	1556.0	13	1000060120	9	0
719	29	42	1	0	14	0	1	1003	1467.22	39.68	0.08	442.97	966.4	13	1000180400	12	1
719	29	46	2	0	14	1	10	1000	1276.26	-35.97	103.01	265.42	672.9	14	1000180400	11	1
719	29	46	2	1	14	0	1	1003	656.59	50.47	-94.29	982.58	91.8	13	1000080160	13	0
719	29	49	3	0	14	0	1	1003	1997.63	70.63	-156.19	297.44	1413.0	13	1000180400	12	1
719	29	49	3	1	14	0	0	1001	421.65	-604.43	-28.30	-478.41	1405.8	13	1000140280	8	0
719	29	49	3	2	14	1	2	1092	3023.77	-165.15	419.27	-799.97	374.0	14	1000080160	17	0
713	57	3	2	0	14	1	0	1002	729.65	-191.48	27.08	370.31	943.0	14	1000180400	24	1
713	57	3	2	1	14	1	1	1008	614.00	103.51	201.07	184.40	972.6	14	1000180400	12	0
713	57	15	2	0	-14	1	10	1000	321.33	205.20	-594.87	942.15	111.2	-14	1000140280	19	0
713	57	15	2	1	14	0	0	1001	766.75	165.23	-221.65	463.14	1343.5	13	1000180400	10	0
713	57	18	2	0	14	0	0	1001	1007.37	116.43	-224.22	-12.27	1536.6	13	1000180400	10	0
713	57	18	2	1	14	0	10	1000	843.18	-247.69	302.69	699.04	329.0	13	1000080160	13	0
713	57	20	1	0	14	0	0	1001	1294.74	-110.22	-154.55	447.16	1305.2	13	1000180400	8	1
713	57	21	2	0	14	0	0	1001	968.68	-46.84	58.79	616.13	762.6	13	1000180400	10	0
713	57	21	2	1	14	0	0	1001	609.05	211.39	97.88	-468.24	1407.3	13	1000140280	8	0
713	57	24	1	0	14	1	1	1007	2737.10	-177.60	-236.29	145.71	180.2	14	1000180400	13	0
713	57	25	3	0	14	0	1	1000	3306.85	210.11	-158.51	1165.43	1464.3	13	1000080160	15	0
713	57	25	3	1	14	0	10	1000	2075.69	294.50	138.39	-327.07	353.5	13	1000080160	12	0
713	57	25	3	2	14	0	0	1001	749.22	-482.89	-8.83	996.11	1225.4	13	1000140280	8	0
713	57	27	2	0	14	0	2	1091	1591.38	142.70	171.05	477.42	76.8	13	1000180400	15	1
713	57	27	2	1	14	0	2	1091	2719.81	242.39	146.00	-690.64	1080.4	13	1000080160	13	0
713	57	29	2	0	14	1	0	1002	996.92	-24.57	-81.21	143.40	139.1	14	1000180400	10	1
713	57	29	2	1	14	0	0	1001	414.11	98.17	-185.43	485.05	171.0	13	1000180400	9	1
713	57	32	2	0	14	0	10	1000	1001.75	-167.91	-40.33	365.72	1399.0	13	1000180400	19	1
713	57	32	2	1	14	1	0	1002	446.69	562.67	483.20	-79.14	568.3	14	1000200400	22	0
713	57	34	1	0	14	0	10	1000	862.28	110.81	-200.25	-9.78	876.2	13	1000180400	38	0
713	57	46	2	0	14	0	0	1001	643.16	-474.24	531.18	420.82	509.1	13	1000140280	14	0
713	57	46	2	1	14	1	0	1002	560.59	-211.32	-19.03	210.12	710.8	14	1000180400	12	0
713	57	50	2	0	14	0	2	1091	5992.77	-237.24	-22.44	1311.06	1221.4	13	1000140280	14	0
713	57	50	2	1	14	0	1	1003	2089.58	251.61	-146.00	218.84	444.5	13	1000180400	11	0
713	8	9	1	0	14	0	0	1001	1197.70	-23.62	-116.79	185.46	1354.8	13	1000180400	8	1
713	8	10	2	0	14	0	1	1000	2092.02	-307.76	257.47	-309.49	334.4	13	1000080160	13	0
713	8	10	2	1	14	1	0	1002	804.07	-120.99	122.78	428.76	1097.5	14	1000180400	10	1
713	8	12	2	0	14	1	0	1002	2585.32	-229.93	-146.08	-447.76	368.3	14	1000080160	9	0
713	8	12	2	1	14	0	0	1001	750.64	-60.25	179.41	219.81	729.2	13	1000180400	19	1
713	8	18	1	0	12	1	0	1002	787.52	-86.96	19.80	490.32	1516.3	12	1000180400	10	1
713	8	19	1	0	14	0	10	1000	830.01	77.52	42.84	310.05	261.0	13	1000180400	18	1
713	8	26	1	0	14	1	1	1006	1311.79	59.35	-98.42	161.99	1145.9	14	1000180400	12	1
713	8	29	3	0	14	0	0	1001	417.26	-494.18	-129.19	1007.69	1399.5	13	1000080160	9	0
713	8	29	3	1	14	1	0	1002	1389.33	-585.57	-411.48	895.47	979.2	14	1000140280	26	0
713	8	29	3	2	14	0	2	1091	3731.18	67.86	193.45	239.91	88.8	13	1000180400	20	1
713	8	31	2	0	14	1	1	1008	2405.91	-653.71	-317.24	750.19	938.5	14	1000130270	15	0
713	8	31	2	1	14	0	0	1001	1979.36	-133.21	137.29	603.07	1423.2	13	1000180400	18	0
713	8	32	1	0	14	0	1	1005	1120.21	42.80	-28.24	145.20	1485.2	13	1000180400	22	1
713	8	33	1	0	14	0	1	1003	1739.21	115.14	53.92	460.61	1533.1	13	1000180400	11	1
713	8	39	5	0	14	0	0	1001	295.15	-351.34	323.08	-276.30	545.9	13	1000080160	9	0
713	8	39	5	1	14	0	0	1001	1048.24	-57.98	-208.78	372.28	828.5	13	1000180400	10	0
713	8	39	5	2	14	1	0	1002	1064.19	259.74	303.90	-412.76	633.3	14	1000080160	10	0
713	8	39	5	3	14	0	0	1001	599.13	-318.50	-88.84	-461.69	177.1	13	1000140280	9	0
713	8	39	5	4	14	0	1	1004	1358.02	-116.98	95.56	74.59	385.6	13	1000180400	11	1
713	8	41	1	0	14	0	10	1000	1148.12	-124.03	-60.73	71.59	196.8	13	1000180400	13	1
717	99	11	1	0	14	0	0	1001	680.26	44.87	210.16	-24.61	665.0	13	1000180400	8	0
717	99	12	2	0	14	0	0	1001	468.70	-175.47	-239.66	67.62	1313.8	13	1000180400	8	0
717	99	12	2	1	14	0	1	1003	1039.61	-494.21	-157.18	-12.30	779.8	13	1000080160	12	0
717	99	14	1	0	14	0	0	1001	991.80	-205.85	-7.62	-369.19	1296.8	13	1000080160	9	0
717	99	15	1	0	14	0	0	1001	757.62	194.92	70.34	487.07	113.1	13	1000180400	10	1
717	99	16	2	0	14	0	2	1091	1263.20	-212.39	114.01	445.37	946.8	13	1000180400	14	0
717	99	16	2	1	14	1	0	1002	400.04	-591.07	-300.60	226.57	370.8	14	1000080160	21	0
717	99	24	2	0	14	0	2	1091	4397.24	630.14	-582.58	1666.65	1101.7	13	1000080160	19	0
717	99	24	2	1	14	0	0	1001	1257.74	-24.50	-58.43	407.42	1400.4	13	1000180400	9	1
717	99	27	2	0	14	0	0	1001	1436.79	-217.83	-607.26	-231.70	960.2	13	1000140280	8	0
717	99	27	2	1	14	1	0	1002	747.63	160.14	57.51	166.37	842.7	14	1000180400	20	1
717	99	31	3	0	14	0	1	1005	605.33	-94.02	208.36	186.07	1315.4	13	1000180400	11	0
717	99	31	3	1	14	1	0	1002	1424.02	-154.19	123.95	-295.52	69.8	14	1000140280	9	0
717	99	31	3	2	14	0	0	1001	478.98	515.32	-162.09	968.61	1493.7	13	1000080160	9	0
717	99	43	2	0	14	0	10	1000	775.76	-158.38	97.01	-306.79	636.3	13	1000200400	13	0
717	99	43	2	1	14	0	0	1001	434.70	637.07	359.20	-52.26	359.6	13	1000080160	9	0
717	99	47	2	0	14	0	1	1003	1255.57	-122.12	43.52	454.81	169.4	13	1000180400	12	1
717	99	47	2	1	14	1	1	1006	1061.87	-57.30	-27.63	457.91	1421.0	14	1000180400	13	1
713	67	2	3	0	14	0	1	1003	1823.78	-267.69	-123.98	-292.80	164.4	13	1000140280	20	0
713	67	2	3	1	14	0	10	1000	1289.20	-75.76	62.54	-55.99	718.6	13	1000180400	14	0
713	67	2	3	2	14	0	0	1001	660.62	511.01	264.07	269.50	1091.3	13	1000140280	9	0
713	67	4	1	0	14	1	0	1002	444.71	-49.39	214.26	437.43	830.8	14	1000180400	10	0
713	67	5	2	0	14	1	0	1002	409.49	-89.92	-70.05	-313.16	221.2	14	1000080160	13	0
713	67	5	2	1	14	0	0	1001	1774.60	-269.11	-124.72	-433.58	1086.2	13	1000200400	8	0
713	67	6	2	0	14	1	1	1007	2704.88	343.73	137.25	-312.89	1224.0	14	1000080160	17	0
713	67	6	2	1	14	0	10	1000	816.54	67.11	91.96	-286.50	957.3	13	1000140280	12	0
713	67	7	3	0	14	0	0	1001	605.27	74.91	42.96	330.16	1566.1	13	1000180400	10	1
713	67	7	3	1	14	0	1	1003	755.38	363.60	-208.20	966.15	1453.6	13	1000080160	13	0
713	67	7	3	2	14	1	10	1000	460.87	-54.51	-464.79	-186.50	848.8	14	1000200400	13	0
713	67	16	1	0	14	0	2	1091	1760.46	-21.15	287.35	-274.72	1451.7	13	1000140280	14	0
713	67	21	1	0	14	0	0	1001	1528.84	20.43	-96.12	-456.36	62.0	13	1000140280	9	0
713	67	31	3	0	14	0	1	1005	860.42	34.12	-20.78	-495.79	347.2	13	1000140280	17	0
713	67	31	3	1	14	0	2	1091	3543.12	-14.29	171.80	286.56	1112.5	13	1000180400	37	1
713	67	31	3	2	14	0	0	1001	804.95	-689.45	112.96	296.50	807.6	13	1000140280	8	0
713	67	34	1	0	14	0	1	1003	1959.13	180.99	121.48	172.96	219.6	13	1000180400	22	1
713	67	36	2	0	14	0	0	1001	235.53	-651.28	78.21	35.45	1387.1	13	1000130270	9	0
713	67	36	2	1	14	0	0	1001	591.80	-187.84	6.58	430.06	641.0	13	1000180400	10	1
713	67	42	4	0	14	1	10	1000	1396.74	-185.54	-652.98	-172.95	1342.4	14	1000080160	11	0
713	67	42	4	1	14	0	1	1003	1310.36	-229.17	-217.06	358.86	562.9	13	1000180400	12	0
713	67	42	4	2	14	0	0	1001	430.91	128.45	219.94	380.99	1000.8	13	1000180400	15	0
713	67	42	4	3	14	0	0	1001	261.20	578.31	-558.42	-132.92	1043.4	13	1000080160	15	0
713	67	46	1	0	14	0	1	1004	2704.87	25.50	-128.52	474.27	378.2	13	1000180400	16	1
720	20	17	1	0	14	0	10	1000	1213.13	-45.70	-86.22	304.09	357.2	13	1000180400	40	1
720	20	18	1	0	14	1	0	1002	922.53	-24.96	61.02	207.71	369.6	14	1000180400	16	1
720	20	19	2	0	12	1	0	1002	1127.87	-92.80	-346.87	-289.25	1130.2	12	1000080160	9	0
720	20	19	2	1	14	0	0	1001	509.98	153.38	180.75	-449.25	269.3	13	1000120240	9	0
720	20	23	3	0	14	0	0	1001	383.30	-278.97	-414.68	-396.66	1427.3	13	1000080160	23	0
720	20	23	3	1	14	0	1	1005	635.72	-340.56	-314.93	457.63	187.8	13	1000260560	16	0
720	20	23	3	2	14	0	0	1001	537.84	-225.47	-35.99	165.91	745.6	13	1000180400	8	0
720	20	24	2	0	14	0	1	1004	2228.86	-135.74	202.27	475.81	607.6	13	1000180400	21	0
720	20	24	2	1	14	0	2	1091	3907.84	-432.31	231.43	-1149.77	1176.5	13	1000130270	16	0
720	20	33	3	0	14	1	0	1002	295.27	-408.21	119.69	-277.05	1564.8	14	1000080160	19	0
720	20	33	3	1	14	0	0	1001	3273.28	92.54	-27.67	-724.49	375.8	13	1000080160	9	0
720	20	33	3	2	14	0	0	1001	1161.58	-54.71	24.79	1.87	796.0	13	1000180400	8	1
720	20	37	1	0	14	0	0	1001	386.15	123.10	-93.08	45.93	458.7	13	1000180400	9	1
720	20	43	1	0	14	0	0	1001	1065.42	-208.87	198.01	109.34	765.2	13	1000180400	9	0
720	20	45	1	0	14	0	0	1001	968.73	-188.84	74.16	-364.79	47.5	13	1000200400	8	0
720	20	46	2	0	14	0	0	1001	1116.24	-13.11	72.34	297.42	1585.1	13	1000180400	8	1
720	20	46	2	1	14	0	0	1001	182.67	669.25	-682.65	-0.24	420.7	13	1000110230	11	0
720	20	50	3	0	14	0	0	1001	692.24	577.04	16.57	990.43	1529.6	13	1000200400	9	0
720	20	50	3	1	14	1	0	1002	446.49	-147.62	-480.05	-34.82	362.0	14	1000140280	9	0
720	20	50	3	2	14	1	0	1002	1358.12	-94.62	-51.80	91.86	1236.4	14	1000180400	9	1
713	52	1	2	0	14	0	0	1001	403.13	200.75	231.06	176.30	1089.2	13	1000180400	9	0
713	52	1	2	1	14	0	0	1001	474.40	-660.61	-353.45	-437.75	917.6	13	1000140280	14	0
713	52	6	3	0	14	1	0	1002	474.49	-133.75	-650.80	614.95	477.8	14	1000080160	9	0
713	52	6	3	1	14	1	0	1002	1820.18	-160.47	183.84	723.55	1542.2	14	1000240520	9	0
713	52	6	3	2	14	0	1	1000	1393.44	97.50	44.52	442.82	793.7	13	1000180400	16	1
713	52	7	3	0	14	0	0	1001	1099.22	-33.23	173.70	-482.80	212.8	13	1000200400	18	0
713	52	7	3	1	14	0	1	1003	958.82	-98.26	-150.35	380.92	303.1	13	1000180400	12	1
713	52	7	3	2	14	1	0	1002	384.70	97.17	-86.00	-497.97	783.4	14	1000140280	9	0
713	52	8	1	0	14	1	1	1009	487.00	-209.47	-198.80	174.35	444.9	14	1000180400	13	0
713	52	19	3	0	-14	0	1	1000	2410.65	126.30	-260.23	0.74	1234.4	-13	1000180400	23	0
713	52	19	3	1	14	0	2	1091	4598.35	361.34	-139.27	1427.01	142.6	13	1000140280	26	0
713	52	19	3	2	14	0	0	1001	871.03	-11.95	-411.85	-506.16	687.0	13	1000080160	10	0
713	52	22	3	0	14	1	1	1006	621.95	-362.76	-413.61	999.57	1381.1	14	1000080160	13	0
713	52	22	3	1	14	0	1	1000	2394.84	-137.14	152.50	-517.75	59.2	13	1000080160	14	0
713	52	22	3	2	14	1	0	1002	467.62	15.05	-188.73	339.90	923.4	14	1000180400	10	1
713	52	23	2	0	14	0	0	1001	1016.19	-174.42	-22.74	419.76	909.6	13	1000180400	8	1
713	52	23	2	1	14	0	0	1001	448.63	-514.80	529.18	742.24	785.3	13	1000130270	9	0
713	52	30	2	0	12	0	0	1001	449.65	-247.85	167.93	134.72	1009.3	11	1000180400	27	0
713	52	30	2	1	14	0	0	1001	811.31	-128.47	-101.88	322.08	1302.8	13	1000180400	9	1
713	52	42	2	0	14	0	0	1001	735.62	-260.88	34.72	708.00	1371.0	13	1000060120	8	0
713	52	42	2	1	14	1	1	1009	1519.08	-47.27	-11.08	373.77	1359.8	14	1000180400	11	1
713	52	48	3	0	14	0	1	1003	1040.49	-253.51	-484.79	215.90	104.2	13	1000080160	14	0
713	52	48	3	1	14	0	1	1003	676.17	-71.63	-234.35	-505.56	1236.8	13	1000130270	11	0
713	52	48	3	2	14	0	0	1001	1328.71	-87.10	109.72	999.20	889.7	13	1000140280	18	0
719	86	5	1	0	14	0	0	1001	1647.79	-80.10	-50.72	569.21	1388.0	13	1000180400	24	0
719	86	6	2	0	14	1	10	1000	1572.11	-35.45	207.05	288.12	523.6	14	1000180400	23	0
719	86	6	2	1	14	0	0	1001	463.85	658.46	-181.75	379.98	1551.1	13	1000080160	12	0
719	86	12	2	0	14	0	0	1001	708.13	375.69	-123.24	-75.97	890.3	13	1000260560	8	0
719	86	12	2	1	14	1	0	1002	1114.45	8.24	-52.87	-345.80	995.0	14	1000080160	10	0
719	86	22	1	0	14	1	0	1002	1087.10	-295.61	-349.36	-139.66	1098.3	14	1000260560	9	0
719	86	25	1	0	14	0	1	1003	1508.98	-33.07	-15.18	385.40	1076.4	13	1000180400	26	1
719	86	26	3	0	14	0	0	1001	375.16	465.29	-311.25	-309.97	975.4	13	1000080160	9	0
719	86	26	3	1	14	1	0	1002	661.19	19.17	-17.59	36.28	251.7	14	1000180400	12	1
719	86	26	3	2	14	1	1	1009	1851.26	380.13	-577.75	321.96	1340.1	14	1000080160	12	0
719	86	27	2	0	14	1	1	1006	579.14	291.42	273.69	1007.17	1327.3	14	1000140280	12	0
719	86	27	2	1	14	1	1	1000	1893.23	64.27	-321.21	-276.35	1262.4	14	1000140280	14	0
719	86	32	1	0	14	1	0	1002	1001.01	15.85	60.86	-8.11	762.0	14	1000260560	15	0
719	86	33	2	0	14	0	0	1001	487.79	561.66	258.06	439.86	697.9	13	1000080160	9	0
719	86	33	2	1	14	0	0	1001	723.51	-298.79	148.39	-295.86	486.5	13	1000260560	16	0
719	86	38	2	0	14	0	0	1001	648.66	287.86	-382.91	-450.62	1030.3	13	1000200400	9	0
719	86	38	2	1	14	0	1	1004	1875.58	173.57	90.16	78.06	914.4	13	1000180400	12	1
719	86	43	3	0	14	0	0	1001	748.59	-117.66	72.88	249.14	126.4	13	1000180400	9	1
719	86	43	3	1	14	1	0	1002	519.07	-2.24	220.36	504.23	492.5	14	1000180400	10	0
719	86	43	3	2	14	0	0	1001	387.99	-165.26	165.67	486.95	983.4	13	1000180400	8	1
715	63	1	2	0	14	1	0	1002	331.86	-64.57	-108.57	276.26	899.3	14	1000180400	20	1
715	63	1	2	1	14	0	0	1001	293.17	-585.07	107.40	687.97	1013.1	13	1000080160	17	0
715	63	3	2	0	14	0	1	1003	3224.22	-296.24	-522.32	-692.37	1552.1	13	1000110230	27	0
715	63	3	2	1	14	0	10	1000	529.69	37.61	25.11	121.84	611.9	13	1000180400	16	1
715	63	6	3	0	14	1	2	1092	4082.62	219.78	-20.05	-358.56	388.4	14	1000200400	11	0
715	63	6	3	1	14	0	1	1003	458.28	-532.16	-1.40	956.74	566.4	13	1000080160	12	0
715	63	6	3	2	14	0	1	1005	1467.04	154.53	81.15	513.48	362.7	13	1000180400	12	0
715	63	17	2	0	14	1	0	1002	790.68	-402.98	99.04	579.37	666.2	14	1000130270	9	0
715	63	17	2	1	14	0	0	1001	659.62	-211.56	165.48	22.14	836.8	13	1000180400	9	0
715	63	20	3	0	14	0	1	1003	1095.61	-251.24	180.80	231.66	638.1	13	1000180400	11	0
715	63	20	3	1	14	1	1	1007	885.02	-403.20	-185.06	-85.77	947.2	14	1000060120	11	0
715	63	20	3	2	14	0	0	1001	465.16	-619.32	-467.89	936.50	1304.6	13	1000080160	8	0
715	63	24	1	0	14	0	0	1001	494.46	-115.61	-47.50	402.18	643.0	13	1000180400	10	1
715	63	25	3	0	14	1	10	1000	1260.59	-502.81	-126.71	445.00	623.9	14	1000110230	11	0
715	63	25	3	1	14	0	0	1001	300.75	65.92	-576.99	-6.38	1006.1	13	1000140280	8	0
715	63	25	3	2	14	0	0	1001	499.46	250.50	-465.38	79.13	1141.2	13	1000080160	10	0
715	63	29	2	0	14	1	1	1006	738.48	-66.67	94.83	583.40	721.7	14	1000180400	18	0
715	63	29	2	1	14	1	2	1092	3204.83	-149.83	154.51	-631.90	586.4	14	1000200400	16	0
715	63	30	1	0	14	0	0	1001	1037.49	-11.12	-69.96	-123.87	830.1	13	1000060120	8	0
715	63	31	1	0	14	1	0	1002	576.13	-121.97	-54.40	300.14	771.4	14	1000180400	11	1
715	63	32	1	0	14	0	2	1091	2900.31	35.56	15.47	568.44	875.4	13	1000180400	17	0
715	63	40	1	0	12	1	1	1000	2959.29	85.09	-162.48	45.55	990.1	12	1000180400	22	1
715	63	45	3	0	14	0	0	1001	856.91	-208.75	206.06	484.54	890.3	13	1000180400	9	0
715	63	45	3	1	14	1	0	1002	1179.58	-72.17	-86.63	191.06	1068.6	14	1000180400	10	1
715	63	45	3	2	14	1	0	1002	360.52	-135.42	236.85	536.79	474.6	14	1000180400	10	0
715	49	1	1	0	14	0	1	1003	990.31	-43.30	245.53	-351.37	1087.2	13	1000080160	13	0
715	49	2	1	0	14	0	0	1001	782.83	-208.51	-237.78	703.60	367.7	13	1000060120	15	0
715	49	8	2	0	14	0	0	1001	424.07	236.96	-235.00	387.53	452.9	13	1000180400	9	0
715	49	8	2	1	14	0	0	1001	479.22	630.74	-309.33	-257.85	1433.7	13	1000200400	9	0
715	49	9	3	0	14	0	1	1005	3050.09	511.88	-130.54	-164.99	94.2	13	1000080160	11	0
715	49	9	3	1	14	0	0	1001	1085.13	-435.15	-535.73	120.70	537.7	13	1000080160	8	0
715	49	9	3	2	14	0	0	1001	684.78	66.32	-490.25	-290.70	1185.8	13	1000140280	8	0
715	49	17	1	0	14	0	0	1001	701.96	60.44	96.46	25.82	534.1	13	1000180400	9	1
715	49	19	3	0	14	0	2	1091	2717.89	54.31	-425.09	-786.70	489.1	13	1000080160	15	0
715	49	19	3	1	14	0	1	1004	709.49	-187.68	68.64	106.11	1371.1	13	1000180400	21	1
715	49	19	3	2	14	0	0	1001	617.42	258.43	13.64	-409.43	880.6	13	1000140280	8	0
715	49	25	1	0	14	1	0	1002	203.53	-46.61	-218.13	367.62	546.8	14	1000180400	10	0
715	49	28	2	0	14	0	1	1005	1504.57	333.41	-439.23	457.71	152.1	13	1000080160	12	0
715	49	28	2	1	14	1	0	1002	420.06	-244.25	118.68	-39.99	626.5	14	1000180400	27	0
715	49	33	3	0	14	0	0	1001	2914.55	-74.35	-493.61	-755.51	166.5	13	1000080160	9	0
715	49	33	3	1	14	1	0	1002	664.62	221.13	186.55	474.82	1533.0	14	1000180400	9	0
715	49	33	3	2	14	0	0	1001	438.27	-35.17	-453.60	54.15	781.8	13	1000080160	9	0
715	49	37	3	0	14	0	10	1000	661.87	-147.59	-42.08	-32.86	529.7	13	1000180400	12	0
715	49	37	3	1	14	1	0	1002	516.59	494.14	-253.06	976.99	300.2	14	1000130270	9	0
715	49	37	3	2	14	1	0	1002	274.97	-220.54	271.78	585.70	969.5	14	1000260560	9	0
715	49	38	1	0	14	1	0	1002	1821.89	125.86	-52.99	-29.99	663.3	14	1000180400	12	0
715	49	41	1	0	14	1	0	1002	1153.17	-166.58	36.48	62.18	1196.9	14	1000180400	11	1
715	49	44	1	0	14	1	1	1006	2091.46	238.16	-24.74	356.94	1395.0	14	1000180400	11	0
715	49	45	2	0	14	0	0	1001	2173.60	117.59	190.98	-157.93	1115.7	13	1000260560	9	0
715	49	45	2	1	14	0	2	1091	655.24	618.22	-628.30	510.18	1100.9	13	1000140280	11	0
715	49	47	1	0	14	0	0	1001	447.22	258.37	-216.22	248.45	863.0	13	1000180400	10	0
715	49	49	1	0	14	0	1	1004	2007.12	-135.92	35.69	227.16	543.2	13	1000180400	12	1
715	49	50	2	0	14	1	0	1002	1303.68	-86.54	-181.23	366.90	1285.6	14	1000180400	10	1
715	49	50	2	1	14	0	2	1091	3050.35	-589.75	27.92	1276.37	1164.4	13	1000200400	13	0
713	31	2	2	0	14	0	0	1001	1520.21	-239.73	-130.31	-34.88	173.9	13	1000180400	10	0
713	31	2	2	1	14	0	0	1001	1036.82	-404.28	242.19	559.50	421.5	13	1000130270	11	0
713	31	3	1	0	14	0	1	1004	1166.17	39.93	-83.72	-393.85	556.1	13	1000140280	11	0
713	31	5	3	0	14	0	0	1001	335.51	-645.91	-651.60	802.51	693.8	13	1000080160	8	0
713	31	5	3	1	14	1	0	1002	783.95	-66.02	44.95	-32.97	268.7	14	1000180400	10	0
713	31	5	3	2	14	1	1	1007	1079.74	-558.16	-704.60	-370.02	84.8	14	1000080160	12	0
713	31	7	1	0	14	0	0	1001	802.03	147.38	3.06	334.78	206.9	13	1000180400	9	1
713	31	14	1	0	14	0	0	1001	968.26	-97.35	103.17	-32.28	135.9	13	1000180400	8	0
713	31	18	2	0	14	0	1	1004	4664.15	-273.30	-417.90	-1219.30	852.9	13	1000080160	12	0
713	31	18	2	1	14	0	1	1003	780.60	132.13	127.89	390.71	413.2	13	1000180400	26	1
713	31	19	1	0	14	0	1	1003	1178.78	-14.69	37.35	-278.83	447.9	13	1000080160	27	0
713	31	29	2	0	14	1	0	1002	502.37	-80.05	-74.26	436.70	286.4	14	1000180400	8	1
713	31	29	2	1	14	1	0	1002	244.38	643.19	327.21	743.09	919.9	14	1000080160	11	0
713	31	31	2	0	12	0	1	1003	871.29	-141.14	127.79	530.98	1179.4	11	1000180400	14	0
713	31	31	2	1	14	0	0	1001	688.84	91.95	-5.43	199.32	483.8	13	1000180400	9	1
713	31	33	1	0	14	0	1	1003	840.54	180.55	207.16	150.83	66.0	13	1000260560	11	0
713	31	40	1	0	14	0	1	1003	1098.38	270.36	295.91	4.98	835.9	13	1000060120	15	0
720	66	1	2	0	14	1	1	1007	1067.23	-190.49	-14.45	-54.85	1327.2	14	1000180400	40	0
720	66	1	2	1	14	0	0	1001	762.91	-580.50	-189.88	819.29	902.6	13	1000080160	9	0
720	66	2	3	0	14	0	0	1001	565.70	-66.93	-323.68	1001.91	320.4	13	1000140280	8	0
720	66	2	3	1	14	0	2	1091	2760.07	174.63	105.57	145.69	1181.7	13	1000180400	13	1
720	66	2	3	2	14	1	1	1006	440.82	-495.87	159.78	-30.39	1327.7	14	1000080160	13	0
720	66	6	2	0	14	0	0	1001	5060.22	412.04	227.07	-752.24	1528.9	13	1000140280	17	0
720	66	6	2	1	14	1	2	1092	1262.47	85.25	197.18	61.54	1578.3	14	1000180400	14	1
720	66	19	2	0	14	1	0	1002	886.19	284.32	-484.19	-69.17	550.1	14	1000140280	10	0
720	66	19	2	1	14	0	0	1001	714.65	-173.74	56.47	354.99	1377.5	13	1000180400	10	1
720	66	23	1	0	14	0	0	1001	328.56	74.99	75.14	105.42	594.9	13	1000180400	10	1
720	66	24	2	0	14	0	0	1001	546.30	156.65	165.07	548.45	1121.1	13	1000180400	51	0
720	66	24	2	1	14	0	0	1001	587.66	-140.82	-471.06	990.07	396.7	13	1000140280	12	0
720	66	25	2	0	14	0	1	1000	1475.12	-147.19	97.10	10.40	251.6	13	1000180400	16	1
720	66	25	2	1	14	0	0	1001	656.72	535.73	-486.97	594.81	404.4	13	1000140280	8	0
720	66	28	1	0	14	1	1	1008	1162.50	-84.06	-33.19	530.24	854.4	14	1000180400	13	0
720	66	30	1	0	14	1	1	1009	2211.55	580.75	-389.14	101.73	1273.1	14	1000140280	14	0
720	66	33	1	0	14	0	0	1001	1016.41	-1.11	-21.72	322.70	165.6	13	1000180400	10	1
720	66	35	1	0	14	1	0	1002	1971.61	76.41	-27.56	163.94	1429.8	14	1000180400	9	1
720	66	40	2	0	14	0	1	1005	979.13	-203.24	80.27	118.88	652.2	13	1000180400	14	0
720	66	40	2	1	14	1	1	1008	556.41	-118.84	-0.66	966.00	965.5	14	1000080160	11	0
720	66	46	1	0	14	0	0	1001	168.01	-460.24	239.26	-299.28	296.1	13	1000140280	9	0
720	66	50	3	0	14	0	10	1000	737.87	-30.24	-181.31	83.80	1256.0	13	1000180400	38	1
720	66	50	3	1	14	0	2	1091	2776.05	611.20	-372.93	1087.35	458.3	13	1000080160	13	0
720	66	50	3	2	14	0	2	1091	2992.22	336.88	-539.01	1084.36	1516.9	13	1000080160	12	0
714	7	7	2	0	14	0	0	1001	1325.95	65.46	130.76	54.08	895.2	13	1000180400	10	1
714	7	7	2	1	14	1	2	1092	4230.17	-575.80	562.09	115.35	1445.1	14	1000140280	20	0
714	7	8	1	0	14	0	1	1004	1440.13	-179.55	-109.11	441.85	530.4	13	1000180400	21	1
714	7	10	1	0	14	0	0	1001	764.92	232.76	23.82	349.26	450.4	13	1000180400	10	0
714	7	26	2	0	14	0	0	1001	306.61	483.32	91.66	-464.57	1217.8	13	1000200400	8	0
714	7	26	2	1	14	0	0	1001	1415.54	205.77	62.61	395.10	847.3	13	1000260560	8	0
714	7	29	1	0	14	0	0	1001	1030.69	13.90	-162.19	200.01	1562.8	13	1000180400	10	1
714	7	32	1	0	12	0	10	1000	772.23	36.94	-484.02	169.81	389.1	11	1000260560	20	0
714	7	33	3	0	14	0	2	1091	3819.10	-110.49	-46.24	-49.37	758.9	13	1000180400	11	0
714	7	33	3	1	14	0	1	1003	3650.91	-294.60	-187.27	-375.74	540.2	13	1000220480	13	0
714	7	33	3	2	14	1	0	1002	305.35	643.27	-539.01	554.70	535.1	14	1000080160	10	0
714	7	40	1	0	14	0	0	1001	946.93	232.87	-32.02	30.62	1084.6	13	1000180400	10	0
714	7	42	2	0	14	0	0	1001	1386.51	75.33	347.46	-309.94	105.9	13	1000080160	8	0
714	7	42	2	1	14	1	10	1000	459.16	-376.55	408.53	-281.44	185.4	14	1000140280	41	0
714	7	46	3	0	14	1	0	1002	385.18	482.94	222.13	754.64	234.4	14	1000080160	10	0
714	7	46	3	1	14	1	0	1002	1924.86	-7.34	-72.07	367.91	960.5	14	1000180400	37	1
714	7	46	3	2	14	1	0	1002	534.63	-72.49	-591.73	606.85	1140.2	14	1000190390	9	0
