run	subrun	event	n_nu	inu	nu_pdg	ccnc	mode	interaction_type	E_nu_MeV	vtx_x_cm	vtx_y_cm	vtx_z_cm	t_ns	lepton_pdg	target_pdg	n_genie_particles	in_active_tpc
296	86	1150	3	0	12	0	0	1001	278.72	138.68	-16.05	237.99	1565.4	11	1000180400	10	1
296	86	1150	3	1	14	0	1	1005	621.65	-542.77	-299.87	997.39	925.8	13	1000140280	11	0
296	86	1150	3	2	14	1	2	1092	1887.91	32.29	-269.52	-473.84	1444.7	14	1000080160	11	0
296	86	1154	2	0	14	0	1	1004	1159.55	-283.40	-65.28	-501.40	193.7	13	1000080160	13	0
296	86	1154	2	1	12	0	2	1091	2328.89	46.72	-7.14	353.44	922.3	11	1000180400	16	1
296	86	2935	1	0	12	0	0	1001	2603.07	-186.56	192.78	66.45	381.7	11	1000180400	15	1
296	86	7158	3	0	14	0	1	1005	3812.42	-18.13	76.46	88.53	177.7	13	1000180400	13	1
296	86	7158	3	1	12	0	1	1003	1451.68	37.51	-99.31	67.02	914.6	11	1000180400	19	1
296	86	7158	3	2	14	0	0	1001	454.46	482.28	-397.95	662.75	1578.8	13	1000140280	9	0
296	86	9621	2	0	12	0	1	1003	823.89	-5.24	-98.20	394.95	1285.9	11	1000180400	13	1
296	86	9621	2	1	14	0	1	1003	667.77	146.53	260.53	951.37	1150.8	13	1000200400	28	0
296	86	10992	1	0	12	0	2	1091	2521.49	-156.60	-43.85	362.07	680.5	11	1000180400	12	1
300	20	807	2	0	14	1	1	1008	1983.20	167.88	363.60	-362.20	1089.0	14	1000120240	11	0
300	20	807	2	1	12	0	0	1001	2345.74	-159.25	-140.05	149.98	1522.8	11	1000180400	8	1
300	20	4427	2	0	12	0	0	1001	793.62	-142.39	-120.61	292.19	1053.2	11	1000180400	10	1
300	20	4427	2	1	14	0	10	1000	859.47	-57.86	326.14	-472.87	974.7	13	1000140280	13	0
300	20	4754	1	0	12	0	1	1005	1653.43	88.81	10.13	57.19	1575.2	11	1000180400	12	1
300	20	6354	1	0	12	0	2	1091	917.14	94.10	104.83	380.67	1398.4	11	1000180400	15	1
300	20	7096	1	0	-12	0	0	1001	975.74	-100.24	-119.88	458.09	416.8	-11	1000180400	9	1
300	20	7361	1	0	12	0	0	1001	907.68	-137.04	-181.56	68.70	364.6	11	1000180400	10	1
300	20	9269	1	0	12	0	1	1000	1686.33	137.11	-146.68	299.65	1469.8	11	1000180400	18	1
300	20	10603	1	0	12	0	1	1003	1437.76	78.75	-134.74	61.02	821.5	11	1000180400	13	1
300	20	11199	1	0	12	0	1	1005	1702.11	-47.69	197.54	310.18	903.6	11	1000180400	13	1
300	20	11515	1	0	12	0	0	1001	2234.49	-112.65	-114.39	53.79	763.1	11	1000180400	19	1
295	70	1855	1	0	12	0	0	1001	565.71	176.60	-52.46	390.72	1492.8	11	1000180400	9	1
295	70	2925	1	0	-12	0	1	1000	3501.17	49.24	-65.21	340.71	317.7	-11	1000180400	13	1
295	70	4226	2	0	12	0	2	1091	2019.79	46.33	-17.54	357.09	1379.7	11	1000180400	11	1
295	70	4226	2	1	14	0	0	1001	892.15	95.30	132.15	-345.63	695.3	13	1000080160	8	0
295	70	5418	3	0	12	0	10	1000	1760.76	-35.63	180.40	355.82	89.9	11	1000180400	27	1
295	70	5418	3	1	14	1	0	1002	767.75	-133.32	178.75	996.95	301.7	14	1000080160	10	0
295	70	5418	3	2	14	0	0	1001	285.96	-624.01	-534.49	615.32	553.7	13	1000140280	9	0
295	70	10348	2	0	14	0	0	1001	2378.24	-55.39	305.72	-452.31	1143.2	13	1000200400	10	0
295	70	10348	2	1	12	0	0	1001	199.79	-0.41	-2.12	356.02	280.1	11	1000260560	52	1
295	70	10608	1	0	12	0	1	1003	873.71	-41.04	-143.99	341.60	716.5	11	1000180400	11	1
295	70	10953	3	0	14	0	1	1003	2328.20	198.04	-394.25	-627.21	1555.2	13	1000080160	21	0
295	70	10953	3	1	14	0	0	1001	260.12	-553.92	152.08	-272.36	1034.8	13	1000140280	22	0
295	70	10953	3	2	-12	0	1	1000	1406.54	-184.61	29.23	248.96	314.0	-11	1000180400	12	1
295	70	12474	3	0	14	1	1	1008	1170.65	-133.83	16.70	132.85	1259.1	14	1000180400	13	1
295	70	12474	3	1	14	0	2	1091	3859.27	422.29	-142.82	-998.86	693.1	13	1000200400	15	0
295	70	12474	3	2	12	0	2	1091	927.65	-172.18	180.90	473.34	1460.3	11	1000180400	20	1
293	43	4013	2	0	14	1	0	1002	565.78	-659.44	-300.07	-141.89	1534.0	14	1000120240	11	0
293	43	4013	2	1	12	0	0	1001	934.23	115.95	-11.70	256.41	619.4	11	1000180400	8	1
293	43	5521	1	0	12	0	0	1001	1844.65	-118.06	48.34	346.47	1283.4	11	1000180400	16	1
293	43	6406	3	0	12	0	1	1003	2743.07	153.77	-109.13	322.79	1094.0	11	1000180400	11	1
293	43	6406	3	1	14	0	0	1001	2169.78	-288.19	-174.63	980.76	604.2	13	1000140280	8	0
293	43	6406	3	2	14	1	0	1002	856.25	-421.07	-441.14	452.70	626.7	14	1000080160	23	0
293	43	6940	1	0	12	0	0	1001	128.83	-91.11	17.75	408.14	663.0	11	1000180400	37	1
293	43	8667	2	0	12	0	1	1004	2352.58	98.45	101.59	366.95	109.5	11	1000180400	13	1
293	43	8667	2	1	14	1	1	1007	673.74	-500.81	-347.40	688.23	672.9	14	1000140280	11	0
293	43	9787	1	0	12	0	1	1003	2148.10	-53.48	120.47	256.29	336.7	11	1000180400	17	1
293	43	10202	2	0	14	1	0	1002	266.76	-156.04	-583.48	625.97	1029.5	14	1000080160	10	0
293	43	10202	2	1	12	0	1	1000	3309.64	7.89	157.08	397.09	132.2	11	1000180400	17	1
299	79	35	2	0	12	0	1	1003	2852.83	110.05	189.42	422.64	623.1	11	1000180400	12	1
299	79	35	2	1	14	1	0	1002	810.93	-117.90	13.98	-408.33	67.2	14	1000140280	9	0
299	79	434	1	0	12	0	10	1000	726.50	-83.30	-28.16	285.45	1284.3	11	1000180400	26	1
299	79	3117	1	0	12	0	0	1001	2149.67	60.23	146.16	304.39	1472.1	11	1000180400	14	1
299	79	3677	1	0	12	0	0	1001	1131.43	-59.44	176.59	308.56	144.0	11	1000180400	21	1
299	79	4148	1	0	-12	0	1	1000	2593.42	-9.52	-69.01	348.65	355.3	-11	1000180400	11	1
299	79	8387	1	0	12	0	0	1001	674.71	105.01	-61.79	238.77	1315.3	11	1000180400	9	1
299	79	8781	2	0	12	0	1	1004	1110.46	61.30	1.73	488.10	1365.0	11	1000180400	23	1
299	79	8781	2	1	14	1	0	1002	320.26	-267.22	166.15	-361.18	691.7	14	1000200400	11	0
299	79	8931	1	0	12	0	1	1005	1477.84	89.77	-127.51	328.68	884.3	11	1000180400	11	1
299	79	10050	4	0	12	0	1	1003	766.15	155.52	94.69	162.25	993.8	11	1000180400	19	1
299	79	10050	4	1	14	0	10	1000	966.51	-47.47	256.92	-446.74	1370.3	13	1000140280	11	0
299	79	10050	4	2	14	1	0	1002	528.80	217.18	-535.91	-62.75	77.5	14	1000140280	13	0
299	79	10050	4	3	14	0	0	1001	315.56	116.03	368.90	384.62	790.9	13	1000260560	8	0
299	79	10170	2	0	14	1	10	1000	1953.42	-2.55	-458.52	-119.61	506.8	14	1000140280	11	0
299	79	10170	2	1	12	0	0	1001	1745.66	-197.26	-77.75	107.34	841.5	11	1000180400	10	1
299	79	11098	1	0	12	0	10	1000	973.89	64.39	146.82	216.98	1506.8	11	1000180400	21	1
299	79	11396	5	0	14	0	0	1001	325.63	513.55	-155.93	-498.69	1122.8	13	1000080160	8	0
299	79	11396	5	1	12	0	0	1001	637.52	-62.08	-153.48	340.85	716.6	11	1000180400	10	1
299	79	11396	5	2	14	0	2	1091	2004.74	-319.06	365.06	233.67	180.1	13	1000260560	18	0
299	79	11396	5	3	14	0	0	1001	276.80	-542.10	581.81	232.65	1356.3	13	1000080160	22	0
299	79	11396	5	4	14	1	1	1008	582.56	-309.13	-463.69	485.21	189.6	14	1000080160	15	0
298	31	4501	1	0	12	0	0	1001	1845.83	9.34	186.86	365.31	1413.8	11	1000180400	9	1
298	31	4862	2	0	14	1	0	1002	538.04	-426.21	244.92	-319.34	864.3	14	1000080160	9	0
298	31	4862	2	1	12	0	1	1005	1469.45	142.25	159.72	118.26	64.9	11	1000180400	19	1
298	31	5572	2	0	14	0	10	1000	823.17	476.54	193.99	-392.01	1544.4	13	1000080160	22	0
298	31	5572	2	1	12	0	2	1091	3003.04	-62.93	88.80	454.07	891.0	11	1000180400	11	1
298	31	7849	1	0	12	0	1	1005	945.21	136.37	-88.71	258.21	373.0	11	1000180400	11	1
298	31	8903	2	0	12	0	0	1001	364.05	-2.76	6.25	459.52	394.9	11	1000180400	37	1
298	31	8903	2	1	14	0	1	1003	1081.54	-110.19	-118.54	1000.92	1057.7	13	1000200400	29	0
298	31	12070	1	0	12	0	0	1001	2207.34	-102.53	29.02	301.69	201.2	11	1000180400	10	1
298	31	12307	2	0	14	1	1	1006	856.15	50.92	-11.32	-16.00	173.8	14	1000180400	12	0
298	31	12307	2	1	12	0	2	1091	1977.35	-16.24	-2.62	448.68	1569.7	11	1000180400	23	1
297	58	1179	2	0	12	0	0	1001	2247.08	21.07	-101.34	139.11	1503.2	11	1000180400	9	1
297	58	1179	2	1	14	0	0	1001	379.27	-671.76	144.80	-507.64	1293.9	13	1000120240	11	0
297	58	5522	1	0	12	0	0	1001	477.78	91.87	99.16	353.52	1189.4	11	1000180400	10	1
297	58	10377	2	0	12	0	1	1004	884.32	-184.51	-15.77	76.23	1520.8	11	1000180400	11	1
297	58	10377	2	1	14	1	0	1002	416.30	172.11	-318.40	-491.50	592.0	14	1000080160	22	0
297	58	11099	2	0	14	0	1	1003	864.80	26.47	217.67	-331.40	51.1	13	1000140280	12	0
297	58	11099	2	1	12	0	0	1001	3541.14	36.59	-88.47	359.93	621.5	11	1000180400	9	1
297	58	12226	3	0	12	0	1	1003	2123.69	38.53	-66.84	264.49	825.6	11	1000180400	41	1
297	58	12226	3	1	14	1	0	1002	458.93	-5.18	-515.92	65.07	327.1	14	1000110230	10	0
297	58	12226	3	2	14	1	0	1002	229.32	625.35	-616.53	651.78	1519.9	14	1000080160	14	0
295	65	81	2	0	12	0	1	1000	2177.51	-12.36	-100.93	114.27	138.7	11	1000180400	17	1
295	65	81	2	1	14	0	0	1001	514.33	328.89	-453.76	-435.44	1540.7	13	1000140280	8	0
295	65	363	2	0	12	0	10	1000	2405.38	-190.36	3.79	48.19	80.5	11	1000180400	11	1
295	65	363	2	1	14	0	2	1091	2831.12	-131.13	-500.10	279.69	805.2	13	1000080160	13	0
295	65	728	1	0	12	0	0	1001	731.94	17.54	-186.68	171.56	1090.9	11	1000180400	9	1
295	65	1798	1	0	12	0	1	1004	1341.46	-91.76	-73.46	266.73	1262.8	11	1000180400	13	1
295	65	2307	1	0	12	0	1	1004	1282.82	151.66	-188.65	183.65	520.0	11	1000180400	17	1
295	65	2538	1	0	12	0	0	1001	681.49	3.68	-70.80	88.14	798.6	11	1000180400	9	1
295	65	3681	2	0	12	0	10	1000	828.47	-92.40	8.83	208.77	1126.6	11	1000180400	12	1
295	65	3681	2	1	14	0	10	1000	1470.51	-90.85	49.54	-457.23	272.4	13	1000080160	12	0
295	65	5969	2	0	12	0	2	1091	2973.29	96.43	25.18	88.14	516.9	11	1000180400	16	1
295	65	5969	2	1	14	1	0	1002	380.48	-649.09	-153.36	856.40	278.8	14	1000080160	10	0
295	65	5981	2	0	12	0	10	1000	2412.79	76.08	-115.57	446.58	1512.2	11	1000180400	13	1
295	65	5981	2	1	14	0	0	1001	547.60	57.85	-27.25	377.74	110.1	13	1000180400	10	1
295	65	8475	2	0	14	0	10	1000	390.69	8.39	-2.66	723.11	652.7	13	1000280590	12	0
295	65	8475	2	1	12	0	2	1091	3302.45	-68.85	-114.05	454.95	946.5	11	1000180400	31	1
295	65	8837	1	0	12	0	0	1001	667.28	-60.39	84.24	145.13	973.2	11	1000180400	12	1
295	65	8930	3	0	12	0	0	1001	1276.61	-115.21	-141.21	95.56	1029.0	11	1000180400	9	1
295	65	8930	3	1	14	0	0	1001	627.04	-620.02	-70.05	-464.74	669.7	13	1000130270	12	0
295	65	8930	3	2	14	1	0	1002	432.63	68.98	164.97	-381.18	806.8	14	1000080160	10	0
295	65	9067	1	0	12	0	2	1091	3787.83	79.60	-111.43	301.97	1527.0	11	1000180400	26	1
295	65	10036	1	0	12	0	1	1004	462.87	-35.08	32.46	164.64	1333.8	11	1000180400	16	1
295	65	10796	3	0	14	0	1	1004	1981.04	-255.07	-197.91	423.79	93.0	13	1000180400	13	0
295	65	10796	3	1	-12	0	2	1091	1682.56	31.11	4.86	24.34	1006.6	-11	1000180400	20	1
295	65	10796	3	2	14	1	0	1002	1045.11	650.87	-246.44	-88.79	1247.7	14	1000200400	12	0
291	52	93	1	0	12	0	1	1003	1925.51	-44.04	45.50	275.84	976.5	11	1000180400	11	1
291	52	1290	1	0	12	0	0	1001	998.95	-191.18	-66.46	486.22	529.9	11	1000180400	20	1
291	52	1981	3	0	14	0	0	1001	316.09	-535.62	-170.27	141.83	442.5	13	1000110230	8	0
291	52	1981	3	1	14	0	10	1000	460.36	-474.63	1.84	-338.96	88.1	13	1000200400	17	0
291	52	1981	3	2	12	0	1	1003	1247.09	83.63	162.86	135.20	1012.0	11	1000180400	13	1
291	52	2953	1	0	12	0	1	1004	1399.27	-74.96	51.03	483.65	511.8	11	1000180400	21	1
291	52	5271	1	0	12	0	1	1003	426.00	193.91	69.74	327.11	884.5	11	1000180400	13	1
291	52	5987	3	0	14	0	1	1003	702.17	-626.39	-181.42	797.82	691.9	13	1000200400	16	0
291	52	5987	3	1	14	0	10	1000	696.13	47.60	-627.79	872.41	847.2	13	1000080160	12	0
291	52	5987	3	2	12	0	1	1004	1483.20	99.70	-185.80	387.24	697.9	11	1000180400	14	1
291	52	6321	2	0	12	0	0	1001	505.49	-34.15	-149.91	86.41	1484.3	11	1000180400	27	1
291	52	6321	2	1	14	1	1	1000	3039.70	-1.87	-5.98	-347.65	1032.4	14	1000080160	19	0
291	52	6372	3	0	14	0	0	1001	298.36	164.24	-331.16	-493.45	649.6	13	1000140280	9	0
291	52	6372	3	1	12	0	0	1001	772.34	108.88	-126.29	459.92	607.3	11	1000180400	9	1
291	52	6372	3	2	14	0	0	1001	1296.53	23.72	89.85	111.86	1313.9	13	1000180400	10	1
291	52	7370	2	0	12	0	1	1004	2706.29	19.27	177.73	385.50	944.7	11	1000180400	13	1
291	52	7370	2	1	14	0	0	1001	576.43	-218.19	-513.08	-476.10	1556.4	13	1000080160	18	0
291	52	8141	2	0	14	1	0	1002	564.19	-152.86	-453.20	920.38	562.1	14	1000080160	10	0
291	52	8141	2	1	12	0	0	1001	347.81	-69.08	-184.50	416.30	755.3	11	1000180400	8	1
291	52	9006	1	0	12	0	10	1000	2194.32	-144.82	73.53	66.68	703.8	11	1000180400	11	1
291	52	11557	3	0	14	0	0	1001	507.22	-87.87	-511.34	64.28	686.8	13	1000080160	10	0
291	52	11557	3	1	14	0	0	1001	259.96	374.78	-29.84	232.70	1392.6	13	1000260560	25	0
291	52	11557	3	2	12	0	1	1003	925.88	-169.81	-104.12	254.04	86.9	11	1000180400	17	1
291	52	12313	2	0	12	0	10	1000	2927.80	50.74	82.33	213.97	1431.0	11	1000180400	21	1
291	52	12313	2	1	14	0	0	1001	764.14	629.74	156.96	918.97	1187.3	13	1000080160	9	0
292	49	382	3	0	14	0	0	1001	630.77	86.57	-71.77	-139.91	453.1	13	1000260560	19	0
292	49	382	3	1	12	0	2	1091	2203.60	184.81	104.47	66.90	1466.2	11	1000180400	13	1
292	49	382	3	2	14	0	2	1091	1972.53	-309.36	196.86	-415.24	1409.9	13	1000080160	12	0
292	49	3165	2	0	12	0	1	1003	838.29	-99.34	42.24	344.25	187.1	11	1000180400	11	1
292	49	3165	2	1	14	0	0	1001	475.44	-1.21	-506.58	788.64	711.9	13	1000140280	9	0
292	49	4569	2	0	12	0	0	1001	1796.51	-137.66	-95.87	168.28	995.5	11	1000180400	16	1
292	49	4569	2	1	14	1	0	1002	80.55	194.36	39.76	31.03	1290.5	14	1000180400	10	1
292	49	5314	2	0	14	0	0	1001	439.87	149.03	-489.10	721.78	84.7	13	1000140280	9	0
292	49	5314	2	1	12	0	0	1001	681.61	-83.78	-92.65	179.23	293.4	11	1000180400	9	1
292	49	6739	3	0	14	0	10	1000	1313.25	-2.10	58.38	471.38	850.0	13	1000180400	16	1
292	49	6739	3	1	12	0	1	1003	1206.73	-113.75	97.41	435.47	851.3	11	1000180400	13	1
292	49	6739	3	2	14	0	0	1001	553.88	-156.21	24.90	48.10	896.7	13	1000180400	9	1
292	49	6954	2	0	12	0	10	1000	432.97	75.74	-76.14	391.79	148.6	11	1000180400	22	1
292	49	6954	2	1	14	1	1	1008	3038.42	-446.09	-541.29	1231.92	783.7	14	1000080160	13	0
292	49	8234	2	0	12	0	10	1000	1009.41	-166.33	-188.15	39.88	554.4	11	1000180400	12	1
292	49	8234	2	1	14	0	0	1001	458.39	-353.87	218.61	-508.85	1046.4	13	1000080160	9	0
292	49	9392	1	0	12	0	1	1005	4391.11	-0.60	-163.25	84.67	1238.1	11	1000180400	11	1
292	49	9654	1	0	12	0	1	1003	2511.90	-31.26	44.12	8.89	173.5	11	1000180400	12	1
292	49	12417	3	0	14	0	1	1003	1373.27	-493.33	-132.12	-115.98	187.6	13	1000080160	14	0
292	49	12417	3	1	12	0	0	1001	1706.01	-147.17	152.68	54.92	1518.8	11	1000180400	19	1
292	49	12417	3	2	14	0	0	1001	474.35	553.47	97.61	106.93	270.5	13	1000080160	9	0
300	21	2622	2	0	14	0	0	1001	1099.39	54.79	26.52	718.28	1199.7	13	1000060120	8	0
300	21	2622	2	1	12	0	0	1001	310.73	-185.03	191.60	444.60	586.5	11	1000180400	25	1
300	21	5092	3	0	12	0	0	1001	419.24	102.01	-196.80	94.60	1312.3	11	1000180400	9	1
300	21	5092	3	1	-14	1	0	1002	319.79	-488.45	-541.66	88.24	1446.1	-14	1000130270	9	0
300	21	5092	3	2	14	0	0	1001	549.02	69.81	70.29	591.75	1175.6	13	1000180400	31	0
300	21	5839	3	0	12	0	1	1004	668.45	160.04	-60.43	449.82	624.0	11	1000180400	12	1
300	21	5839	3	1	14	0	2	1091	2001.44	656.74	527.59	-88.01	1007.2	13	1000080160	13	0
300	21	5839	3	2	14	0	1	1004	878.87	-182.42	203.33	774.12	881.2	13	1000060120	12	0
300	21	8042	1	0	12	0	0	1001	738.32	-15.75	89.82	221.51	351.9	11	1000180400	14	1
300	21	9352	4	0	12	0	2	1091	2614.42	40.54	194.89	429.91	340.9	11	1000180400	12	1
300	21	9352	4	1	14	0	0	1001	391.62	-574.47	242.50	992.64	414.2	13	1000200400	8	0
300	21	9352	4	2	14	0	1	1000	3114.15	38.57	-139.29	-518.83	288.0	13	1000140280	14	0
300	21	9352	4	3	14	0	0	1001	254.00	-176.41	-526.16	137.86	159.5	13	1000110230	8	0
300	21	9929	1	0	12	0	10	1000	1848.05	-192.20	-148.04	106.02	611.9	11	1000180400	12	1
300	21	10477	2	0	14	0	1	1005	5005.68	-274.31	298.01	-571.28	248.6	13	1000130270	12	0
300	21	10477	2	1	12	0	0	1001	747.21	-80.40	-162.37	304.97	1357.7	11	1000180400	12	1
300	21	10938	1	0	12	0	1	1003	1825.84	-56.22	76.86	190.40	1354.7	11	1000180400	11	1
296	78	4022	2	0	-12	0	0	1001	665.28	194.94	-200.34	256.87	1051.4	-11	1000180400	8	0
296	78	4022	2	1	14	1	0	1002	1142.99	226.46	-481.60	192.95	408.1	14	1000140280	16	0
296	78	4279	3	0	12	0	1	1000	2149.53	-16.66	-38.69	5.86	1385.9	11	1000180400	13	1
296	78	4279	3	1	14	0	0	1001	330.66	-6.86	28.37	-326.62	1017.9	13	1000140280	8	0
296	78	4279	3	2	14	0	10	1000	769.67	174.99	-459.97	553.92	191.0	13	1000080160	12	0
296	78	7636	2	0	14	0	0	1001	519.74	0.25	2.51	81.19	613.1	13	1000260560	9	1
296	78	7636	2	1	12	0	1	1005	1919.32	126.78	27.65	62.45	534.8	11	1000180400	12	1
296	78	9082	1	0	12	0	10	1000	4178.96	184.62	14.33	173.37	653.1	11	1000180400	28	1
296	78	9268	3	0	-12	0	0	1001	417.42	-33.90	-149.63	108.84	1161.2	-11	1000180400	8	1
296	78	9268	3	1	14	0	0	1001	894.13	-585.66	153.58	893.45	107.8	13	1000200400	9	0
296	78	9268	3	2	14	0	1	1004	1134.53	-3.76	146.85	222.86	977.1	13	1000180400	12	1
296	78	10126	2	0	12	0	1	1003	1183.01	137.33	-83.78	458.13	794.3	11	1000180400	12	1
296	78	10126	2	1	14	0	0	1001	676.14	124.00	40.85	468.69	1232.3	13	1000180400	9	1
296	78	11863	1	0	12	0	0	1001	665.10	82.87	-29.10	469.44	569.0	11	1000180400	9	1
291	19	562	3	0	14	0	0	1001	508.74	-91.13	206.05	185.80	427.8	13	1000180400	9	0
291	19	562	3	1	12	0	2	1091	889.89	124.05	85.75	320.01	546.4	11	1000180400	15	1
291	19	562	3	2	14	0	0	1001	1028.30	115.52	120.90	-419.30	1351.5	13	1000080160	8	0
291	19	1056	1	0	12	0	10	1000	1297.70	-95.76	137.20	500.24	831.7	11	1000180400	48	0
291	19	1655	1	0	12	0	1	1003	602.25	132.94	108.50	265.08	1374.9	11	1000180400	11	1
291	19	3596	2	0	-12	0	1	1000	4614.65	-95.81	-118.63	104.25	1577.6	-11	1000180400	14	1
291	19	3596	2	1	14	0	2	1091	4339.67	179.83	-149.20	114.66	252.2	13	1000180400	13	1
291	19	3726	1	0	12	0	0	1001	1332.41	147.21	186.70	347.97	110.2	11	1000180400	9	1
291	19	4976	1	0	12	0	10	1000	1609.43	144.23	9.85	351.26	979.6	11	1000180400	36	1
291	19	6515	2	0	12	0	0	1001	524.07	161.57	-153.98	27.80	1501.6	11	1000180400	8	1
291	19	6515	2	1	14	1	1	1007	2793.25	-598.56	-181.54	1343.74	1128.6	14	1000140280	16	0
291	19	7520	1	0	12	0	0	1001	764.07	155.81	194.14	415.67	1248.8	11	1000180400	10	1
291	19	7906	3	0	14	0	1	1003	1292.48	-527.49	361.00	248.35	1279.5	13	1000140280	27	0
291	19	7906	3	1	14	0	10	1000	475.46	88.65	-206.91	406.70	262.6	13	1000180400	13	0
291	19	7906	3	2	12	0	0	1001	689.25	-135.17	-134.55	85.13	1329.5	11	1000180400	10	1
291	19	8935	2	0	12	0	0	1001	1653.09	155.68	-197.76	181.61	1409.3	11	1000180400	8	1
291	19	8935	2	1	14	1	1	1008	608.64	239.38	449.00	-350.72	1543.0	14	1000150310	23	0
291	28	440	2	0	12	0	1	1004	679.86	93.16	-175.19	223.09	428.2	11	1000180400	19	1
291	28	440	2	1	14	1	0	1002	944.89	32.39	366.29	-464.40	801.8	14	1000120240	9	0
291	28	1911	1	0	12	0	0	1001	232.94	134.22	-186.07	78.04	308.9	11	1000180400	8	1
291	28	2162	1	0	12	0	2	1091	1829.92	-86.57	-84.75	494.63	852.6	11	1000180400	22	1
291	28	3972	2	0	14	0	0	1001	426.90	-599.60	175.50	858.45	429.3	13	1000120240	18	0
291	28	3972	2	1	12	0	1	1003	2351.83	-37.77	73.47	340.02	263.2	11	1000180400	11	1
291	28	6975	1	0	12	0	1	1003	2481.62	-132.57	151.64	21.13	1237.6	11	1000180400	17	1
291	28	7423	1	0	12	0	0	1001	347.62	-71.10	75.81	427.91	831.8	11	1000180400	10	1
291	28	8682	1	0	12	0	0	1001	1074.95	164.36	-23.50	413.69	1455.2	11	1000180400	10	1
291	28	8877	3	0	12	0	0	1001	671.57	-66.28	-131.36	100.09	1237.2	11	1000180400	16	1
291	28	8877	3	1	14	1	1	1000	2048.14	67.24	-114.80	486.55	569.9	14	1000180400	27	1
291	28	8877	3	2	14	0	0	1001	406.53	299.20	-203.66	-337.75	522.3	13	1000080160	8	0
291	28	11603	1	0	12	0	0	1001	1400.71	154.06	-26.10	283.17	1073.0	11	1000180400	9	1
291	28	12135	3	0	14	0	10	1000	785.64	-123.83	-149.50	759.40	1202.6	13	1000260560	13	0
291	28	12135	3	1	14	0	0	1001	696.10	-36.38	113.23	975.18	676.7	13	1000080160	9	0
291	28	12135	3	2	12	0	10	1000	849.46	121.73	180.01	17.73	288.7	11	1000180400	12	1
296	68	1078	1	0	12	0	1	1003	2254.62	106.18	74.10	444.74	1420.0	11	1000180400	12	1
296	68	3511	3	0	12	0	1	1003	1373.77	161.51	-180.07	56.52	1254.4	11	1000180400	16	1
296	68	3511	3	1	14	0	10	1000	557.29	-196.63	164.72	-423.88	953.9	13	1000200400	11	0
296	68	3511	3	2	14	0	1	1003	1014.70	-143.77	232.10	981.12	718.0	13	1000080160	13	0
296	68	7106	2	0	12	0	2	1091	2235.82	176.15	76.98	282.77	825.8	11	1000180400	21	1
296	68	7106	2	1	14	0	1	1004	573.01	22.25	33.04	265.07	675.2	13	1000180400	14	1
296	68	8037	2	0	12	0	0	1001	664.20	-132.45	184.43	238.52	520.5	11	1000180400	14	1
296	68	8037	2	1	14	0	0	1001	302.88	-532.40	371.72	-1.91	800.0	13	1000140280	8	0
296	68	9391	4	0	14	0	1	1003	924.58	592.70	-529.59	831.75	979.4	13	1000130270	11	0
296	68	9391	4	1	14	0	1	1003	831.35	-615.45	-256.26	-123.88	1362.2	13	1000140280	12	0
296	68	9391	4	2	12	0	0	1001	888.14	69.46	-43.90	171.80	746.0	11	1000180400	10	1
296	68	9391	4	3	14	0	0	1001	500.88	-509.65	-20.03	626.01	631.8	13	1000080160	9	0
296	68	10769	1	0	12	0	2	1091	2613.45	171.40	-182.03	158.10	161.6	11	1000180400	15	1
291	90	687	1	0	12	0	0	1001	1390.99	-77.67	193.27	118.07	405.7	11	1000180400	9	1
291	90	2904	1	0	12	0	0	1001	5227.83	-49.74	128.31	430.78	1096.1	11	1000180400	10	1
291	90	3899	2	0	14	0	1	1003	1082.04	-108.44	-228.83	-297.06	314.2	13	1000080160	18	0
291	90	3899	2	1	12	0	1	1004	2210.29	56.07	-159.02	356.99	1020.3	11	1000180400	18	1
291	90	5486	2	0	14	0	0	1001	707.27	-86.12	-163.73	955.07	943.5	13	1000080160	8	0
291	90	5486	2	1	12	0	0	1001	423.42	19.93	96.47	364.49	697.8	11	1000180400	9	1
291	90	5915	1	0	12	0	2	1091	2445.91	-142.63	140.63	265.93	1054.9	11	1000180400	15	1
291	90	8299	1	0	12	0	1	1005	2406.16	30.26	154.50	301.83	729.5	11	1000180400	12	1
291	90	8570	2	0	14	0	1	1003	1461.89	319.25	-469.25	591.83	231.7	13	1000140280	13	0
291	90	8570	2	1	12	0	0	1001	645.70	142.28	183.64	221.34	1164.6	11	1000180400	9	1
291	90	11280	3	0	12	0	0	1001	998.21	-44.54	-90.43	135.45	158.5	11	1000180400	8	1
291	90	11280	3	1	14	1	0	1002	456.12	-625.27	-400.32	311.76	335.1	14	1000140280	12	0
291	90	11280	3	2	14	0	0	1001	596.88	160.57	-96.45	-325.90	1205.6	13	1000080160	9	0
291	90	12130	2	0	14	1	0	1002	666.57	-178.62	-345.25	-298.63	240.3	14	1000140280	9	0
291	90	12130	2	1	12	0	0	1001	790.42	84.11	-164.69	322.65	1566.6	11	1000180400	9	1
300	77	1475	1	0	12	0	10	1000	706.00	163.42	160.23	208.91	937.3	11	1000180400	24	1
300	77	1918	1	0	12	0	0	1001	2497.06	-158.43	-161.24	375.66	1396.5	11	1000180400	9	1
300	77	3846	2	0	12	0	1	1000	2454.19	-8.88	51.09	443.89	1154.5	11	1000180400	15	1
300	77	3846	2	1	14	0	10	1000	987.99	181.56	-235.36	364.77	640.1	13	1000180400	12	0
300	77	4179	1	0	12	0	0	1001	325.17	200.46	-182.47	71.21	726.7	11	1000180400	15	0
300	77	6976	3	0	12	0	10	1000	961.35	-180.78	-104.97	190.73	144.0	11	1000180400	11	1
300	77	6976	3	1	14	0	2	1091	3881.42	273.54	-84.88	-440.10	688.7	13	1000080160	16	0
300	77	6976	3	2	14	0	0	1001	491.08	-549.78	572.26	404.50	452.9	13	1000150310	9	0
300	77	7751	2	0	12	0	0	1001	846.38	10.26	-159.55	71.66	216.5	11	1000180400	9	1
300	77	7751	2	1	14	0	1	1005	745.63	82.57	-201.84	952.99	149.5	13	1000140280	11	0
300	77	7994	2	0	14	0	2	1091	3880.63	-91.88	-152.82	1609.25	1420.2	13	1000080160	15	0
300	77	7994	2	1	12	0	1	1003	646.99	-71.33	-20.29	311.64	1451.6	11	1000180400	11	1
300	40	4304	1	0	12	0	0	1001	462.19	142.85	140.34	201.69	139.6	11	1000180400	9	1
300	40	6500	2	0	14	0	1	1003	712.99	441.85	-708.27	405.24	962.8	13	1000140280	12	0
300	40	6500	2	1	12	0	0	1001	937.54	-54.15	148.43	437.30	131.0	11	1000180400	15	1
300	40	8313	1	0	12	0	1	1000	1473.65	39.32	123.01	114.03	972.6	11	1000180400	22	1
300	40	11275	1	0	12	0	0	1001	1321.22	68.12	-83.08	493.44	1157.1	11	1000180400	9	1
300	40	11512	2	0	14	0	1	1003	810.68	266.88	182.46	-463.72	1030.2	13	1000140280	15	0
300	40	11512	2	1	12	0	1	1004	1654.27	26.06	-193.70	244.20	902.2	11	1000180400	14	1
300	40	11719	2	0	12	0	1	1004	1893.66	148.47	72.53	280.34	731.7	11	1000180400	12	1
300	40	11719	2	1	14	0	0	1001	473.27	-441.11	-572.39	639.24	348.8	13	1000080160	9	0
293	54	114	2	0	12	0	1	1003	1125.20	-116.99	-70.78	208.81	1316.7	11	1000180400	11	1
293	54	114	2	1	14	0	1	1003	771.15	-13.79	-15.66	213.57	485.2	13	1000180400	12	1
293	54	863	1	0	12	0	0	1001	1030.43	-35.27	-171.61	234.98	864.1	11	1000180400	46	1
293	54	2140	3	0	14	0	2	1091	4949.66	-225.71	569.79	-1267.83	131.0	13	1000080160	21	0
293	54	2140	3	1	14	0	0	1001	468.83	13.36	177.45	45.01	914.8	13	1000180400	10	1
293	54	2140	3	2	12	0	0	1001	1465.62	88.15	-39.24	139.82	1295.1	11	1000180400	10	1
293	54	4187	2	0	14	0	1	1004	800.41	83.34	-316.07	-332.11	104.4	13	1000200400	12	0
293	54	4187	2	1	12	0	0	1001	977.93	-201.32	180.55	301.15	1451.6	11	1000180400	9	0
293	54	5074	2	0	14	0	2	1091	4405.86	-135.21	-455.52	394.23	1455.2	13	1000080160	27	0
293	54	5074	2	1	12	0	0	1001	2187.07	126.56	130.51	214.75	69.7	11	1000180400	18	1
293	54	5671	3	0	12	0	0	1001	832.38	120.37	-187.51	29.29	1273.4	11	1000180400	26	1
293	54	5671	3	1	14	0	1	1003	1489.11	631.93	-458.49	643.59	913.2	13	1000080160	11	0
293	54	5671	3	2	14	1	0	1002	463.36	709.40	315.22	636.42	82.3	14	1000200400	9	0
293	54	6869	1	0	12	0	2	1091	2815.43	-48.28	-107.00	252.89	203.8	11	1000180400	16	1
293	54	7766	1	0	12	0	10	1000	1124.33	146.70	104.99	359.13	1359.3	11	1000180400	22	1
293	54	9869	3	0	12	0	0	1001	971.41	-115.67	4.40	157.27	669.7	11	1000180400	13	1
293	54	9869	3	1	14	1	1	1007	764.93	552.69	40.78	-175.34	1474.1	14	1000080160	12	0
293	54	9869	3	2	14	0	0	1001	418.82	530.59	153.70	267.48	1204.8	13	1000080160	9	0
293	54	10628	2	0	12	0	1	1000	2890.32	-109.86	10.16	167.06	500.8	11	1000180400	17	1
293	54	10628	2	1	14	0	1	1005	2874.86	-659.51	480.47	967.73	338.8	13	1000140280	11	0
295	76	1107	2	0	12	0	10	1000	716.31	73.36	32.41	11.79	1026.0	11	1000180400	12	1
295	76	1107	2	1	14	0	1	1003	649.21	-172.21	-75.95	538.11	1456.4	13	1000180400	12	0
295	76	3364	1	0	12	0	0	1001	1467.03	-69.41	-179.81	433.35	907.6	11	1000180400	8	1
295	76	5591	1	0	12	0	2	1091	2895.17	-201.58	141.41	214.19	1242.5	11	1000180400	14	0
295	76	5728	3	0	12	0	1	1005	1972.05	52.12	133.36	104.53	61.9	11	1000180400	11	1
295	76	5728	3	1	14	1	0	1002	1761.79	-112.12	26.13	-318.19	881.6	14	1000140280	15	0
295	76	5728	3	2	14	0	0	1001	1472.11	-250.40	24.01	107.49	822.9	13	1000180400	18	0
295	76	6093	1	0	12	0	1	1005	1960.35	150.92	4.85	366.52	773.5	11	1000180400	39	1
295	76	7817	1	0	12	0	1	1004	734.41	105.69	101.82	458.28	433.9	11	1000180400	12	1
295	76	9610	1	0	12	0	1	1004	1224.72	-21.23	161.31	150.68	1315.3	11	1000180400	13	1
295	76	9892	2	0	12	0	1	1005	1797.16	96.62	-25.04	99.93	556.1	11	1000180400	11	1
295	76	9892	2	1	14	0	1	1003	602.32	528.96	466.81	769.19	1354.7	13	1000140280	11	0
295	76	10307	3	0	14	0	10	1000	669.09	-155.95	-34.97	-292.48	1127.1	13	1000140280	12	0
295	76	10307	3	1	14	0	0	1001	311.60	58.82	430.23	-306.56	618.1	13	1000260560	9	0
295	76	10307	3	2	12	0	2	1091	603.86	-20.53	73.06	295.26	1435.1	11	1000180400	16	1
295	86	279	3	0	14	0	10	1000	1249.68	127.89	-395.93	-428.71	726.9	13	1000080160	19	0
295	86	279	3	1	12	0	0	1001	808.16	-4.84	-127.66	45.42	1256.0	11	1000180400	20	1
295	86	279	3	2	14	0	1	1003	1054.53	512.81	-277.77	-389.05	518.6	13	1000200400	11	0
295	86	610	3	0	14	0	1	1003	773.81	80.90	-462.46	58.17	479.1	13	1000140280	12	0
295	86	610	3	1	14	1	0	1002	1026.11	4.04	200.84	207.76	388.0	14	1000180400	10	0
295	86	610	3	2	12	0	1	1003	1253.79	-149.55	177.84	156.14	1163.9	11	1000180400	12	1
295	86	2236	1	0	12	0	0	1001	1223.54	-160.55	185.30	37.82	118.1	11	1000180400	21	1
295	86	3016	2	0	12	0	0	1001	2043.33	146.51	128.44	120.36	594.0	11	1000180400	8	1
295	86	3016	2	1	14	0	10	1000	1688.96	-38.88	-182.40	225.73	142.2	13	1000180400	12	1
295	86	3092	1	0	12	0	2	1091	2840.48	170.86	6.90	497.25	361.6	11	1000180400	19	1
295	86	6689	2	0	12	0	1	1003	514.63	-171.59	-30.81	13.60	609.6	11	1000180400	18	1
295	86	6689	2	1	14	1	2	1092	1422.36	1.57	-232.00	536.37	798.6	14	1000180400	12	0
295	86	7299	2	0	12	0	0	1001	841.25	87.39	-177.31	442.33	965.2	11	1000180400	9	1
295	86	7299	2	1	14	1	1	1009	1167.88	-46.56	-159.83	250.23	1565.9	14	1000180400	27	1
295	86	9681	2	0	12	0	0	1001	482.77	5.60	52.61	258.31	638.8	11	1000180400	9	1
295	86	9681	2	1	12	1	0	1002	1251.65	568.78	-47.09	549.00	1060.1	12	1000140280	33	0
295	86	12381	2	0	14	0	1	1003	1383.97	-175.15	58.19	306.99	1223.4	13	1000180400	11	1
295	86	12381	2	1	12	0	2	1091	2675.71	23.59	101.37	420.84	153.1	11	1000180400	27	1
294	78	2753	2	0	12	0	0	1001	472.46	-42.85	57.04	130.01	1049.3	11	1000180400	10	1
294	78	2753	2	1	14	1	0	1002	1274.42	95.37	19.69	986.97	792.1	14	1000080160	10	0
294	78	4462	1	0	12	0	0	1001	833.88	128.85	-93.17	75.61	363.2	11	1000180400	9	1
294	78	4611	1	0	12	0	10	1000	1710.78	-98.00	22.75	401.14	206.1	11	1000180400	12	1
294	78	5400	2	0	14	0	0	1001	589.49	-185.20	194.32	48.52	554.9	13	1000180400	9	1
294	78	5400	2	1	12	0	0	1001	1129.96	38.51	-87.63	483.07	722.2	11	1000180400	10	1
294	78	5540	1	0	12	0	1	1003	719.35	46.38	77.90	449.48	397.0	11	1000180400	12	1
294	78	7132	2	0	14	0	0	1001	587.58	-374.81	-540.12	685.82	274.0	13	1000080160	10	0
294	78	7132	2	1	12	0	0	1001	1080.36	-123.25	40.46	133.02	233.8	11	1000180400	22	1
294	78	8223	3	0	14	1	0	1002	377.38	559.46	514.81	522.16	305.7	14	1000130270	9	0
294	78	8223	3	1	12	0	0	1001	678.23	-5.17	-19.74	133.74	1523.2	11	1000180400	8	1
294	78	8223	3	2	14	0	0	1001	828.79	189.24	111.45	757.97	1296.6	13	1000260560	9	0
294	78	10068	2	0	12	0	2	1091	2064.49	162.22	181.38	13.12	513.4	11	1000180400	13	1
294	78	10068	2	1	14	1	1	1007	1048.60	-333.22	-128.79	-395.28	1446.5	14	1000200400	12	0
294	78	10582	2	0	12	0	0	1001	445.40	107.75	165.15	9.70	420.5	11	1000180400	10	1
294	78	10582	2	1	14	1	2	1092	4542.97	-16.92	-154.57	-548.20	420.2	14	1000080160	15	0
293	77	262	4	0	14	0	0	1001	1332.91	243.19	135.82	436.85	943.1	13	1000180400	10	0
293	77	262	4	1	14	0	0	1001	390.33	-546.77	186.67	-449.28	611.6	13	1000140280	21	0
293	77	262	4	2	12	0	1	1003	927.87	-182.61	-21.61	205.38	806.3	11	1000180400	22	1
293	77	262	4	3	14	0	0	1001	534.12	459.69	-651.29	606.00	1253.8	13	1000110230	8	0
293	77	1298	1	0	12	0	0	1001	1502.59	124.88	-203.49	122.59	706.7	11	1000180400	10	0
293	77	4066	2	0	14	0	0	1001	548.40	83.25	-120.45	340.62	1208.1	13	1000180400	10	1
293	77	4066	2	1	12	0	1	1003	1664.11	34.20	154.25	366.90	1549.8	11	1000180400	12	1
293	77	8034	2	0	12	0	1	1004	1095.23	-50.93	53.08	394.50	335.6	11	1000180400	13	1
293	77	8034	2	1	14	0	10	1000	1371.03	497.47	-686.13	595.80	571.5	13	1000080160	12	0
293	77	10416	2	0	14	0	0	1001	1862.59	568.83	310.22	22.97	213.5	13	1000140280	23	0
293	77	10416	2	1	12	0	0	1001	478.66	34.62	98.93	119.81	1049.9	11	1000180400	9	1
295	18	6314	1	0	12	0	0	1001	1630.34	27.23	-173.53	83.28	478.3	11	1000180400	9	1
295	18	7461	6	0	14	0	0	1001	858.29	-154.61	-121.81	-284.67	50.8	13	1000200400	11	0
295	18	7461	6	1	14	1	10	1000	294.75	-463.59	-261.36	-287.20	278.9	14	1000080160	12	0
295	18	7461	6	2	14	1	10	1000	1568.38	469.44	-39.87	-464.97	287.8	14	1000140280	13	0
295	18	7461	6	3	14	0	0	1001	529.06	560.25	365.04	-274.21	1548.0	13	1000200400	8	0
295	18	7461	6	4	12	0	0	1001	3278.84	-82.00	175.97	400.00	1265.6	11	1000180400	9	1
295	18	7461	6	5	14	0	0	1001	377.09	-381.82	-460.85	-155.28	1397.2	13	1000080160	9	0
295	18	7595	4	0	12	0	0	1001	827.63	-160.21	94.85	97.56	573.8	11	1000180400	10	1
295	18	7595	4	1	14	0	0	1001	438.88	183.82	-52.53	616.85	1028.3	13	1000180400	22	0
295	18	7595	4	2	14	1	2	1092	2208.26	434.74	57.42	-606.41	645.1	14	1000080160	24	0
295	18	7595	4	3	14	0	0	1001	569.24	-49.83	-443.33	-129.92	641.9	13	1000140280	18	0
295	18	11633	2	0	14	0	0	1001	511.86	-696.28	268.90	643.89	178.0	13	1000080160	8	0
295	18	11633	2	1	12	0	10	1000	990.79	-177.48	-65.80	84.38	782.0	11	1000180400	11	1
293	39	199	2	0	12	0	0	1001	288.42	144.40	70.32	85.93	612.9	11	1000180400	8	1
293	39	199	2	1	14	0	1	1005	3685.52	-275.40	-182.50	-762.82	224.1	13	1000200400	16	0
293	39	2881	2	0	12	0	1	1004	1311.06	-192.39	-159.62	314.71	506.9	11	1000180400	20	1
293	39	2881	2	1	14	0	0	1001	1008.85	74.25	-431.74	497.48	379.0	13	1000130270	8	0
293	39	3515	2	0	12	0	0	1001	826.32	-104.21	-2.02	397.92	1247.8	11	1000180400	20	1
293	39	3515	2	1	14	1	0	1002	1030.35	631.88	-149.75	684.37	742.1	14	1000080160	10	0
293	39	3719	2	0	14	1	1	1008	478.89	70.37	-401.35	-335.44	1429.0	14	1000080160	13	0
293	39	3719	2	1	12	0	0	1001	672.70	173.72	-118.49	347.01	225.3	11	1000180400	9	1
293	39	3755	2	0	12	0	10	1000	730.90	30.16	189.58	319.27	771.8	11	1000180400	11	1
293	39	3755	2	1	14	1	0	1002	393.18	-302.56	-394.49	-335.87	883.5	14	1000080160	10	0
293	39	5336	3	0	12	0	0	1001	1520.40	-60.18	-40.61	294.45	883.7	11	1000180400	10	1
293	39	5336	3	1	14	0	3	1097	1139.36	-369.76	-461.61	204.37	920.5	13	1000080160	5	0
293	39	5336	3	2	14	0	10	1000	1236.39	694.77	497.50	267.69	788.9	13	1000080160	17	0
293	39	10317	1	0	12	0	0	1001	543.32	-151.63	-107.93	109.84	745.9	11	1000180400	9	1
293	39	12153	2	0	12	0	1	1004	1959.30	-54.33	-104.09	191.41	426.4	11	1000180400	14	1
293	39	12153	2	1	-14	1	0	1002	378.63	-696.49	-18.33	-16.41	1045.0	-14	1000200400	9	0
294	51	199	1	0	12	0	1	1003	796.09	40.02	-199.30	230.48	294.7	11	1000180400	14	1
294	51	2140	2	0	12	0	0	1001	1057.65	93.80	-158.21	75.11	290.2	11	1000180400	9	1
294	51	2140	2	1	14	0	1	1004	1472.20	-155.34	447.09	-285.38	978.0	13	1000140280	11	0
294	51	7886	1	0	12	0	1	1004	2323.91	-149.55	-159.31	73.97	497.5	11	1000180400	21	1
294	51	8099	3	0	12	0	10	1000	2361.45	-28.51	161.50	485.35	285.0	11	1000180400	11	1
294	51	8099	3	1	14	0	1	1004	2243.22	152.86	-654.76	-147.87	188.1	13	1000130270	12	0
294	51	8099	3	2	14	0	0	1001	1009.15	399.84	-414.30	-206.22	1171.5	13	1000200400	11	0
294	51	10373	2	0	14	0	0	1001	421.68	257.15	497.62	-443.04	1050.3	13	1000080160	8	0
294	51	10373	2	1	12	0	0	1001	493.09	-77.44	-40.05	268.65	924.3	11	1000180400	10	1
294	51	10967	1	0	12	0	1	1003	1456.57	16.18	-200.87	117.95	802.9	11	1000180400	13	0
294	51	11333	1	0	12	0	1	1000	3516.29	-79.96	-157.62	220.62	1335.3	11	1000180400	14	1
294	90	211	4	0	14	0	0	1001	266.04	439.43	-228.50	-361.14	86.9	13	1000130270	8	0
294	90	211	4	1	14	1	0	1002	2453.44	299.86	180.95	-703.03	1474.5	14	1000200400	18	0
294	90	211	4	2	14	0	0	1001	399.57	514.97	399.45	179.03	200.0	13	1000140280	8	0
294	90	211	4	3	12	0	0	1001	634.11	172.30	-45.07	252.28	370.5	11	1000180400	17	1
294	90	1209	1	0	12	0	2	1091	2679.87	41.07	-158.23	154.23	1199.8	11	1000180400	26	1
294	90	1253	3	0	14	0	0	1001	868.19	-62.06	-183.44	-379.45	672.8	13	1000120240	14	0
294	90	1253	3	1	12	0	1	1003	891.97	-119.24	100.87	94.76	403.2	11	1000180400	18	1
294	90	1253	3	2	14	0	0	1001	431.28	-47.05	-558.29	-10.65	551.7	13	1000110230	8	0
294	90	1986	3	0	12	0	1	1003	2218.16	-195.97	-198.27	366.53	793.8	11	1000180400	18	1
294	90	1986	3	1	14	0	0	1001	389.96	522.69	-172.74	141.94	803.3	13	1000080160	20	0
294	90	1986	3	2	14	0	10	1000	1138.27	-477.04	-383.64	-280.96	70.7	13	1000140280	12	0
294	90	3868	1	0	12	0	1	1005	1137.29	78.59	64.27	364.94	1132.1	11	1000180400	18	1
294	90	4596	1	0	12	0	0	1001	207.52	52.58	-20.99	90.64	1066.0	11	1000180400	9	1
294	90	6557	2	0	14	0	1	1003	714.49	-376.23	-154.67	952.50	206.1	13	1000080160	11	0
294	90	6557	2	1	12	0	0	1001	1369.52	37.71	30.92	262.72	958.5	11	1000180400	9	1
294	90	7140	1	0	12	0	0	1001	781.31	196.39	-146.48	76.59	724.2	11	1000180400	10	1
294	90	7515	1	0	12	0	10	1000	470.34	201.80	-30.89	42.52	1064.8	11	1000180400	13	0
294	90	9075	2	0	12	0	1	1000	1651.68	-66.52	-200.55	18.81	647.0	11	1000180400	17	0
294	90	9075	2	1	14	1	0	1002	2187.53	-3.72	353.03	359.27	1415.0	14	1000260560	23	0
294	90	9355	1	0	12	0	0	1001	615.87	-198.25	-179.56	101.91	1408.5	11	1000180400	9	1
295	82	1317	3	0	12	0	2	1091	2511.57	183.92	24.28	169.72	858.5	11	1000180400	14	1
295	82	1317	3	1	14	0	1	1003	4279.59	43.88	191.26	516.80	1229.8	13	1000180400	11	0
295	82	1317	3	2	14	0	0	1001	250.66	-522.01	483.48	82.00	553.5	13	1000080160	9	0
295	82	2415	2	0	14	1	0	1002	781.77	-168.28	110.92	-44.58	1212.6	14	1000180400	10	0
295	82	2415	2	1	12	0	1	1005	1403.63	-105.91	181.83	446.62	736.7	11	1000180400	13	1
295	82	3511	1	0	12	0	2	1091	2746.23	81.31	-165.21	391.03	168.0	11	1000180400	15	1
295	82	4230	1	0	12	0	1	1005	1336.34	26.92	159.66	8.22	1499.0	11	1000180400	13	1
295	82	6771	1	0	12	0	0	1001	2318.26	-61.71	176.77	109.08	1088.1	11	1000180400	9	1
295	82	6784	2	0	12	0	10	1000	1908.54	-57.76	-21.48	127.05	1066.4	11	1000180400	13	1
295	82	6784	2	1	14	0	0	1001	608.99	163.28	133.90	84.92	1236.3	13	1000180400	8	1
295	82	8758	3	0	14	0	10	1000	1024.68	-36.23	12.82	-288.56	731.5	13	1000080160	11	0
295	82	8758	3	1	12	0	10	1000	1157.20	150.00	-25.20	334.10	373.8	11	1000180400	12	1
295	82	8758	3	2	14	1	0	1002	351.59	-507.10	-153.22	-177.85	54.6	14	1000080160	11	0
295	82	9820	2	0	12	0	10	1000	1020.21	10.46	-147.48	215.08	371.8	11	1000180400	19	1
295	82	9820	2	1	14	0	0	1001	697.71	-63.92	-323.65	-442.84	632.0	13	1000200400	8	0
295	82	10554	1	0	12	0	1	1003	912.73	75.86	-176.10	390.65	1075.2	11	1000180400	13	1
299	93	2052	3	0	14	1	0	1002	562.22	-359.51	171.18	954.82	319.8	14	1000080160	18	0
299	93	2052	3	1	14	0	1	1004	625.06	67.87	-297.75	-304.67	465.2	13	1000080160	13	0
299	93	2052	3	2	12	0	2	1091	3687.06	-87.48	166.76	159.33	309.2	11	1000180400	17	1
299	93	2116	1	0	12	0	1	1005	2747.48	-58.04	68.20	348.52	167.0	11	1000180400	12	1
299	93	3731	1	0	12	0	10	1000	1736.91	-19.85	120.10	260.83	198.3	11	1000180400	37	1
299	93	5386	1	0	12	0	0	1001	1219.57	185.30	-136.73	162.91	860.8	11	1000180400	10	1
299	93	10371	2	0	14	0	0	1001	2211.27	-287.06	-64.87	-612.90	1156.0	13	1000200400	9	0
299	93	10371	2	1	12	0	1	1000	2760.96	161.05	124.23	227.13	1052.3	11	1000180400	13	1
299	93	11114	3	0	14	0	1	1003	585.02	114.34	-272.05	-281.74	522.6	13	1000080160	12	0
299	93	11114	3	1	12	0	0	1001	1574.70	86.51	-13.98	276.08	183.3	11	1000180400	9	1
299	93	11114	3	2	14	0	0	1001	395.74	-88.81	14.51	-139.80	1098.3	13	1000260560	8	0
299	93	12304	2	0	12	0	0	1001	812.52	163.40	80.16	296.92	1490.5	11	1000180400	10	1
299	93	12304	2	1	14	1	0	1002	288.43	-651.59	95.25	-375.08	1410.9	14	1000200400	10	0
297	76	1089	3	0	14	0	0	1001	690.29	308.91	190.19	33.63	532.6	13	1000060120	9	0
297	76	1089	3	1	12	0	0	1001	2802.21	59.65	36.42	159.86	1315.2	11	1000180400	9	1
297	76	1089	3	2	14	0	0	1001	476.35	-286.31	-308.19	-365.53	1013.3	13	1000140280	9	0
297	76	3474	1	0	12	0	1	1003	1007.98	134.71	35.34	22.11	645.6	11	1000180400	11	1
297	76	7029	1	0	12	0	0	1001	2568.85	-161.86	-126.73	347.97	300.0	11	1000180400	9	1
297	76	8730	2	0	12	0	0	1001	671.39	66.06	68.82	374.63	1057.8	11	1000180400	16	1
297	76	8730	2	1	14	0	0	1001	515.54	379.01	-555.45	948.84	1076.2	13	1000080160	13	0
297	76	12019	1	0	12	0	1	1005	3417.99	114.52	-202.99	118.10	1354.1	11	1000180400	13	0
300	94	2844	2	0	14	0	0	1001	594.05	-204.84	-192.32	-364.45	1354.2	13	1000080160	8	0
300	94	2844	2	1	12	0	1	1003	1486.23	-4.13	33.96	180.33	181.7	11	1000180400	13	1
300	94	6136	1	0	12	0	0	1001	618.04	-103.84	5.07	386.67	583.5	11	1000180400	10	1
300	94	7447	1	0	12	0	1	1005	1333.11	53.76	-84.73	91.75	160.8	11	1000180400	13	1
300	94	7702	1	0	12	0	10	1000	1556.87	13.10	-97.66	392.49	170.0	11	1000180400	12	1
300	94	8495	2	0	12	0	2	1091	2716.51	-36.49	49.41	270.47	389.7	11	1000180400	11	1
300	94	8495	2	1	14	0	1	1003	1795.93	-41.95	-484.46	-314.37	504.8	13	1000080160	12	0
300	94	10695	2	0	12	0	1	1003	1454.75	-134.66	56.20	143.16	939.4	11	1000180400	22	1
300	94	10695	2	1	14	0	2	1091	3650.13	-30.63	-571.92	348.11	1059.8	13	1000140280	13	0
300	94	11308	1	0	12	0	1	1003	2663.39	-192.78	-77.32	395.72	1039.5	11	1000180400	18	1
300	91	521	1	0	12	0	1	1005	2135.86	18.19	-126.86	206.82	1164.8	11	1000180400	13	1
300	91	652	2	0	-12	0	0	1001	1798.57	-135.48	-4.91	225.02	750.4	-11	1000180400	12	1
300	91	652	2	1	14	0	0	1001	508.77	483.56	217.14	-67.54	438.7	13	1000080160	9	0
300	91	1128	1	0	12	0	1	1003	2223.64	-96.57	-197.35	284.49	392.8	11	1000180400	12	1
300	91	2010	1	0	12	0	2	1091	2177.93	104.10	-67.89	155.09	1050.4	11	1000180400	14	1
300	91	2251	1	0	12	0	0	1001	814.40	64.81	-185.83	459.21	1039.3	11	1000180400	10	1
300	91	2428	4	0	14	0	0	1001	387.54	-436.85	-348.24	-507.25	157.0	13	1000080160	8	0
300	91	2428	4	1	14	1	0	1002	284.86	-658.63	435.77	100.92	160.2	14	1000140280	15	0
300	91	2428	4	2	12	0	1	1003	642.71	30.37	21.88	105.08	1539.7	11	1000180400	13	1
300	91	2428	4	3	14	1	0	1002	2086.69	165.20	-111.20	-507.90	98.3	14	1000130270	9	0
300	91	2932	1	0	12	0	1	1003	1596.88	-177.78	32.55	104.69	1578.0	11	1000180400	13	1
300	91	3686	3	0	-14	0	0	1001	1329.84	591.89	-234.99	-19.25	1420.8	-13	1000080160	9	0
300	91	3686	3	1	14	1	0	1002	497.83	-239.61	-367.02	-495.92	121.0	14	1000160320	9	0
300	91	3686	3	2	-12	0	1	1000	2419.65	-187.48	77.22	478.14	1514.2	-11	1000180400	18	1
300	91	5470	1	0	12	0	0	1001	1090.48	-92.68	9.58	103.77	782.1	11	1000180400	9	1
300	91	7319	2	0	14	1	1	1007	945.08	542.08	-87.11	-281.60	201.5	14	1000200400	11	0
300	91	7319	2	1	12	0	0	1001	495.32	195.61	-11.13	451.50	1116.7	11	1000180400	10	1
300	91	7483	3	0	14	0	0	1001	431.46	66.08	-435.25	564.16	381.5	13	1000080160	10	0
300	91	7483	3	1	14	0	0	1001	413.31	-94.58	478.71	-400.47	1391.2	13	1000130270	11	0
300	91	7483	3	2	12	0	0	1001	1273.31	84.34	131.86	342.98	676.6	11	1000180400	8	1
300	91	9610	2	0	12	0	10	1000	2374.69	118.85	-187.88	440.15	1286.2	11	1000180400	18	1
300	91	9610	2	1	14	0	1	1003	543.59	-83.04	-405.68	-412.07	45.6	13	1000080160	11	0
300	91	11037	1	0	12	0	1	1003	657.92	183.56	-60.69	71.78	365.8	11	1000180400	13	1
296	62	3105	3	0	14	0	0	1001	942.01	118.95	67.23	-289.98	846.6	13	1000140280	8	0
296	62	3105	3	1	12	0	1	1004	1853.68	-103.57	-105.62	193.51	256.7	11	1000180400	11	1
296	62	3105	3	2	14	0	10	1000	1401.03	-241.81	-4.49	400.58	1228.9	13	1000180400	18	0
296	62	4020	2	0	12	0	1	1003	770.84	-197.93	74.82	195.85	1467.7	11	1000180400	17	1
296	62	4020	2	1	14	0	0	1001	496.66	334.72	264.53	-485.69	1365.2	13	1000130270	8	0
296	62	4768	1	0	12	0	0	1001	578.72	0.77	-141.97	33.49	951.1	11	1000180400	8	1
296	62	5339	3	0	12	0	0	1001	803.09	-76.49	-154.62	274.36	882.2	11	1000180400	9	1
296	62	5339	3	1	12	1	1	1008	861.72	390.70	-403.09	-100.67	112.9	12	1000080160	16	0
296	62	5339	3	2	-14	0	2	1091	1285.90	-662.79	123.10	529.75	930.6	-13	1000140280	15	0
296	62	6054	3	0	14	1	1	1007	1000.78	27.62	150.11	312.49	1584.8	14	1000180400	13	1
296	62	6054	3	1	14	0	0	1001	498.45	9.04	93.55	4.47	1404.1	13	1000180400	10	1
296	62	6054	3	2	12	0	0	1001	1507.21	16.10	192.19	341.77	204.7	11	1000180400	25	1
296	62	6654	2	0	14	0	0	1001	525.55	211.27	45.15	519.69	1537.5	13	1000180400	10	0
296	62	6654	2	1	12	0	10	1000	567.42	61.47	-168.69	441.65	736.7	11	1000180400	11	1
296	62	9277	2	0	14	0	2	1091	1975.01	-224.94	130.21	137.05	347.8	13	1000180400	13	0
296	62	9277	2	1	12	0	0	1001	423.20	-181.38	78.55	411.03	679.2	11	1000180400	9	1
296	62	10365	1	0	12	0	0	1001	764.28	63.92	14.48	127.80	898.7	11	1000180400	9	1
296	62	11923	1	0	12	0	1	1000	1337.06	-33.89	34.49	82.09	745.0	11	1000180400	28	1
299	12	841	1	0	12	0	0	1001	817.44	59.20	-136.35	228.52	959.1	11	1000180400	10	1
299	12	2209	1	0	12	0	1	1000	4426.61	139.34	-36.27	275.51	314.2	11	1000180400	13	1
299	12	3413	4	0	14	0	1	1003	1312.97	-52.29	300.47	-307.17	654.6	13	1000140280	17	0
299	12	3413	4	1	14	0	0	1001	609.69	709.27	362.58	972.13	225.5	13	1000140280	14	0
299	12	3413	4	2	12	0	1	1004	487.21	102.08	-4.05	362.94	1094.0	11	1000180400	21	1
299	12	3413	4	3	14	0	2	1091	1564.33	-679.79	-127.45	902.41	240.8	13	1000200400	19	0
299	12	6522	2	0	14	0	0	1001	1029.67	-216.11	286.97	-458.75	1443.9	13	1000080160	8	0
299	12	6522	2	1	12	0	1	1003	2194.37	10.29	180.06	300.58	70.3	11	1000180400	11	1
299	12	7880	1	0	12	0	0	1001	1281.12	-197.77	13.02	344.32	943.7	11	1000180400	9	1
299	12	8081	2	0	12	0	2	1091	1893.77	-160.06	27.26	339.32	904.0	11	1000180400	11	1
299	12	8081	2	1	14	1	0	1002	228.34	-410.14	-462.44	438.25	339.8	14	1000080160	10	0
299	12	9511	2	0	12	0	0	1001	1530.82	87.56	127.69	176.32	615.4	11	1000180400	10	1
299	12	9511	2	1	14	0	0	1001	355.71	-490.86	-91.54	-312.72	1109.8	13	1000140280	8	0
299	12	9899	2	0	12	0	2	1091	3136.45	122.44	-13.78	198.83	783.6	11	1000180400	34	1
299	12	9899	2	1	14	0	0	1001	2267.16	557.90	-80.44	297.94	997.5	13	1000080160	8	0
298	27	615	1	0	12	0	0	1001	1045.77	176.88	-151.94	197.12	823.6	11	1000180400	10	1
298	27	5803	2	0	12	0	0	1001	1583.95	79.43	-3.55	152.20	557.4	11	1000180400	9	1
298	27	5803	2	1	14	0	0	1001	3128.07	280.70	-372.63	-678.10	584.2	13	1000140280	9	0
298	27	6706	3	0	14	0	0	1001	237.24	407.79	-696.74	937.46	1171.8	13	1000140280	9	0
298	27	6706	3	1	12	0	10	1000	699.51	-45.98	108.89	135.27	614.5	11	1000180400	13	1
298	27	6706	3	2	14	0	0	1001	714.25	26.91	102.82	605.60	268.3	13	1000180400	9	0
298	27	7048	1	0	12	0	0	1001	795.64	-14.53	-28.90	327.13	753.8	11	1000180400	9	1
298	27	8281	1	0	12	0	0	1001	2791.89	-13.51	46.20	84.82	895.1	11	1000180400	10	1
298	27	8685	2	0	14	0	0	1001	739.05	522.10	367.79	667.35	879.7	13	1000080160	9	0
298	27	8685	2	1	12	0	0	1001	1276.76	7.65	11.99	14.67	777.5	11	1000180400	9	1
298	27	9258	2	0	14	0	2	1091	2814.46	347.10	503.34	-537.97	707.6	13	1000080160	14	0
298	27	9258	2	1	12	0	2	1091	4126.25	-2.53	-61.35	198.59	1052.0	11	1000180400	16	1
298	27	10086	1	0	12	0	0	1001	815.28	-199.59	94.14	94.03	951.6	11	1000180400	8	1
298	27	10236	2	0	12	0	1	1003	2078.67	-171.46	-149.61	277.03	90.1	11	1000180400	14	1
298	27	10236	2	1	14	0	0	1001	843.41	-672.61	243.15	702.70	1504.7	13	1000200400	9	0
298	27	11163	1	0	12	0	1	1003	1411.67	-153.94	159.44	259.61	1394.0	11	1000180400	12	1
298	27	11951	4	0	12	0	1	1004	1706.71	-145.08	-180.12	300.64	1168.5	11	1000180400	13	1
298	27	11951	4	1	14	0	2	1091	2112.21	-682.36	-161.35	-427.75	691.7	13	1000080160	12	0
298	27	11951	4	2	14	0	0	1001	3445.28	706.75	308.16	-598.78	1368.0	13	1000080160	11	0
298	27	11951	4	3	14	0	2	1091	3004.08	568.92	-199.13	485.97	853.1	13	1000200400	14	0
296	31	620	4	0	12	0	1	1005	2192.48	-65.58	19.74	248.04	429.2	11	1000180400	12	1
296	31	620	4	1	12	0	0	1001	767.19	-690.93	-210.17	70.22	1444.1	11	1000130270	9	0
296	31	620	4	2	14	1	0	1002	296.83	-691.22	-168.41	626.67	1046.1	14	1000080160	9	0
296	31	620	4	3	14	0	0	1001	314.27	88.84	-601.57	924.72	1304.2	13	1000080160	10	0
296	31	2006	2	0	12	0	0	1001	1400.62	-103.34	186.54	153.32	726.7	11	1000180400	8	1
296	31	2006	2	1	14	0	0	1001	915.66	-640.29	-379.32	-450.99	1539.9	13	1000200400	15	0
296	31	2434	2	0	14	0	0	1001	593.84	688.50	-403.62	397.13	1513.2	13	1000080160	15	0
296	31	2434	2	1	12	0	2	1091	2123.01	12.88	-139.63	201.83	1451.2	11	1000180400	14	1
296	31	4942	3	0	14	0	0	1001	241.50	604.06	-147.49	881.60	1397.5	13	1000140280	9	0
296	31	4942	3	1	12	0	0	1001	647.43	-5.42	21.99	223.66	1091.1	11	1000180400	19	1
296	31	4942	3	2	14	0	10	1000	539.66	-117.04	-574.52	59.93	1293.3	13	1000080160	11	0
296	31	10282	2	0	14	1	0	1002	635.13	600.94	233.05	-421.60	1163.7	14	1000080160	9	0
296	31	10282	2	1	12	0	10	1000	1984.39	-120.63	77.53	466.84	78.0	11	1000180400	12	1
296	31	10422	4	0	14	1	1	1006	1251.32	-437.81	-585.52	-134.33	55.7	14	1000080160	13	0
296	31	10422	4	1	12	0	2	1091	2315.54	113.10	199.68	249.35	1488.4	11	1000180400	27	1
296	31	10422	4	2	14	0	10	1000	436.64	-557.05	624.48	128.54	517.6	13	1000080160	11	0
296	31	10422	4	3	14	1	0	1002	696.23	-23.81	-188.75	-367.63	1260.7	14	1000130270	9	0
296	36	4520	3	0	14	0	0	1001	1283.65	-306.65	-603.95	474.21	662.4	13	1000110230	8	0
296	36	4520	3	1	14	0	1	1004	608.84	-208.97	-228.33	-369.24	783.4	13	1000140280	12	0
296	36	4520	3	2	12	0	2	1091	2914.84	-25.00	88.16	28.37	894.9	11	1000180400	13	1
296	36	7650	1	0	12	0	1	1003	1793.47	95.44	86.39	82.33	858.4	11	1000180400	12	1
296	36	7893	1	0	12	0	10	1000	681.26	-132.67	60.73	363.86	129.9	11	1000180400	11	1
296	36	8665	1	0	12	0	1	1005	1012.08	84.37	-30.46	157.18	1276.8	11	1000180400	11	1
296	36	11687	3	0	12	0	1	1005	1439.02	-58.69	-133.47	42.03	399.8	11	1000180400	12	1
296	36	11687	3	1	14	0	1	1003	905.97	-93.22	-266.16	212.14	407.6	13	1000180400	15	0
296	36	11687	3	2	14	0	2	1091	2806.45	-547.68	-378.07	-199.15	300.1	13	1000140280	21	0
294	96	450	3	0	14	0	0	1001	750.99	-37.91	104.26	65.89	1444.5	13	1000180400	9	1
294	96	450	3	1	14	1	10	1000	769.02	376.14	-10.43	357.68	450.0	14	1000260560	11	0
294	96	450	3	2	12	0	0	1001	236.33	144.96	-11.51	409.95	508.3	11	1000180400	11	1
294	96	1813	2	0	12	0	1	1003	1645.79	-12.80	-67.06	424.57	1476.3	11	1000180400	15	1
294	96	1813	2	1	14	0	1	1003	1962.31	558.07	610.57	-63.45	303.8	13	1000080160	15	0
294	96	1838	2	0	12	0	0	1001	1827.11	-116.15	-425.79	167.92	1128.9	11	1000080160	10	0
294	96	1838	2	1	12	0	1	1003	1187.40	-150.53	-97.97	324.44	409.2	11	1000180400	13	1
294	96	2313	3	0	12	0	0	1001	1041.21	112.75	-147.45	460.81	418.6	11	1000180400	26	1
294	96	2313	3	1	14	0	0	1001	2487.55	555.65	-521.26	371.04	1301.7	13	1000080160	10	0
294	96	2313	3	2	14	0	0	1001	370.55	-527.37	-318.62	-236.14	1207.4	13	1000080160	8	0
294	96	4690	3	0	14	1	10	1000	802.65	99.75	-442.74	-398.66	994.8	14	1000140280	12	0
294	96	4690	3	1	14	0	0	1001	418.93	606.87	-106.47	-241.89	599.8	13	1000130270	9	0
294	96	4690	3	2	12	0	0	1001	746.38	24.85	-200.72	314.44	809.3	11	1000180400	9	0
294	96	5256	2	0	14	0	0	1001	765.09	-235.41	-71.28	558.04	1368.5	13	1000180400	8	0
294	96	5256	2	1	12	0	0	1001	343.19	131.44	131.87	361.30	92.2	11	1000180400	9	1
294	96	5902	3	0	14	0	2	1091	1397.86	-287.40	-96.85	14.35	437.6	13	1000060120	13	0
294	96	5902	3	1	14	0	0	1001	1309.53	-141.34	-57.29	350.21	1569.5	13	1000180400	11	1
294	96	5902	3	2	12	0	1	1000	2632.69	-174.00	100.96	392.62	772.7	11	1000180400	14	1
294	96	6597	2	0	14	0	0	1001	489.53	497.75	-139.77	904.53	504.9	13	1000140280	9	0
294	96	6597	2	1	12	0	1	1003	781.46	51.39	138.03	360.76	623.4	11	1000180400	12	1
294	96	7249	3	0	12	0	0	1001	584.99	-149.88	-109.93	481.64	1552.3	11	1000180400	18	1
294	96	7249	3	1	14	1	1	1007	458.15	693.32	264.99	-64.09	171.3	14	1000200400	12	0
294	96	7249	3	2	14	0	1	1003	765.91	205.53	-42.58	-283.26	770.3	13	1000080160	12	0
294	96	9324	3	0	14	0	0	1001	913.29	-106.50	36.94	-300.27	691.5	13	1000200400	8	0
294	96	9324	3	1	12	0	0	1001	3276.54	-148.49	20.09	28.09	1460.6	11	1000180400	25	1
294	96	9324	3	2	14	0	0	1001	401.40	-697.31	-384.22	-109.48	700.5	13	1000140280	35	0
294	96	9613	1	0	12	0	0	1001	952.44	-95.81	8.61	123.06	1199.2	11	1000180400	9	1
294	96	10233	2	0	12	0	1	1003	2271.20	-119.98	-162.38	310.48	941.9	11	1000180400	20	1
294	96	10233	2	1	14	1	0	1002	232.92	555.17	239.91	972.16	338.6	14	1000200400	9	0
296	53	319	3	0	14	1	1	1008	1324.61	-146.10	208.39	73.29	879.4	14	1000180400	12	0
296	53	319	3	1	12	0	2	1091	2845.81	477.69	-225.06	1200.50	1081.4	11	1000140280	19	0
296	53	319	3	2	12	0	0	1001	2880.14	-2.85	89.03	147.53	426.3	11	1000180400	10	1
296	53	792	1	0	12	0	1	1003	912.29	68.98	40.72	85.07	649.7	11	1000180400	13	1
296	53	6597	2	0	12	0	0	1001	544.76	123.29	135.98	192.37	1108.8	11	1000180400	10	1
296	53	6597	2	1	14	0	0	1001	3496.64	299.39	151.61	978.78	130.7	13	1000140280	8	0
296	53	11510	1	0	12	0	1	1004	661.36	162.11	-102.80	4.64	365.1	11	1000180400	13	1
296	53	12191	2	0	14	0	0	1001	278.20	606.59	478.81	-487.44	1030.2	13	1000120240	8	0
296	53	12191	2	1	12	0	1	1003	1482.22	-189.14	41.21	351.42	584.2	11	1000180400	23	1
296	53	12398	2	0	12	0	1	1004	742.30	163.49	177.76	381.43	301.3	11	1000180400	14	1
296	53	12398	2	1	14	1	0	1002	920.69	-85.92	60.46	313.85	543.9	14	1000180400	10	1
295	22	832	2	0	12	0	1	1004	1468.55	-22.01	-145.37	328.62	806.8	11	1000180400	12	1
295	22	832	2	1	14	0	0	1001	420.36	645.23	-241.22	-108.13	1269.3	13	1000140280	8	0
295	22	1901	1	0	12	0	0	1001	303.81	4.07	-167.42	475.76	397.5	11	1000180400	9	1
295	22	2850	3	0	12	0	1	1003	872.39	90.95	85.87	105.05	1276.4	11	1000180400	18	1
295	22	2850	3	1	14	1	1	1006	722.75	-26.33	-178.87	588.87	1407.0	14	1000180400	12	0
295	22	2850	3	2	14	0	2	1091	3387.62	291.07	233.97	1116.89	1366.2	13	1000200400	23	0
295	22	3240	4	0	14	1	1	1007	2266.47	294.70	-660.01	311.36	1546.5	14	1000080160	27	0
295	22	3240	4	1	14	1	1	1008	524.90	579.85	-370.97	-347.90	1409.8	14	1000140280	12	0
295	22	3240	4	2	14	1	10	1000	1815.13	-705.99	-561.99	148.71	1504.3	14	1000140280	22	0
295	22	3240	4	3	12	0	0	1001	384.43	-88.22	-65.08	258.88	1222.6	11	1000180400	9	1
295	22	4612	1	0	12	0	1	1004	1232.17	64.67	-99.66	332.82	922.8	11	1000180400	19	1
295	22	6041	1	0	12	0	1	1003	1899.33	-93.32	-42.41	60.21	686.1	11	1000180400	30	1
295	22	7093	2	0	12	0	0	1001	878.41	-130.37	59.47	421.20	1287.5	11	1000180400	8	1
295	22	7093	2	1	14	0	0	1001	1195.52	75.71	182.17	328.71	1190.7	13	1000180400	9	1
295	22	11177	2	0	12	0	1	1005	1339.25	179.29	170.12	122.47	990.8	11	1000180400	25	1
295	22	11177	2	1	14	0	0	1001	382.37	-554.12	-587.55	-431.77	613.9	13	1000140280	8	0
295	22	11337	2	0	12	0	2	1091	1877.70	-129.73	126.01	210.35	1335.9	11	1000180400	13	1
295	22	11337	2	1	14	1	0	1002	417.01	-65.59	-526.10	224.85	521.9	14	1000140280	10	0
296	19	2754	1	0	12	0	0	1001	1477.12	65.53	84.24	127.61	1105.9	11	1000180400	10	1
296	19	5010	2	0	14	0	0	1001	1811.23	531.01	305.37	-281.60	675.0	13	1000130270	8	0
296	19	5010	2	1	12	0	0	1001	824.57	-189.41	155.30	246.67	332.5	11	1000180400	9	1
296	19	6765	1	0	12	0	1	1004	2292.35	47.48	-116.18	40.50	1045.1	11	1000180400	26	1
296	19	10603	2	0	12	0	0	1001	863.26	150.75	-14.00	335.23	601.3	11	1000180400	19	1
296	19	10603	2	1	14	1	2	1092	961.27	-405.04	-481.24	-234.63	562.5	14	1000080160	13	0
296	8	2808	4	0	12	0	1	1000	2192.28	-89.73	-179.15	494.05	248.5	11	1000180400	18	1
296	8	2808	4	1	14	0	0	1001	335.02	550.02	-637.11	71.67	555.8	13	1000140280	8	0
296	8	2808	4	2	14	0	0	1001	563.62	207.96	-230.95	244.50	541.0	13	1000180400	9	0
296	8	2808	4	3	14	0	0	1001	1176.60	-82.61	19.55	-323.17	106.5	13	1000140280	8	0
296	8	3296	1	0	12	0	10	1000	2223.30	-154.41	199.16	38.04	989.1	11	1000180400	35	1
296	8	10774	2	0	14	0	1	1000	2942.71	265.75	299.79	-326.80	598.3	13	1000080160	28	0
296	8	10774	2	1	12	0	1	1005	2242.16	-17.55	45.57	494.54	304.9	11	1000180400	11	1
295	35	962	1	0	12	0	10	1000	1312.69	52.42	-36.91	457.41	265.4	11	1000180400	26	1
295	35	2593	2	0	14	1	0	1002	703.86	550.98	-448.97	-167.28	171.6	14	1000080160	10	0
295	35	2593	2	1	12	0	10	1000	1473.44	-127.72	115.90	255.14	484.4	11	1000180400	14	1
295	35	3113	2	0	14	1	2	1092	2831.88	629.91	-570.97	830.59	275.7	14	1000140280	11	0
295	35	3113	2	1	-12	0	1	1000	2386.93	-43.86	40.93	41.97	1292.5	-11	1000180400	14	1
295	35	5016	2	0	14	0	10	1000	2994.11	369.59	-375.23	456.74	1384.1	13	1000260560	11	0
295	35	5016	2	1	12	0	1	1005	2662.38	28.82	131.48	304.33	809.1	11	1000180400	17	1
295	35	7870	1	0	12	0	0	1001	2987.09	-191.85	-134.45	437.90	451.9	11	1000180400	9	1
295	35	7904	2	0	12	0	2	1091	1674.46	-54.81	163.81	113.40	594.2	11	1000180400	28	1
295	35	7904	2	1	14	0	10	1000	495.07	-509.18	458.24	-297.63	715.0	13	1000080160	11	0
295	35	8966	3	0	14	1	0	1002	645.36	-148.43	-346.20	-405.54	839.3	14	1000140280	9	0
295	35	8966	3	1	12	0	1	1005	2583.55	-24.84	-50.55	496.68	947.9	11	1000180400	21	1
295	35	8966	3	2	14	0	0	1001	378.12	-21.66	-511.01	370.58	1095.8	13	1000080160	10	0
295	35	11945	3	0	12	0	10	1000	1383.31	166.76	35.57	106.14	671.9	11	1000180400	12	1
295	35	11945	3	1	14	0	0	1001	625.31	112.66	-215.79	137.24	1182.6	13	1000180400	15	0
295	35	11945	3	2	14	0	0	1001	776.34	-256.43	109.55	-351.33	1374.6	13	1000200400	11	0
295	35	12368	2	0	14	0	1	1005	3071.17	281.17	-18.65	1409.55	1470.6	13	1000140280	13	0
295	35	12368	2	1	12	0	0	1001	1912.21	-148.41	46.29	148.28	841.7	11	1000180400	15	1
297	89	88	2	0	14	0	0	1001	313.93	475.73	-92.04	13.03	762.2	13	1000080160	13	0
297	89	88	2	1	12	0	0	1001	577.92	33.81	-6.47	400.18	1022.8	11	1000180400	10	1
297	89	989	1	0	12	0	0	1001	1142.08	-62.29	143.62	418.91	698.7	11	1000180400	9	1
297	89	1955	3	0	14	0	0	1001	319.72	-520.05	-701.05	502.00	1287.7	13	1000080160	8	0
297	89	1955	3	1	14	1	1	1009	3984.98	-370.49	-158.38	-311.77	143.8	14	1000140280	11	0
297	89	1955	3	2	12	0	1	1005	2701.84	75.21	-62.69	426.83	549.3	11	1000180400	11	1
297	89	3217	2	0	14	1	0	1002	448.89	387.51	-495.98	817.87	1433.5	14	1000110230	26	0
297	89	3217	2	1	12	0	0	1001	397.29	-107.67	77.94	128.12	992.2	11	1000180400	14	1
297	89	4108	2	0	12	0	10	1000	1115.06	26.53	104.75	353.86	90.5	11	1000180400	12	1
297	89	4108	2	1	14	0	1	1003	1522.24	-208.51	-239.45	1008.84	1229.1	13	1000080160	15	0
297	89	4455	2	0	12	0	1	1004	1343.79	197.62	-71.91	366.19	1133.5	11	1000180400	24	1
297	89	4455	2	1	14	1	0	1002	1106.73	75.36	13.88	477.83	1155.7	14	1000180400	10	1
297	89	6731	1	0	12	0	1	1000	1966.25	-145.91	-88.54	464.16	891.2	11	1000180400	20	1
297	89	8283	3	0	14	0	2	1091	2565.57	336.05	-498.24	655.73	575.2	13	1000260560	20	0
297	89	8283	3	1	14	0	0	1001	322.39	345.33	-0.12	-72.53	1325.9	13	1000260560	8	0
297	89	8283	3	2	-12	0	10	1000	2118.25	141.50	147.52	478.01	435.8	-11	1000180400	11	1
297	89	8361	1	0	12	0	0	1001	826.48	41.18	110.17	266.70	634.6	11	1000180400	9	1
297	89	9133	3	0	14	0	1	1004	3834.47	118.78	82.39	297.16	1337.5	13	1000180400	17	1
297	89	9133	3	1	12	0	1	1003	1004.00	-4.44	73.09	273.84	1449.7	11	1000180400	12	1
297	89	9133	3	2	14	0	0	1001	1239.37	116.63	369.62	285.49	807.4	13	1000240520	9	0
297	89	10934	3	0	12	0	0	1001	2235.16	-168.18	-134.27	121.81	139.7	11	1000180400	12	1
297	89	10934	3	1	14	0	0	1001	830.39	-107.27	37.12	234.46	102.3	13	1000180400	9	1
297	89	10934	3	2	14	0	0	1001	1206.94	122.28	-250.58	99.55	1312.2	13	1000180400	9	0
297	89	12301	1	0	12	0	10	1000	720.54	63.70	-184.99	202.25	806.8	11	1000180400	12	1
295	15	437	1	0	12	0	0	1001	1090.92	-38.95	64.46	302.96	844.6	11	1000180400	10	1
295	15	1396	1	0	12	0	0	1001	1220.66	-13.79	-163.88	58.18	669.2	11	1000180400	11	1
295	15	2517	2	0	14	0	0	1001	417.41	-280.61	-701.12	921.32	830.0	13	1000140280	8	0
295	15	2517	2	1	12	0	0	1001	953.99	67.53	-163.32	47.39	1330.1	11	1000180400	9	1
295	15	4601	2	0	14	0	0	1001	720.25	259.85	-126.70	-446.52	1050.2	13	1000120240	8	0
295	15	4601	2	1	12	0	1	1003	1325.68	155.23	-72.61	100.52	915.3	11	1000180400	12	1
295	15	4775	1	0	12	0	1	1003	779.34	69.65	-83.34	369.36	71.0	11	1000180400	12	1
295	15	5001	1	0	12	0	1	1000	2587.97	104.62	167.37	294.22	789.2	11	1000180400	22	1
295	15	5179	1	0	12	0	0	1001	361.60	-67.69	-185.43	126.32	1578.0	11	1000180400	9	1
295	15	6175	1	0	12	0	0	1001	463.18	-115.58	99.56	15.80	573.1	11	1000180400	8	1
295	15	11089	3	0	12	0	0	1001	154.62	-112.82	20.57	55.22	1556.8	11	1000180400	10	1
295	15	11089	3	1	14	0	0	1001	798.01	-142.00	184.89	409.14	1587.6	13	1000180400	9	1
295	15	11089	3	2	14	0	0	1001	697.04	142.77	128.78	1004.38	1115.1	13	1000080160	15	0
295	15	11845	1	0	12	0	10	1000	852.86	-156.32	18.76	365.83	1264.4	11	1000180400	12	1
295	15	12403	1	0	12	0	0	1001	1529.93	-125.33	40.94	67.33	1463.7	11	1000180400	10	1
296	13	724	1	0	12	0	1	1003	1446.05	150.49	-19.12	428.39	75.6	11	1000180400	13	1
296	13	1122	2	0	12	0	10	1000	1271.43	-0.74	157.20	146.52	330.5	11	1000180400	11	1
296	13	1122	2	1	14	0	0	1001	377.43	-540.65	-306.86	305.35	830.4	13	1000080160	9	0
296	13	1214	4	0	14	0	10	1000	669.26	-199.59	-106.18	35.15	100.0	13	1000180400	49	1
296	13	1214	4	1	12	0	0	1001	1861.23	139.07	110.17	354.57	1471.3	11	1000180400	14	1
296	13	1214	4	2	14	0	0	1001	345.04	611.84	284.84	432.62	546.2	13	1000140280	8	0
296	13	1214	4	3	14	1	0	1002	1421.68	35.33	119.56	260.47	1278.8	14	1000180400	9	1
296	13	1471	1	0	12	0	1	1003	1577.63	-117.87	114.97	241.85	1130.2	11	1000180400	14	1
296	13	1587	2	0	12	0	2	1091	2219.62	-134.46	-137.09	270.38	1072.1	11	1000180400	18	1
296	13	1587	2	1	14	1	0	1002	1147.58	-496.35	-600.81	-252.10	393.3	14	1000110230	31	0
296	13	2347	2	0	14	0	0	1001	387.77	-707.42	-563.79	-169.53	1323.3	13	1000110230	11	0
296	13	2347	2	1	12	0	0	1001	855.26	90.64	-190.52	401.18	1075.3	11	1000180400	35	1
296	13	2984	1	0	12	0	0	1001	979.36	-62.87	186.57	207.75	671.8	11	1000180400	9	1
296	13	4359	1	0	12	0	10	1000	1237.22	-197.18	-181.36	25.46	703.0	11	1000180400	12	1
296	13	4817	3	0	14	0	1	1005	2056.18	-617.23	310.72	-532.88	855.3	13	1000080160	14	0
296	13	4817	3	1	14	0	0	1001	2084.19	192.71	116.40	397.31	681.2	13	1000180400	9	1
296	13	4817	3	2	12	0	0	1001	938.02	-65.51	-95.56	10.40	722.6	11	1000180400	9	1
296	13	6809	1	0	12	0	1	1003	1377.81	50.20	76.47	262.93	1356.2	11	1000180400	11	1
296	13	7028	3	0	14	1	0	1002	1015.04	-327.48	125.74	-296.99	257.6	14	1000080160	10	0
296	13	7028	3	1	14	0	0	1001	457.43	-413.59	-270.49	-372.20	484.4	13	1000140280	8	0
296	13	7028	3	2	12	0	1	1003	1883.00	61.68	-134.76	119.24	424.3	11	1000180400	12	1
296	13	7591	3	0	14	0	0	1001	473.28	236.28	-94.79	164.66	82.8	13	1000180400	9	0
296	13	7591	3	1	14	0	0	1001	1422.96	-196.38	-665.52	1005.68	907.8	13	1000080160	8	0
296	13	7591	3	2	12	0	1	1004	607.20	-158.52	193.92	294.83	751.5	11	1000180400	12	1
296	13	8055	2	0	14	1	0	1002	530.92	-549.23	311.46	401.97	1096.8	14	1000200400	20	0
296	13	8055	2	1	12	0	1	1003	1001.29	116.62	-26.87	13.75	286.8	11	1000180400	12	1
296	13	8654	3	0	12	0	2	1091	1245.04	-125.53	186.59	485.14	473.9	11	1000180400	13	1
296	13	8654	3	1	14	1	0	1002	329.16	-132.76	-503.70	4.43	1556.6	14	1000110230	11	0
296	13	8654	3	2	14	0	0	1001	329.33	-618.49	115.93	61.97	705.1	13	1000200400	16	0
296	13	9384	1	0	12	0	1	1005	969.09	51.80	-48.28	409.83	131.2	11	1000180400	20	1
296	13	10096	2	0	12	0	0	1001	903.03	178.98	140.98	12.60	592.0	11	1000180400	8	1
296	13	10096	2	1	14	0	0	1001	311.62	-298.73	-592.82	-392.74	1181.9	13	1000140280	8	0
296	13	10722	2	0	14	0	10	1000	1767.20	-137.75	-579.13	-28.05	209.6	13	1000080160	16	0
296	13	10722	2	1	12	0	1	1000	3717.74	-35.62	-22.87	295.18	827.5	11	1000180400	15	1
296	58	3306	3	0	12	0	0	1001	611.53	-55.51	169.66	486.52	757.1	11	1000180400	8	1
296	58	3306	3	1	14	1	0	1002	553.72	-391.69	-21.91	961.66	297.8	14	1000200400	9	0
296	58	3306	3	2	14	0	0	1001	345.59	-65.99	-613.86	122.20	955.4	13	1000080160	8	0
296	58	4068	3	0	12	0	2	1091	2321.88	-38.19	89.53	113.98	1088.0	11	1000180400	13	1
296	58	4068	3	1	14	0	0	1001	336.42	-334.49	-701.42	673.53	214.2	13	1000110230	9	0
296	58	4068	3	2	14	1	0	1002	986.06	43.98	230.21	253.32	1506.3	14	1000180400	18	0
296	58	5512	3	0	14	1	2	1092	5235.15	-149.68	183.79	2069.70	1622.2	14	1000140280	13	0
296	58	5512	3	1	14	1	0	1002	452.53	-197.09	-17.64	-398.92	860.5	14	1000200400	10	0
296	58	5512	3	2	-12	0	1	1000	2394.16	-161.14	-196.49	186.30	160.9	-11	1000180400	13	1
296	58	5836	5	0	14	1	1	1009	600.04	-374.19	-345.87	-505.93	177.8	14	1000160320	20	0
296	58	5836	5	1	12	0	1	1003	1084.62	-114.38	179.99	179.20	407.5	11	1000180400	12	1
296	58	5836	5	2	14	0	0	1001	690.28	-246.75	82.78	357.82	546.1	13	1000180400	11	0
296	58	5836	5	3	14	0	0	1001	402.03	395.98	-657.11	970.52	1059.0	13	1000140280	9	0
296	58	5836	5	4	-12	0	2	1091	2833.63	-101.53	-180.95	-199.62	282.0	-11	1000130270	13	0
296	58	6683	1	0	12	0	1	1003	746.08	-180.65	193.14	189.78	577.4	11	1000180400	11	1
296	58	6753	2	0	12	0	1	1003	2960.52	110.60	-0.44	338.70	1455.4	11	1000180400	12	1
296	58	6753	2	1	14	0	0	1001	3079.62	-430.69	-318.72	-875.60	994.6	13	1000120240	9	0
296	58	7025	1	0	12	0	0	1001	776.58	64.44	98.46	255.89	427.1	11	1000180400	9	1
296	58	8586	2	0	14	0	0	1001	492.27	-662.33	426.38	893.38	714.5	13	1000140280	11	0
296	58	8586	2	1	12	0	0	1001	745.77	-200.77	-66.09	355.26	1528.1	11	1000180400	17	0
296	58	9242	2	0	14	1	1	1007	1417.91	-172.97	-185.43	244.34	502.7	14	1000180400	37	1
296	58	9242	2	1	12	0	1	1003	881.72	61.08	41.80	431.37	89.7	11	1000180400	12	1
296	58	9765	1	0	12	0	0	1001	866.84	-96.64	-200.74	386.32	562.2	11	1000180400	9	0
296	58	10738	1	0	12	0	1	1003	972.93	-91.70	-194.04	207.04	1563.6	11	1000180400	17	1
295	79	539	1	0	12	0	10	1000	1913.99	94.34	-144.33	21.95	626.9	11	1000180400	13	1
295	79	1488	4	0	14	0	0	1001	343.12	702.43	194.57	-19.82	1481.7	13	1000080160	9	0
295	79	1488	4	1	14	0	0	1001	518.96	48.54	467.11	-457.43	84.1	13	1000080160	8	0
295	79	1488	4	2	12	0	0	1001	150.06	-73.43	-203.16	142.97	65.5	11	1000180400	9	0
295	79	1488	4	3	14	0	0	1001	1291.88	525.35	-40.88	572.50	1119.1	13	1000080160	8	0
295	79	2674	2	0	14	0	10	1000	2600.16	672.99	288.63	401.64	1511.1	13	1000200400	17	0
295	79	2674	2	1	12	0	0	1001	1022.54	114.90	111.06	47.38	1234.2	11	1000180400	18	1
295	79	3787	2	0	14	0	1	1003	519.32	-570.28	22.19	256.90	1546.2	13	1000080160	11	0
295	79	3787	2	1	12	0	0	1001	459.52	-15.44	50.16	186.42	1033.8	11	1000180400	10	1
295	79	4839	3	0	12	0	0	1001	481.90	144.89	189.48	421.44	886.6	11	1000180400	9	1
295	79	4839	3	1	14	1	1	1008	698.50	-54.65	45.33	228.63	957.9	14	1000180400	18	1
295	79	4839	3	2	14	1	0	1002	1103.02	208.85	-95.87	115.43	1161.6	14	1000260560	11	0
295	79	5864	1	0	12	0	1	1003	809.17	-139.60	117.58	125.98	764.2	11	1000180400	13	1
295	79	8080	2	0	14	0	0	1001	699.16	-341.75	-520.95	-258.03	260.1	13	1000080160	8	0
295	79	8080	2	1	12	0	2	1091	3790.72	-83.81	4.78	246.71	560.6	11	1000180400	13	1
295	79	8108	2	0	14	0	0	1001	443.87	-22.61	-487.11	972.61	92.7	13	1000080160	9	0
295	79	8108	2	1	12	0	0	1001	1117.41	-8.04	35.46	153.66	271.4	11	1000180400	15	1
295	79	10009	2	0	14	0	0	1001	1748.83	98.03	-189.25	-402.42	841.9	13	1000160320	8	0
295	79	10009	2	1	12	0	2	1091	1960.21	116.22	-174.66	96.85	951.9	11	1000180400	13	1
296	54	595	1	0	12	0	1	1003	1526.22	47.77	59.45	356.42	1585.3	11	1000180400	12	1
296	54	2542	2	0	14	0	1	1003	827.51	488.38	62.23	539.88	531.9	13	1000080160	11	0
296	54	2542	2	1	12	0	0	1001	710.63	174.93	-62.95	282.79	1204.8	11	1000180400	10	1
296	54	4500	2	0	14	1	0	1002	905.65	9.86	-83.14	107.41	1579.7	14	1000180400	11	1
296	54	4500	2	1	12	0	0	1001	2865.50	-197.03	170.22	365.27	298.7	11	1000180400	10	1
296	54	7633	2	0	12	0	2	1091	2153.58	22.03	-25.81	323.37	599.1	11	1000180400	14	1
296	54	7633	2	1	14	1	0	1002	1362.67	-585.75	-584.46	-250.61	106.1	14	1000080160	12	0
296	54	10747	2	0	14	0	0	1001	353.15	356.05	-111.62	-120.69	1495.7	13	1000260560	9	0
296	54	10747	2	1	12	0	0	1001	466.80	-133.76	-79.21	274.92	561.8	11	1000180400	18	1
295	92	901	2	0	14	1	0	1002	370.24	230.27	-288.38	-139.66	1322.3	14	1000060120	15	0
295	92	901	2	1	12	0	1	1004	2339.98	-62.49	141.24	273.27	936.6	11	1000180400	11	1
295	92	1093	5	0	-14	1	0	1002	186.05	-503.03	-186.13	66.68	1334.0	-14	1000080160	10	0
295	92	1093	5	1	12	0	2	1091	1582.10	-5.25	202.53	497.32	1195.8	11	1000180400	14	0
295	92	1093	5	2	14	0	1	1003	1206.01	3.39	85.31	-475.25	118.8	13	1000080160	12	0
295	92	1093	5	3	14	0	10	1000	536.56	-511.25	-301.27	-95.07	1529.6	13	1000200400	16	0
295	92	1093	5	4	14	0	0	1001	538.29	-598.79	43.80	-176.10	377.0	13	1000140280	8	0
295	92	1358	1	0	12	0	1	1005	1302.22	-52.56	88.10	232.07	428.9	11	1000180400	13	1
295	92	1509	5	0	12	0	0	1001	1469.27	-1.52	-2.11	159.90	272.2	11	1000280590	8	1
295	92	1509	5	1	14	0	1	1003	851.34	-41.09	-419.89	-368.20	1089.7	13	1000140280	12	0
295	92	1509	5	2	14	1	0	1002	674.59	233.75	-613.57	-388.59	859.7	14	1000140280	22	0
295	92	1509	5	3	12	1	1	1008	514.30	351.05	-420.58	-491.76	1427.8	12	1000130270	22	0
295	92	1509	5	4	14	0	0	1001	427.15	-170.73	-554.67	-46.35	1384.9	13	1000140280	8	0
295	92	4663	1	0	12	0	1	1003	1290.51	-192.15	-88.14	96.84	1407.8	11	1000180400	12	1
295	92	7516	4	0	-14	0	1	1000	1011.61	495.28	353.29	5.52	742.0	-13	1000080160	14	0
295	92	7516	4	1	14	1	1	1007	3227.07	111.94	225.55	1008.93	1042.0	14	1000080160	11	0
295	92	7516	4	2	12	0	0	1001	803.55	-114.53	-98.31	151.57	954.8	11	1000180400	10	1
295	92	7516	4	3	14	0	10	1000	354.32	569.19	-142.14	316.52	219.9	13	1000200400	12	0
295	92	10768	2	0	12	0	1	1003	1081.94	53.07	-34.10	288.81	1507.7	11	1000180400	16	1
295	92	10768	2	1	14	1	0	1002	667.41	242.67	-38.72	223.62	181.0	14	1000180400	10	0
295	92	11197	1	0	12	0	0	1001	521.70	-19.18	-89.61	91.94	442.0	11	1000180400	13	1
295	92	11200	2	0	14	1	2	1092	4336.21	254.22	64.13	1439.84	1075.2	14	1000080160	13	0
295	92	11200	2	1	12	0	0	1001	191.06	77.37	-196.81	11.89	1215.7	11	1000180400	8	1
295	92	12202	4	0	12	0	0	1001	3954.88	-81.43	-28.78	279.57	1035.2	11	1000180400	10	1
295	92	12202	4	1	14	0	10	1000	522.58	-683.86	132.26	411.53	470.6	13	1000200400	11	0
295	92	12202	4	2	14	1	1	1000	3931.95	440.87	389.39	-602.46	1080.0	14	1000200400	11	0
295	92	12202	4	3	14	0	0	1001	650.87	224.73	-248.91	475.81	1134.7	13	1000180400	10	0
293	50	1004	2	0	12	0	1	1005	520.49	104.61	-180.39	377.78	1473.9	11	1000180400	13	1
293	50	1004	2	1	14	1	0	1002	801.86	-317.99	40.63	-364.93	1108.4	14	1000120240	10	0
293	50	1705	2	0	14	1	0	1002	305.48	-681.69	-84.72	-421.02	1105.8	14	1000200400	11	0
293	50	1705	2	1	12	0	1	1005	2369.09	38.70	192.00	275.97	1318.0	11	1000180400	11	1
293	50	2838	2	0	14	0	0	1001	1063.31	660.68	329.18	176.70	634.5	13	1000200400	8	0
293	50	2838	2	1	12	0	0	1001	833.25	-56.25	57.40	359.32	374.4	11	1000180400	21	1
293	50	3741	1	0	12	0	0	1001	772.61	-165.19	-154.85	55.41	478.2	11	1000180400	9	1
293	50	6562	1	0	12	0	0	1001	492.18	-152.72	100.67	267.27	732.1	11	1000180400	10	1
293	50	6942	2	0	12	0	2	1091	1105.49	111.21	-154.65	172.62	196.6	11	1000180400	14	1
293	50	6942	2	1	14	0	0	1001	2748.30	652.81	441.22	-33.70	434.3	13	1000140280	8	0
293	50	9173	2	0	12	0	0	1001	1109.58	141.88	-38.85	470.39	303.8	11	1000180400	16	1
293	50	9173	2	1	14	1	0	1002	1068.05	566.99	587.99	123.42	1104.4	14	1000080160	10	0
293	50	9403	2	0	12	0	1	1004	2727.94	-142.92	173.69	62.41	156.0	11	1000180400	14	1
293	50	9403	2	1	14	0	2	1091	5295.84	-348.06	157.70	-563.71	589.1	13	1000080160	14	0
293	50	9781	1	0	12	0	0	1001	1782.03	-163.73	-102.62	27.34	1481.7	11	1000180400	9	1
293	50	10310	1	0	12	0	1	1003	1935.90	-177.89	42.71	151.97	1275.1	11	1000180400	12	1
293	50	10974	1	0	12	0	10	1000	1962.37	-5.08	-150.15	293.78	1035.8	11	1000180400	35	1
293	50	11290	1	0	12	0	0	1001	1608.67	-145.16	-146.39	276.81	1356.1	11	1000180400	9	1
294	38	2392	1	0	12	0	1	1003	1484.95	-132.78	-32.07	350.44	825.6	11	1000180400	13	1
294	38	4937	1	0	12	0	0	1001	1736.25	78.24	139.15	423.94	450.9	11	1000180400	9	1
294	38	5621	3	0	12	0	0	1001	1055.79	134.67	-86.99	125.42	64.1	11	1000180400	9	1
294	38	5621	3	1	14	1	0	1002	353.15	-648.10	141.26	264.23	163.6	14	1000080160	9	0
294	38	5621	3	2	14	0	2	1091	2307.51	-590.92	-353.28	1129.78	1006.0	13	1000120240	13	0
294	38	8797	3	0	14	0	0	1001	970.18	-6.18	116.33	-381.39	971.9	13	1000080160	8	0
294	38	8797	3	1	14	0	0	1001	813.75	-17.37	-4.46	314.80	1223.2	13	1000180400	8	1
294	38	8797	3	2	12	0	1	1003	1603.45	-65.40	-87.60	90.01	1104.1	11	1000180400	14	1
291	26	923	1	0	12	0	1	1003	856.80	-18.37	-122.41	146.13	405.0	11	1000180400	13	1
291	26	3245	1	0	12	0	0	1001	813.89	76.58	-29.71	445.42	225.5	11	1000180400	21	1
291	26	5381	2	0	12	0	2	1091	1704.45	121.12	167.85	105.17	254.5	11	1000180400	13	1
291	26	5381	2	1	14	0	1	1003	1015.14	-270.72	-507.32	470.88	889.2	13	1000080160	12	0
291	26	5474	1	0	12	0	10	1000	1568.12	-144.59	-97.31	87.96	1256.1	11	1000180400	12	1
291	26	6105	1	0	12	0	1	1000	1996.64	153.60	-24.51	118.53	709.8	11	1000180400	20	1
291	26	8053	1	0	12	0	10	1000	1400.05	-150.81	167.82	437.43	72.5	11	1000180400	12	1
291	26	8472	2	0	14	0	1	1000	1587.89	383.76	246.37	-324.31	200.3	13	1000140280	30	0
291	26	8472	2	1	12	0	0	1001	1582.58	-52.68	44.78	109.31	141.1	11	1000180400	18	1
291	26	9856	2	0	12	0	2	1091	1949.85	-83.96	-135.34	495.84	891.7	11	1000180400	14	1
291	26	9856	2	1	14	0	10	1000	3788.02	190.06	-207.82	96.00	328.3	13	1000180400	12	0
291	26	11568	3	0	12	0	1	1003	1341.90	-116.20	109.27	266.57	805.9	11	1000180400	11	1
291	26	11568	3	1	14	1	0	1002	748.53	203.87	-50.18	-274.69	1548.4	14	1000080160	10	0
291	26	11568	3	2	14	0	0	1001	478.43	-159.86	-575.39	-127.67	1551.6	13	1000110230	9	0
293	62	71	2	0	12	0	1	1003	2008.60	111.69	-128.85	283.18	1567.9	11	1000180400	12	1
293	62	71	2	1	14	0	0	1001	490.29	230.55	-21.93	142.62	1142.3	13	1000180400	9	0
293	62	376	1	0	12	0	1	1003	1178.29	-93.19	-120.37	119.49	1104.8	11	1000180400	13	1
293	62	2662	3	0	14	0	0	1001	4323.33	601.53	225.93	-1214.78	1173.4	13	1000080160	8	0
293	62	2662	3	1	12	0	2	1091	2596.20	90.25	-106.50	353.20	488.6	11	1000180400	42	1
293	62	2662	3	2	14	0	0	1001	580.47	75.46	-86.85	370.09	1076.4	13	1000180400	9	1
293	62	4372	1	0	12	0	0	1001	471.73	-115.31	79.59	489.75	1174.9	11	1000180400	8	1
293	62	5247	2	0	-12	0	1	1000	1382.00	-85.38	184.96	215.74	1300.4	-11	1000180400	12	1
293	62	5247	2	1	14	1	0	1002	361.16	91.31	-329.47	956.69	1322.8	14	1000080160	11	0
293	62	7192	1	0	12	0	0	1001	2783.80	-174.83	94.66	9.06	951.5	11	1000180400	9	1
293	62	8282	1	0	12	0	0	1001	1324.04	38.36	-47.53	275.92	1129.8	11	1000180400	9	1
293	62	8775	3	0	14	0	0	1001	343.44	-633.98	-61.63	763.19	179.8	13	1000200400	34	0
293	62	8775	3	1	-14	0	0	1001	545.22	79.51	-193.93	1008.55	737.7	-13	1000080160	10	0
293	62	8775	3	2	12	0	2	1091	2688.17	193.52	8.05	413.13	1267.5	11	1000180400	14	1
296	85	104	2	0	12	0	10	1000	713.91	-83.40	-0.51	406.16	1510.5	11	1000180400	12	1
296	85	104	2	1	14	0	1	1000	2109.39	-523.06	-653.63	368.39	1153.3	13	1000080160	19	0
296	85	479	3	0	14	1	1	1006	1313.83	-612.03	124.14	148.96	1088.1	14	1000080160	17	0
296	85	479	3	1	12	0	0	1001	454.80	198.06	137.95	232.39	1091.4	11	1000180400	9	1
296	85	479	3	2	14	0	2	1091	3739.52	324.03	-492.81	-601.83	398.0	13	1000080160	20	0
296	85	2298	5	0	14	0	2	1091	1568.24	101.29	-689.56	-221.85	186.2	13	1000110230	13	0
296	85	2298	5	1	14	0	0	1001	1887.67	-414.56	-533.66	309.22	582.1	13	1000110230	8	0
296	85	2298	5	2	12	0	0	1001	1773.29	-4.77	-129.56	272.57	1090.8	11	1000180400	8	1
296	85	2298	5	3	14	0	1	1003	786.64	-602.82	-64.49	702.58	407.4	13	1000140280	19	0
296	85	2298	5	4	14	0	2	1091	2422.82	-608.06	-203.53	457.47	1362.2	13	1000080160	13	0
296	85	2828	1	0	12	0	1	1005	1952.74	-119.45	45.65	272.36	1317.8	11	1000180400	11	1
296	85	3173	1	0	12	0	0	1001	966.60	106.06	146.49	375.31	1570.3	11	1000180400	8	1
296	85	3865	2	0	12	0	10	1000	513.47	-152.19	36.22	359.54	1168.6	11	1000180400	12	1
296	85	3865	2	1	14	0	1	1003	5815.26	-295.60	50.66	1850.89	1409.6	13	1000080160	11	0
296	85	7582	1	0	12	0	1	1005	2205.61	49.71	155.73	177.26	1202.0	11	1000180400	16	1
296	85	8349	1	0	12	0	10	1000	1263.12	151.61	-48.14	395.57	1399.3	11	1000180400	16	1
296	85	8583	1	0	12	0	1	1003	2155.31	80.47	-116.51	496.90	457.1	11	1000180400	12	1
296	85	8631	3	0	14	0	10	1000	795.88	-427.86	-13.80	-343.22	1070.1	13	1000200400	11	0
296	85	8631	3	1	12	0	1	1003	2191.03	147.07	-80.03	32.31	1197.8	11	1000180400	13	1
296	85	8631	3	2	14	0	0	1001	4527.16	613.64	-194.02	270.04	1433.1	13	1000200400	9	0
296	85	9932	2	0	14	1	0	1002	1055.97	533.10	-71.40	-0.44	969.4	14	1000140280	10	0
296	85	9932	2	1	12	0	0	1001	1634.82	-120.45	194.79	287.17	767.9	11	1000180400	32	1
296	85	10082	2	0	12	0	1	1003	1048.57	-80.78	81.18	151.86	1334.1	11	1000180400	13	1
296	85	10082	2	1	14	0	2	1091	4221.38	-103.35	196.02	1105.86	362.2	13	1000200400	11	0
296	85	12362	1	0	12	0	0	1001	767.39	-0.26	-44.62	240.15	881.9	11	1000180400	9	1
300	26	1449	3	0	14	0	2	1091	4753.10	-293.52	421.40	1716.56	267.3	13	1000160320	11	0
300	26	1449	3	1	12	0	1	1003	926.21	13.10	-57.17	357.89	449.7	11	1000180400	12	1
300	26	1449	3	2	14	0	0	1001	629.96	-58.63	-224.97	231.44	1260.3	13	1000180400	14	0
300	26	6926	2	0	12	0	0	1001	1169.68	74.91	-159.59	492.74	1421.5	11	1000180400	8	1
300	26	6926	2	1	14	0	0	1001	529.22	-114.67	-491.09	522.58	761.1	13	1000110230	9	0
300	26	8197	2	0	14	0	0	1001	2123.62	443.75	-571.38	896.60	91.0	13	1000110230	13	0
300	26	8197	2	1	12	0	0	1001	1461.10	28.84	178.85	33.60	402.8	11	1000180400	9	1
300	26	9505	2	0	12	0	0	1001	903.43	-105.48	-58.07	322.26	1526.5	11	1000180400	9	1
300	26	9505	2	1	14	1	0	1002	618.03	-230.43	36.80	427.09	1383.6	14	1000180400	18	0
294	27	1051	2	0	12	0	1	1000	3777.68	-149.52	-45.04	495.33	395.6	11	1000180400	18	1
294	27	1051	2	1	14	1	0	1002	433.88	109.78	114.33	180.05	501.0	14	1000180400	9	1
294	27	1800	1	0	12	0	0	1001	942.72	176.37	-154.44	424.09	1057.2	11	1000180400	9	1
294	27	3906	2	0	14	0	1	1003	2725.31	501.97	-229.41	150.14	1464.5	13	1000140280	12	0
294	27	3906	2	1	12	0	0	1001	940.40	-147.01	44.56	491.15	720.3	11	1000180400	9	1
294	27	4032	3	0	14	0	0	1001	364.73	-190.10	-179.31	13.09	891.8	13	1000180400	9	1
294	27	4032	3	1	14	0	0	1001	952.61	188.46	-133.05	494.19	815.8	13	1000180400	9	1
294	27	4032	3	2	12	0	2	1091	2221.73	-20.75	-102.22	39.12	384.1	11	1000180400	15	1
294	27	6145	1	0	12	0	1	1003	1984.51	-75.65	89.95	81.22	594.4	11	1000180400	13	1
294	27	11841	1	0	12	0	10	1000	1033.54	-152.50	-178.59	157.18	123.2	11	1000180400	12	1
296	49	4024	2	0	12	0	1	1004	964.04	-190.49	15.47	332.32	793.5	11	1000180400	17	1
296	49	4024	2	1	14	0	1	1000	2979.25	202.45	188.90	-721.60	774.5	13	1000130270	19	0
296	49	5127	2	0	14	0	2	1091	4777.84	-316.70	10.67	-1393.76	545.2	13	1000200400	18	0
296	49	5127	2	1	12	0	1	1003	1896.81	-155.53	1.80	420.28	1227.8	11	1000180400	12	1
296	49	6353	2	0	12	0	0	1001	303.82	-145.37	-49.88	213.37	862.6	11	1000180400	10	1
296	49	6353	2	1	14	0	0	1001	1124.29	-144.93	81.98	-12.54	1383.9	13	1000180400	9	0
296	49	8002	3	0	14	1	0	1002	283.39	-57.53	-609.10	560.78	779.5	14	1000110230	9	0
296	49	8002	3	1	12	0	1	1003	1591.97	-43.63	123.25	399.38	642.1	11	1000180400	11	1
296	49	8002	3	2	14	0	1	1004	1262.63	-19.46	-237.05	1008.80	755.9	13	1000140280	11	0
296	49	10396	2	0	14	0	0	1001	369.70	-256.95	-460.58	403.28	1059.8	13	1000080160	8	0
296	49	10396	2	1	12	0	1	1003	644.70	102.67	-202.57	275.69	183.3	11	1000180400	23	0
296	49	11067	1	0	12	0	1	1004	1334.41	-81.17	125.47	256.75	1506.9	11	1000180400	18	1
296	49	11445	2	0	14	0	1	1004	2364.32	-443.88	136.79	-709.37	1440.5	13	1000080160	14	0
296	49	11445	2	1	12	0	0	1001	1507.35	-31.92	71.62	178.77	671.4	11	1000180400	9	1
296	42	267	2	0	12	0	0	1001	687.00	83.83	156.12	309.27	1396.3	11	1000180400	14	1
296	42	267	2	1	14	0	0	1001	848.01	154.98	-318.08	-411.05	124.5	13	1000140280	9	0
296	42	3930	2	0	12	0	0	1001	995.45	-97.51	136.12	116.22	102.7	11	1000180400	9	1
296	42	3930	2	1	14	1	0	1002	854.87	189.10	-425.78	-337.36	1072.9	14	1000080160	11	0
296	42	4405	1	0	12	0	0	1001	962.91	-54.83	198.82	9.76	1519.3	11	1000180400	9	1
296	42	5112	2	0	12	0	1	1005	2994.96	79.54	4.18	119.63	747.8	11	1000180400	13	1
296	42	5112	2	1	14	0	0	1001	426.53	-618.33	-339.25	387.69	1377.3	13	1000200400	31	0
296	42	10838	1	0	-12	0	10	1000	705.49	-33.13	-116.04	2.37	836.8	-11	1000180400	13	1
296	42	11581	2	0	14	1	1	1009	2167.96	-159.87	-9.21	-598.73	702.6	14	1000080160	13	0
296	42	11581	2	1	12	0	1	1003	695.69	-114.55	72.11	192.29	1014.2	11	1000180400	17	1
291	45	526	2	0	14	1	0	1002	519.85	-236.96	-436.71	393.30	699.4	14	1000080160	10	0
291	45	526	2	1	12	0	0	1001	982.08	-124.99	110.36	454.39	1440.3	11	1000180400	9	1
291	45	540	1	0	12	0	10	1000	1435.92	-30.29	-105.41	33.08	723.7	11	1000180400	11	1
291	45	1571	4	0	12	0	1	1005	1382.96	-141.52	140.33	479.15	1079.9	11	1000180400	13	1
291	45	1571	4	1	14	0	0	1001	386.56	-133.45	-281.39	-281.22	1092.9	13	1000080160	9	0
291	45	1571	4	2	14	0	0	1001	849.00	73.96	-268.01	-292.70	219.0	13	1000200400	8	0
291	45	1571	4	3	14	0	0	1001	1631.55	-49.57	-111.19	746.44	1525.3	13	1000260560	9	0
291	45	1832	1	0	12	0	1	1003	1974.96	122.83	105.29	307.61	1548.0	11	1000180400	19	1
291	45	2138	2	0	14	1	10	1000	736.68	-12.54	343.95	-409.24	595.3	14	1000260560	19	0
291	45	2138	2	1	12	0	1	1003	2279.43	123.28	4.78	474.35	888.6	11	1000180400	12	1
291	45	3433	4	0	14	0	0	1001	387.94	-244.03	3.33	-439.64	802.7	13	1000140280	9	0
291	45	3433	4	1	14	0	0	1001	1353.97	-41.38	-320.27	723.31	120.3	13	1000260560	8	0
291	45	3433	4	2	12	0	2	1091	1551.29	-138.43	169.58	65.64	537.2	11	1000180400	13	1
291	45	3433	4	3	14	1	0	1002	449.72	303.19	-703.77	-243.08	335.7	14	1000140280	11	0
291	45	3460	1	0	12	0	1	1003	2592.92	-13.81	21.63	187.64	161.6	11	1000180400	18	1
291	45	3471	2	0	14	0	0	1001	412.37	694.53	-53.50	-322.08	675.0	13	1000080160	8	0
291	45	3471	2	1	12	0	0	1001	1076.06	9.65	195.26	491.05	1270.9	11	1000180400	10	1
291	45	4221	2	0	12	0	10	1000	379.88	-53.18	-2.19	23.67	685.8	11	1000180400	42	1
291	45	4221	2	1	14	0	0	1001	474.99	-573.33	35.74	103.48	1274.1	13	1000080160	12	0
291	45	6535	2	0	14	1	0	1002	559.35	-486.09	-510.74	965.70	1588.7	14	1000080160	12	0
291	45	6535	2	1	12	0	0	1001	2656.43	20.75	-8.55	212.44	390.5	11	1000180400	8	1
291	45	9190	2	0	14	0	2	1091	3442.99	530.77	-438.42	-767.47	166.7	13	1000080160	16	0
291	45	9190	2	1	12	0	2	1091	1598.74	-185.08	-16.35	16.84	1539.4	11	1000180400	14	1
291	45	9852	1	0	12	0	1	1004	1006.06	139.40	-110.52	100.23	1577.2	11	1000180400	13	1
291	45	12214	2	0	14	1	0	1002	448.10	488.79	83.97	934.54	241.5	14	1000140280	10	0
291	45	12214	2	1	-12	0	0	1001	739.38	-86.13	-184.66	139.84	1126.0	-11	1000180400	9	1
296	98	1011	2	0	14	0	0	1001	860.12	-399.85	-520.96	556.72	626.0	13	1000080160	8	0
296	98	1011	2	1	12	0	0	1001	2174.15	57.30	-143.25	226.63	1242.5	11	1000180400	9	1
296	98	2379	3	0	14	1	0	1002	385.41	66.34	-671.66	338.25	830.1	14	1000110230	10	0
296	98	2379	3	1	14	0	2	1091	3783.12	-177.91	74.45	-1005.92	425.3	13	1000080160	14	0
296	98	2379	3	2	12	0	1	1003	1254.78	194.60	53.46	57.33	1139.7	11	1000180400	11	1
296	98	3212	1	0	12	0	0	1001	1074.46	-103.41	-13.76	440.21	849.6	11	1000180400	9	1
296	98	8427	3	0	14	1	0	1002	2271.19	-400.01	-513.74	737.75	992.1	14	1000140280	10	0
296	98	8427	3	1	12	0	0	1001	483.54	194.51	-163.97	269.57	996.3	11	1000180400	9	1
296	98	8427	3	2	14	0	0	1001	478.16	-26.58	-599.21	-501.74	1064.3	13	1000140280	9	0
296	98	9038	3	0	12	0	1	1005	1391.19	-38.84	-66.41	144.89	1506.1	11	1000180400	11	1
296	98	9038	3	1	14	0	0	1001	894.76	-695.91	270.01	-420.49	1010.4	13	1000080160	9	0
296	98	9038	3	2	14	0	0	1001	388.53	95.05	-638.68	516.60	211.3	13	1000080160	8	0
296	98	9247	3	0	14	0	0	1001	1178.06	-96.36	-91.57	103.90	1106.0	13	1000180400	25	1
296	98	9247	3	1	14	0	1	1003	2570.24	572.12	-111.86	1122.47	760.8	13	1000200400	12	0
296	98	9247	3	2	12	0	1	1000	3279.27	-61.63	155.61	300.98	241.2	11	1000180400	14	1
296	98	9284	2	0	14	0	0	1001	786.40	-474.30	3.82	617.57	1482.7	13	1000080160	15	0
296	98	9284	2	1	12	0	2	1091	2057.82	-12.42	34.01	88.94	1238.5	11	1000180400	19	1
296	98	10039	3	0	12	0	1	1003	2205.40	-135.96	-174.99	309.60	1018.2	11	1000180400	12	1
296	98	10039	3	1	14	0	0	1001	1212.84	-151.72	1.69	-344.33	690.8	13	1000140280	8	0
296	98	10039	3	2	14	1	0	1002	519.83	73.74	38.12	-273.15	202.7	14	1000080160	10	0
296	98	10261	2	0	-12	0	0	1001	2802.27	9.80	-26.26	331.84	1039.2	-11	1000180400	8	1
296	98	10261	2	1	14	0	2	1091	2845.46	-272.92	-18.67	-404.95	1238.4	13	1000200400	13	0
296	98	10696	1	0	12	0	2	1091	2063.97	-40.74	-56.31	362.15	1416.5	11	1000180400	15	1
296	98	11239	4	0	14	0	0	1001	573.10	-218.54	187.97	382.92	319.2	13	1000260560	9	0
296	98	11239	4	1	14	0	10	1000	414.21	-1.10	-466.11	819.03	1582.5	13	1000140280	30	0
296	98	11239	4	2	14	0	10	1000	1878.33	-541.40	-39.68	205.44	294.2	13	1000140280	11	0
296	98	11239	4	3	12	0	2	1091	3746.67	-77.58	-81.78	47.49	934.4	11	1000180400	14	1
296	98	11876	1	0	12	0	10	1000	1542.99	-160.60	-130.39	65.11	309.6	11	1000180400	12	1
294	50	884	3	0	12	0	1	1003	3169.18	-61.22	-19.98	123.70	1144.2	11	1000180400	14	1
294	50	884	3	1	14	0	2	1091	1640.88	708.72	-336.35	107.55	1218.8	13	1000140280	14	0
294	50	884	3	2	14	1	0	1002	866.99	159.34	316.09	-309.44	1279.2	14	1000140280	20	0
294	50	2341	3	0	14	0	1	1003	1096.67	655.22	-156.81	-491.81	1407.0	13	1000200400	15	0
294	50	2341	3	1	14	0	1	1000	2453.82	-660.35	571.87	-507.71	781.6	13	1000080160	14	0
294	50	2341	3	2	12	0	0	1001	839.42	-29.32	168.32	221.90	333.7	11	1000180400	8	1
294	50	4659	2	0	12	0	0	1001	1181.23	40.20	141.63	119.38	235.9	11	1000180400	10	1
294	50	4659	2	1	14	0	0	1001	480.82	303.29	536.73	-378.11	748.8	13	1000130270	15	0
294	50	4994	3	0	12	0	0	1001	287.81	87.61	203.61	63.75	326.1	11	1000180400	10	0
294	50	4994	3	1	14	1	1	1006	693.35	-647.73	-199.91	477.05	1571.0	14	1000140280	12	0
294	50	4994	3	2	14	0	0	1001	511.11	-585.84	96.46	-172.72	756.1	13	1000120240	8	0
294	50	5254	3	0	12	0	1	1003	1013.04	-86.26	-170.25	116.72	1332.9	11	1000180400	13	1
294	50	5254	3	1	14	0	0	1001	1972.25	93.29	-17.77	-277.36	505.4	13	1000200400	8	0
294	50	5254	3	2	14	1	0	1002	2663.45	428.98	-280.37	-607.80	210.3	14	1000120240	9	0
294	50	5979	2	0	-12	0	1	1000	1552.96	-0.12	-186.67	302.83	1470.8	-11	1000180400	11	1
294	50	5979	2	1	14	0	0	1001	661.73	190.89	162.34	16.18	875.3	13	1000180400	9	1
294	50	6823	2	0	14	0	2	1091	1958.17	-91.84	-661.64	-474.21	404.6	13	1000140280	14	0
294	50	6823	2	1	12	0	0	1001	631.40	-85.81	-12.65	474.51	152.3	11	1000180400	10	1
294	50	7564	1	0	12	0	1	1003	973.58	-159.69	-33.49	473.27	531.5	11	1000180400	12	1
294	50	7928	1	0	12	0	1	1005	2992.01	47.73	199.48	292.80	522.9	11	1000180400	14	1
294	50	8850	2	0	12	0	1	1004	1663.30	194.90	57.58	419.51	1569.3	11	1000180400	22	1
294	50	8850	2	1	14	1	0	1002	402.19	604.41	117.36	-462.56	384.2	14	1000120240	12	0
294	50	10247	2	0	12	0	0	1001	528.91	-142.57	138.57	298.02	638.7	11	1000180400	8	1
294	50	10247	2	1	14	1	0	1002	903.58	-180.80	-122.92	-428.86	1048.5	14	1000200400	10	0
294	50	11721	4	0	14	0	1	1004	963.86	515.76	82.97	483.72	684.7	13	1000080160	12	0
294	50	11721	4	1	14	0	0	1001	832.55	-43.06	352.43	114.63	121.5	13	1000260560	8	0
294	50	11721	4	2	14	0	1	1005	2985.37	-517.60	257.61	597.78	1198.2	13	1000260560	12	0
294	50	11721	4	3	12	0	0	1001	595.67	-108.34	117.34	270.24	278.6	11	1000180400	9	1
296	97	169	1	0	12	0	1	1000	2567.21	-106.40	-23.07	125.91	1145.4	11	1000180400	21	1
296	97	725	1	0	12	0	1	1003	2048.45	3.34	17.40	353.21	244.2	11	1000180400	12	1
296	97	1553	1	0	12	0	2	1091	1472.86	-143.95	67.11	439.36	206.6	11	1000180400	15	1
296	97	3391	2	0	12	0	10	1000	1010.89	-198.10	127.96	107.37	821.5	11	1000180400	37	1
296	97	3391	2	1	14	0	0	1001	1851.19	-476.48	-706.96	167.10	1050.9	13	1000110230	8	0
296	97	5657	1	0	12	0	2	1091	3345.70	-157.31	-86.24	287.85	204.6	11	1000180400	16	1
296	97	5717	2	0	14	1	0	1002	371.07	489.12	35.14	-167.00	1474.8	14	1000140280	9	0
296	97	5717	2	1	12	0	2	1091	1479.79	-163.36	-51.61	433.77	1020.9	11	1000180400	23	1
296	97	6588	2	0	14	1	0	1002	832.40	-108.41	-585.32	630.65	102.1	14	1000110230	10	0
296	97	6588	2	1	-12	0	10	1000	910.78	-169.68	192.73	51.81	1063.5	-11	1000180400	12	1
296	97	7232	2	0	12	0	0	1001	1967.21	54.09	-49.97	98.90	1463.8	11	1000180400	9	1
296	97	7232	2	1	14	1	2	1092	2274.78	-180.71	-667.35	182.76	1468.2	14	1000080160	14	0
296	97	8560	2	0	12	0	10	1000	848.62	-199.78	-13.07	18.27	760.0	11	1000180400	11	1
296	97	8560	2	1	14	0	0	1001	607.99	154.16	-487.98	-302.72	826.2	13	1000140280	9	0
296	97	10801	2	0	14	1	0	1002	351.94	252.90	430.87	-384.50	425.5	14	1000080160	15	0
296	97	10801	2	1	12	0	1	1005	2742.56	-57.75	-87.50	127.26	650.1	11	1000180400	13	1
294	56	185	3	0	-12	0	0	1001	2646.94	-17.40	-175.16	68.21	1178.5	-11	1000180400	8	1
294	56	185	3	1	14	0	0	1001	359.64	628.47	-458.94	-211.13	1039.2	13	1000080160	9	0
294	56	185	3	2	14	0	1	1000	3411.10	44.19	-16.27	-438.28	1370.8	13	1000140280	13	0
294	56	2037	2	0	12	0	0	1001	1517.68	22.42	-42.82	471.42	703.0	11	1000180400	13	1
294	56	2037	2	1	14	0	0	1001	1939.30	-140.68	46.35	-491.78	196.6	13	1000080160	12	0
294	56	8094	3	0	12	0	1	1003	1421.81	134.31	99.16	286.42	504.7	11	1000180400	13	1
294	56	8094	3	1	14	0	10	1000	2715.55	-18.47	190.12	-321.93	617.8	13	1000200400	26	0
294	56	8094	3	2	14	1	2	1092	1429.30	-331.24	-285.53	970.19	1211.0	14	1000140280	16	0
294	56	10960	2	0	14	1	0	1002	745.32	-578.75	-329.30	971.28	907.3	14	1000080160	10	0
294	56	10960	2	1	12	0	1	1004	1694.69	131.33	-74.41	466.80	246.3	11	1000180400	14	1
293	64	899	4	0	-14	0	0	1001	1680.96	-309.84	-434.36	-434.06	367.1	-13	1000080160	8	0
293	64	899	4	1	14	0	0	1001	433.92	93.75	641.50	-415.55	691.6	13	1000140280	12	0
293	64	899	4	2	14	0	0	1001	619.62	176.20	-113.84	-327.49	1375.6	13	1000080160	10	0
293	64	899	4	3	12	0	0	1001	1469.55	193.83	-95.93	171.58	461.5	11	1000180400	11	1
293	64	2676	3	0	14	0	0	1001	2068.68	-564.54	-123.98	920.71	1263.5	13	1000130270	9	0
293	64	2676	3	1	12	0	1	1005	1827.17	100.60	-47.77	368.06	807.9	11	1000180400	20	1
293	64	2676	3	2	14	1	0	1002	2308.43	88.37	438.40	-431.41	141.0	14	1000200400	9	0
293	64	7591	3	0	14	0	0	1001	1902.74	-632.15	-443.52	-158.17	697.5	13	1000140280	8	0
293	64	7591	3	1	12	0	10	1000	1294.42	-38.15	-84.24	93.88	1502.8	11	1000180400	19	1
293	64	7591	3	2	14	1	0	1002	747.65	-553.98	-151.44	896.56	1171.0	14	1000200400	9	0
293	64	8782	2	0	12	0	1	1003	1077.90	19.05	-147.08	401.90	431.8	11	1000180400	13	1
293	64	8782	2	1	14	1	1	1008	782.99	218.87	185.49	-56.95	1044.3	14	1000180400	13	0
293	64	10168	3	0	14	1	0	1002	469.89	550.37	128.10	453.34	91.7	14	1000120240	15	0
293	64	10168	3	1	12	0	0	1001	560.83	-82.74	85.84	24.10	62.0	11	1000180400	9	1
293	64	10168	3	2	14	0	0	1001	250.19	-159.28	-311.65	-201.33	1019.4	13	1000130270	9	0
300	6	495	3	0	14	0	0	1001	592.10	166.45	-187.58	982.05	358.6	13	1000080160	8	0
300	6	495	3	1	14	0	1	1004	1303.93	-80.54	-58.31	-278.36	1547.4	13	1000080160	13	0
300	6	495	3	2	12	0	10	1000	699.27	110.98	108.46	142.71	102.6	11	1000180400	12	1
300	6	1685	1	0	12	0	1	1003	731.15	-73.72	-8.65	345.90	735.3	11	1000180400	45	1
300	6	4403	3	0	14	1	0	1002	339.28	251.07	246.55	-387.53	445.8	14	1000200400	9	0
300	6	4403	3	1	-14	0	0	1001	970.11	-101.19	138.02	-25.24	743.3	-13	1000180400	10	0
300	6	4403	3	2	12	0	10	1000	913.69	79.17	-201.17	451.26	548.5	11	1000180400	18	0
300	6	4952	2	0	12	0	1	1005	1500.28	-20.29	146.30	116.48	387.9	11	1000180400	13	1
300	6	4952	2	1	14	0	0	1001	3662.09	411.56	-190.98	-616.68	511.6	13	1000200400	8	0
300	6	8528	3	0	14	0	1	1003	1274.88	-682.41	-432.58	-285.72	522.5	13	1000080160	12	0
300	6	8528	3	1	12	0	0	1001	826.56	-49.04	-68.88	121.40	707.7	11	1000180400	12	1
300	6	8528	3	2	14	1	0	1002	657.29	434.13	-18.09	-450.84	820.2	14	1000080160	10	0
300	6	10108	1	0	12	0	1	1003	1298.75	-77.29	164.00	466.07	1571.6	11	1000180400	13	1
300	6	10156	1	0	12	0	1	1003	1319.82	-141.96	45.69	434.65	1493.0	11	1000180400	11	1
300	6	11579	2	0	14	1	0	1002	1091.35	-667.41	-117.13	973.12	1455.0	14	1000140280	9	0
300	6	11579	2	1	12	0	10	1000	946.30	-158.71	-175.28	111.92	1465.5	11	1000180400	36	1
300	6	12011	1	0	12	0	1	1003	1135.39	-30.07	108.38	210.81	955.7	11	1000180400	12	1
295	11	2088	3	0	14	0	1	1003	1920.69	494.75	314.40	788.38	690.0	13	1000200400	18	0
295	11	2088	3	1	12	0	1	1004	1045.74	-37.80	53.54	101.00	1333.3	11	1000180400	17	1
295	11	2088	3	2	14	0	1	1003	535.35	-536.22	41.00	155.76	350.4	13	1000140280	11	0
295	11	2642	2	0	14	1	0	1002	1224.11	-460.82	-390.82	984.28	1057.7	14	1000140280	9	0
295	11	2642	2	1	12	0	10	1000	1786.98	192.75	-200.41	193.31	85.2	11	1000180400	17	0
295	11	2939	2	0	12	0	2	1091	3661.73	113.88	-66.47	96.92	974.4	11	1000180400	13	1
295	11	2939	2	1	14	0	1	1003	888.08	115.53	-157.81	-423.47	577.9	13	1000080160	12	0
295	11	3106	2	0	14	1	0	1002	802.41	-143.94	-407.71	-255.23	373.3	14	1000080160	8	0
295	11	3106	2	1	12	0	10	1000	1043.49	-23.80	-109.98	183.80	1031.0	11	1000180400	11	1
295	11	4306	1	0	12	0	10	1000	901.03	174.44	-95.11	341.03	527.1	11	1000180400	12	1
295	11	8404	3	0	14	1	10	1000	4012.83	196.74	150.15	638.59	518.0	14	1000180400	16	0
295	11	8404	3	1	14	1	0	1002	286.07	259.70	-488.74	-404.21	1031.6	14	1000080160	12	0
295	11	8404	3	2	12	0	2	1091	1727.04	-148.03	149.47	471.00	890.7	11	1000180400	17	1
295	11	8802	2	0	14	1	0	1002	240.78	615.35	-70.72	815.65	709.8	14	1000120240	13	0
295	11	8802	2	1	12	0	10	1000	1118.04	-48.88	-103.75	15.02	705.3	11	1000180400	23	1
295	11	10895	3	0	14	0	0	1001	412.39	568.03	-400.94	-195.85	1359.5	13	1000140280	9	0
295	11	10895	3	1	14	0	0	1001	468.41	-26.94	142.21	396.71	1155.6	13	1000180400	9	1
295	11	10895	3	2	12	0	1	1003	886.19	193.25	-137.60	50.56	857.0	11	1000180400	12	1
295	11	10996	1	0	12	0	0	1001	1562.59	-192.66	202.00	36.50	420.4	11	1000180400	9	0
295	11	11170	2	0	14	1	1	1008	1427.56	-585.92	446.33	502.73	378.6	14	1000160320	11	0
295	11	11170	2	1	12	0	0	1001	686.89	-32.42	23.65	231.59	199.6	11	1000180400	9	1
295	11	11262	2	0	14	0	1	1005	2176.50	-287.76	-326.78	-568.07	758.6	13	1000080160	12	0
295	11	11262	2	1	12	0	1	1004	1416.28	106.79	-135.52	54.95	1481.4	11	1000180400	25	1
295	11	12047	3	0	14	0	0	1001	394.07	-17.82	-555.22	-214.65	1057.1	13	1000140280	22	0
295	11	12047	3	1	14	0	0	1001	993.76	-44.49	58.12	175.04	463.8	13	1000180400	12	1
295	11	12047	3	2	12	0	10	1000	1579.74	-160.37	139.86	160.38	1294.6	11	1000180400	17	1
296	88	447	2	0	12	0	0	1001	2950.54	108.81	-71.15	251.08	389.0	11	1000180400	9	1
296	88	447	2	1	14	0	2	1091	4512.54	253.38	48.21	-1185.71	910.8	13	1000140280	16	0
296	88	1166	2	0	12	0	10	1000	1318.41	-110.82	0.59	178.81	1221.5	11	1000180400	18	1
296	88	1166	2	1	14	1	2	1092	3702.50	207.66	-2.48	546.44	606.9	14	1000180400	13	0
296	88	4176	3	0	14	0	0	1001	568.09	173.78	-584.44	74.80	781.2	13	1000140280	8	0
296	88	4176	3	1	14	0	10	1000	886.02	-73.47	234.67	-412.05	1503.9	13	1000200400	12	0
296	88	4176	3	2	12	0	0	1001	1292.14	142.63	-85.86	61.14	933.6	11	1000180400	12	1
296	88	4463	5	0	14	1	0	1002	591.23	-479.29	-485.83	306.01	998.8	14	1000260560	10	0
296	88	4463	5	1	12	0	1	1003	1390.00	159.18	-122.95	320.92	333.3	11	1000180400	12	1
296	88	4463	5	2	14	1	0	1002	806.18	-110.27	25.84	-477.53	1522.6	14	1000200400	15	0
296	88	4463	5	3	14	0	0	1001	636.98	-129.84	-519.41	-89.59	550.7	13	1000110230	9	0
296	88	4463	5	4	14	0	0	1001	395.76	549.53	-485.56	-251.60	165.7	13	1000110230	8	0
296	88	7014	3	0	14	0	0	1001	650.49	-301.12	226.14	58.81	859.2	13	1000060120	12	0
296	88	7014	3	1	14	0	0	1001	431.16	350.38	22.67	-364.08	543.5	13	1000080160	8	0
296	88	7014	3	2	12	0	0	1001	616.11	126.98	111.18	245.64	144.3	11	1000180400	37	1
296	88	8064	1	0	12	0	1	1004	1758.88	187.86	22.52	47.41	858.3	11	1000180400	18	1
296	88	12108	3	0	14	1	1	1006	4617.07	-208.76	374.15	117.74	687.8	14	1000260560	15	0
296	88	12108	3	1	14	0	0	1001	804.07	63.83	279.23	-292.65	1509.8	13	1000080160	13	0
296	88	12108	3	2	12	0	1	1005	3423.64	180.87	-9.64	246.62	862.9	11	1000180400	37	1
296	88	12391	2	0	12	0	1	1005	2752.17	39.43	52.15	316.85	790.6	11	1000180400	13	1
296	88	12391	2	1	14	1	0	1002	755.68	-178.89	127.87	335.71	1018.9	14	1000180400	20	1
293	94	233	1	0	12	0	1	1004	800.33	-193.31	-40.38	497.66	548.9	11	1000180400	25	1
293	94	1106	1	0	12	0	1	1004	1160.18	-177.36	57.80	393.45	1114.6	11	1000180400	16	1
293	94	1877	2	0	14	1	0	1002	1246.61	600.70	-192.53	188.20	670.4	14	1000120240	25	0
293	94	1877	2	1	12	0	2	1091	2578.01	62.14	49.85	347.81	960.8	11	1000180400	23	1
293	94	2639	3	0	14	1	0	1002	320.72	-458.12	-198.38	-293.42	810.2	14	1000080160	17	0
293	94	2639	3	1	12	0	10	1000	924.73	-99.28	-136.82	455.38	662.6	11	1000180400	11	1
293	94	2639	3	2	14	0	1	1003	2929.83	-292.50	218.45	978.23	811.0	13	1000140280	11	0
293	94	5776	2	0	14	0	0	1001	744.54	84.73	-12.04	578.91	1425.0	13	1000180400	14	0
293	94	5776	2	1	12	0	1	1003	1374.79	-51.90	-69.67	360.72	792.4	11	1000180400	12	1
293	94	7493	1	0	12	0	0	1001	1131.96	-9.33	-20.68	371.78	113.4	11	1000180400	9	1
293	94	7725	3	0	14	1	0	1002	4632.45	519.68	33.43	195.86	1429.0	14	1000140280	11	0
293	94	7725	3	1	12	0	0	1001	120.74	202.04	-112.11	14.63	1275.6	11	1000180400	16	0
293	94	7725	3	2	14	0	0	1001	408.25	391.69	-116.41	-434.66	484.1	13	1000080160	8	0
293	94	8424	2	0	12	0	0	1001	1161.80	-112.53	139.68	395.09	886.6	11	1000180400	10	1
293	94	8424	2	1	14	0	1	1004	1679.70	47.86	-137.93	239.01	1260.9	13	1000180400	26	1
293	94	10548	1	0	12	0	0	1001	1316.26	-164.45	-101.86	225.53	1259.4	11	1000180400	9	1
293	94	10701	2	0	12	0	1	1003	1753.07	-60.06	-168.66	296.57	752.6	11	1000180400	31	1
293	94	10701	2	1	14	1	1	1006	978.66	152.77	64.89	31.91	760.5	14	1000180400	12	1
294	17	462	2	0	14	0	10	1000	284.02	-528.04	213.60	-300.34	561.5	13	1000080160	11	0
294	17	462	2	1	12	0	1	1003	2221.20	-56.50	-197.34	100.00	555.8	11	1000180400	16	1
294	17	887	1	0	12	0	1	1003	1818.86	-51.93	-86.97	225.30	1392.9	11	1000180400	36	1
294	17	5173	3	0	14	0	0	1001	1006.84	-8.59	-219.97	-362.44	350.4	13	1000140280	8	0
294	17	5173	3	1	14	0	0	1001	2703.97	-587.72	-25.34	-365.41	370.2	13	1000200400	9	0
294	17	5173	3	2	12	0	0	1001	252.71	12.34	71.63	409.47	1231.6	11	1000180400	9	1
294	17	9212	1	0	12	0	2	1091	2208.47	-180.34	-169.55	103.55	367.4	11	1000180400	12	1
294	17	11241	2	0	12	0	0	1001	1547.32	-0.82	2.39	328.76	602.1	11	1000240520	8	1
294	17	11241	2	1	14	0	0	1001	2899.30	-80.66	49.03	2.67	646.6	13	1000180400	23	1
295	37	1564	1	0	12	0	10	1000	793.11	174.34	-139.34	128.67	877.8	11	1000180400	12	1
295	37	3827	3	0	14	0	0	1001	1448.43	-115.27	-113.87	979.99	701.2	13	1000080160	17	0
295	37	3827	3	1	12	0	1	1005	1826.41	6.98	-37.27	100.42	384.4	11	1000180400	16	1
295	37	3827	3	2	14	0	1	1000	2127.38	-39.92	66.53	573.81	1309.2	13	1000180400	19	0
295	37	4353	2	0	14	0	1	1004	729.51	195.72	-490.12	-447.25	896.9	13	1000110230	12	0
295	37	4353	2	1	12	0	1	1003	1331.53	113.43	46.14	447.85	1288.1	11	1000180400	13	1
295	37	5487	1	0	12	0	0	1001	1271.97	-64.23	-118.19	33.94	231.1	11	1000180400	9	1
295	37	6933	2	0	14	0	0	1001	690.77	-491.90	104.43	931.39	677.1	13	1000260560	8	0
295	37	6933	2	1	12	0	1	1005	3168.84	-174.60	-146.65	226.08	332.9	11	1000180400	11	1
295	37	7291	1	0	12	0	0	1001	477.31	120.35	128.99	18.60	1366.1	11	1000180400	15	1
295	37	7797	2	0	12	0	2	1091	2861.74	-24.52	117.55	127.23	463.9	11	1000180400	14	1
295	37	7797	2	1	14	0	2	1091	2499.61	380.71	-622.47	1183.78	137.3	13	1000080160	14	0
295	37	11819	1	0	12	0	1	1003	1557.25	193.67	-156.26	308.24	923.6	11	1000180400	11	1
293	93	349	2	0	14	1	1	1006	3454.28	471.60	-65.13	1022.14	1342.6	14	1000200400	11	0
293	93	349	2	1	12	0	0	1001	736.85	108.43	-72.58	131.56	577.2	11	1000180400	9	1
293	93	363	2	0	14	0	0	1001	284.63	513.57	-1.48	612.52	1329.5	13	1000260560	11	0
293	93	363	2	1	12	0	0	1001	460.76	199.10	24.83	203.88	464.2	11	1000180400	8	1
293	93	682	1	0	12	0	1	1003	2194.99	8.66	-161.81	6.28	342.8	11	1000180400	25	1
293	93	831	1	0	12	0	1	1004	2280.25	103.76	18.11	97.40	1235.5	11	1000180400	18	1
293	93	2078	2	0	14	1	0	1002	663.57	9.64	212.66	509.64	966.8	14	1000180400	10	0
293	93	2078	2	1	12	0	0	1001	964.41	171.77	89.27	165.45	1144.2	11	1000180400	8	1
293	93	2519	2	0	14	0	10	1000	2856.31	-244.66	330.80	-857.04	768.4	13	1000080160	11	0
293	93	2519	2	1	12	0	1	1003	1187.05	-45.54	100.86	353.65	943.5	11	1000180400	23	1
293	93	2706	2	0	14	0	0	1001	989.98	-105.79	-42.00	264.71	335.0	13	1000180400	9	1
293	93	2706	2	1	12	0	0	1001	679.85	189.03	77.14	84.05	858.0	11	1000180400	9	1
293	93	3929	2	0	14	0	0	1001	351.89	528.79	247.56	873.48	1530.2	13	1000080160	8	0
293	93	3929	2	1	12	0	0	1001	955.43	-142.07	-19.30	430.11	320.4	11	1000180400	10	1
293	93	4516	1	0	12	0	0	1001	718.80	142.53	-28.25	344.30	410.4	11	1000180400	9	1
293	93	4628	2	0	12	0	1	1003	974.43	198.82	83.47	275.94	542.4	11	1000180400	11	1
293	93	4628	2	1	14	0	0	1001	747.60	-546.24	322.49	567.02	421.0	13	1000140280	9	0
293	93	6517	3	0	12	0	1	1000	2131.60	168.60	-81.09	113.56	443.0	11	1000180400	20	1
293	93	6517	3	1	14	1	0	1002	1168.49	-75.41	197.73	493.30	1137.4	14	1000180400	36	1
293	93	6517	3	2	14	1	2	1092	1106.74	489.88	263.99	-475.70	479.8	14	1000080160	13	0
293	93	8408	1	0	12	0	0	1001	1225.40	176.61	-5.30	281.42	1429.5	11	1000180400	13	1
293	93	10963	2	0	14	1	0	1002	304.12	223.82	-289.53	-368.97	83.8	14	1000080160	10	0
293	93	10963	2	1	12	0	1	1003	4160.60	67.22	147.25	325.01	1075.5	11	1000180400	12	1
293	93	11164	1	0	12	0	1	1005	2461.39	30.94	98.52	31.99	1517.8	11	1000180400	22	1
295	4	789	2	0	12	0	0	1001	2854.27	-91.15	95.63	73.23	1519.9	11	1000180400	8	1
295	4	789	2	1	14	0	0	1001	2062.59	-13.21	-512.76	177.44	1448.7	13	1000080160	8	0
295	4	3220	1	0	12	0	0	1001	1279.85	-58.38	-120.97	295.29	863.3	11	1000180400	15	1
295	4	3245	2	0	12	0	0	1001	983.76	164.61	129.25	361.54	1209.1	11	1000180400	8	1
295	4	3245	2	1	14	0	2	1091	1882.75	12.71	-195.53	-454.11	992.0	13	1000080160	14	0
295	4	3524	1	0	12	0	1	1003	2287.29	75.31	158.46	337.85	771.5	11	1000180400	13	1
295	4	4068	4	0	14	0	1	1003	1051.73	-118.08	347.78	-154.89	337.5	13	1000260560	11	0
295	4	4068	4	1	14	1	3	1096	3889.61	-254.98	35.54	-291.11	504.2	14	1000130270	5	0
295	4	4068	4	2	12	0	0	1001	1896.09	-53.57	-65.77	289.50	355.6	11	1000180400	9	1
295	4	4068	4	3	14	0	0	1001	809.00	16.70	-694.09	289.38	223.1	13	1000080160	8	0
295	4	4534	2	0	14	0	0	1001	580.63	-545.18	-178.71	612.13	344.7	13	1000140280	14	0
295	4	4534	2	1	12	0	0	1001	973.59	199.42	-84.40	1.83	667.9	11	1000180400	9	1
295	4	4615	4	0	14	1	0	1002	557.19	-220.51	-139.80	535.20	947.7	14	1000180400	12	0
295	4	4615	4	1	14	1	0	1002	320.34	-532.65	315.75	933.54	1604.9	14	1000080160	10	0
295	4	4615	4	2	12	0	0	1001	1543.23	-181.94	-126.65	43.40	172.1	11	1000180400	13	1
295	4	4615	4	3	14	0	0	1001	1188.95	410.20	233.33	-281.94	881.7	13	1000080160	8	0
295	4	5768	3	0	14	0	0	1001	190.58	-661.41	381.99	469.51	1270.0	13	1000080160	8	0
295	4	5768	3	1	14	1	2	1092	2475.32	317.82	-287.92	-485.43	973.2	14	1000080160	13	0
295	4	5768	3	2	-12	0	0	1001	2140.29	128.15	-57.86	16.12	1045.8	-11	1000180400	9	1
295	4	8672	1	0	12	0	0	1001	1870.20	35.94	-120.41	3.26	910.7	11	1000180400	9	1
295	47	372	3	0	14	0	1	1003	1313.59	-290.34	-167.85	-327.62	714.9	13	1000140280	13	0
295	47	372	3	1	12	0	0	1001	619.79	157.04	-56.19	62.95	1007.1	11	1000180400	21	1
295	47	372	3	2	14	0	0	1001	1289.08	-677.90	605.02	-277.04	1319.3	13	1000200400	8	0
295	47	3031	1	0	12	0	0	1001	1153.49	-122.06	16.60	374.94	241.7	11	1000180400	9	1
295	47	4499	3	0	12	0	10	1000	1762.84	-169.75	-11.07	281.81	1530.1	11	1000180400	12	1
295	47	4499	3	1	14	0	2	1091	5141.21	-104.52	-95.08	1759.58	478.2	13	1000140280	15	0
295	47	4499	3	2	14	1	1	1000	2888.56	-9.52	-513.02	129.83	629.8	14	1000110230	11	0
295	47	6712	1	0	12	0	0	1001	668.43	30.79	188.37	465.09	907.1	11	1000180400	10	1
295	47	8031	3	0	12	0	1	1003	649.17	148.32	-145.61	221.82	541.7	11	1000180400	15	1
295	47	8031	3	1	14	0	2	1091	3406.98	636.02	305.65	728.65	1580.1	13	1000080160	25	0
295	47	8031	3	2	14	1	2	1092	3158.64	-624.82	-439.22	246.51	220.2	14	1000080160	17	0
295	47	8588	3	0	14	0	1	1003	883.03	0.21	-167.38	207.45	198.7	13	1000180400	14	1
295	47	8588	3	1	12	0	0	1001	2169.68	-82.23	24.42	312.20	1509.8	11	1000180400	8	1
295	47	8588	3	2	14	0	0	1001	270.15	25.98	-709.22	858.42	258.3	13	1000130270	9	0
295	47	9807	3	0	14	0	0	1001	378.19	-648.81	215.72	-92.68	56.6	13	1000080160	8	0
295	47	9807	3	1	14	0	0	1001	1473.42	-219.09	184.06	277.61	1415.4	13	1000180400	9	0
295	47	9807	3	2	-12	0	1	1000	2040.25	-47.06	-192.59	427.48	359.7	-11	1000180400	12	1
295	47	11582	2	0	12	0	1	1003	1064.43	-3.88	-169.65	35.18	573.0	11	1000180400	27	1
295	47	11582	2	1	14	0	0	1001	389.61	592.75	-320.87	-80.01	209.2	13	1000200400	9	0
295	29	1145	1	0	12	0	1	1005	1646.59	-14.66	128.40	319.37	526.1	11	1000180400	11	1
295	29	2207	3	0	14	1	0	1002	570.22	-488.70	487.14	862.16	938.9	14	1000080160	10	0
295	29	2207	3	1	14	0	1	1003	774.99	16.02	369.74	-456.90	820.8	13	1000140280	11	0
295	29	2207	3	2	12	0	0	1001	829.10	-42.32	-144.11	347.05	694.9	11	1000180400	8	1
295	29	4933	2	0	14	0	0	1001	507.22	-243.02	-196.93	-16.28	211.4	13	1000180400	9	0
295	29	4933	2	1	12	0	10	1000	1483.78	-85.59	146.75	324.58	183.3	11	1000180400	11	1
295	29	5325	1	0	12	0	1	1003	1319.47	-97.58	66.08	389.77	1040.5	11	1000180400	12	1
295	29	5577	3	0	12	0	1	1003	1492.45	-149.03	43.75	120.10	803.0	11	1000180400	13	1
295	29	5577	3	1	12	1	0	1002	3313.60	-65.52	325.37	-686.43	582.2	12	1000080160	11	0
295	29	5577	3	2	14	1	0	1002	491.07	520.22	-294.00	570.12	631.5	14	1000200400	9	0
295	29	5892	2	0	14	0	0	1001	373.39	-156.41	-508.90	221.95	481.6	13	1000080160	8	0
295	29	5892	2	1	12	0	1	1000	2306.69	48.73	-123.08	170.26	593.5	11	1000180400	16	1
295	29	6691	2	0	14	0	0	1001	316.13	478.38	421.61	729.89	1069.5	13	1000080160	9	0
295	29	6691	2	1	12	0	1	1005	599.98	141.98	-107.32	498.41	967.0	11	1000180400	11	1
295	29	9437	1	0	12	0	2	1091	1189.05	110.91	114.42	305.03	70.9	11	1000180400	15	1
296	50	11	2	0	14	1	1	1008	433.35	-348.94	-545.55	223.50	1524.9	14	1000080160	12	0
296	50	11	2	1	12	0	0	1001	2075.27	-164.34	88.40	372.46	355.8	11	1000180400	9	1
296	50	1685	2	0	14	0	0	1001	552.16	595.68	43.65	-193.12	1132.2	13	1000080160	9	0
296	50	1685	2	1	12	0	2	1091	860.37	68.29	158.14	322.09	391.5	11	1000180400	14	1
296	50	1882	1	0	12	0	0	1001	916.04	-139.68	49.00	34.30	1330.3	11	1000180400	11	1
296	50	5401	1	0	12	0	1	1004	1832.37	167.21	-116.91	111.72	728.2	11	1000180400	13	1
296	50	5978	1	0	12	0	1	1003	1546.29	-75.17	108.43	15.38	535.3	11	1000180400	12	1
296	50	7407	1	0	12	0	0	1001	930.62	-72.27	180.79	285.98	979.3	11	1000180400	9	1
296	50	8644	3	0	14	0	0	1001	783.88	-630.96	-323.19	513.81	76.7	13	1000120240	9	0
296	50	8644	3	1	12	0	1	1000	2066.95	155.91	-139.26	153.17	63.2	11	1000180400	15	1
296	50	8644	3	2	14	0	0	1001	742.19	-85.52	272.12	-417.15	1408.3	13	1000080160	12	0
296	50	9393	2	0	14	1	0	1002	1116.11	-124.93	161.97	613.40	874.2	14	1000180400	10	0
296	50	9393	2	1	12	0	0	1001	2792.11	-181.54	-139.52	6.50	399.2	11	1000180400	22	1
296	50	10109	2	0	12	0	0	1001	502.69	-16.65	-93.94	32.62	478.7	11	1000180400	10	1
296	50	10109	2	1	14	0	1	1005	4237.05	-237.32	206.07	-21.95	1330.0	13	1000180400	13	0
296	50	11075	2	0	14	0	0	1001	901.22	-549.80	372.79	203.89	1201.5	13	1000110230	16	0
296	50	11075	2	1	12	0	0	1001	2117.45	-157.83	93.23	312.72	674.9	11	1000180400	9	1
293	38	948	2	0	14	0	0	1001	468.50	-662.89	437.43	111.27	499.8	13	1000140280	8	0
293	38	948	2	1	12	0	0	1001	1131.14	92.09	-3.82	385.09	1379.4	11	1000180400	9	1
293	38	2044	2	0	14	0	2	1091	2371.32	549.37	335.49	-483.97	120.2	13	1000200400	23	0
293	38	2044	2	1	12	0	0	1001	542.02	-65.55	-10.24	214.59	447.1	11	1000180400	10	1
293	38	3137	2	0	14	0	2	1091	1207.95	191.51	-521.15	333.92	865.5	13	1000080160	15	0
293	38	3137	2	1	12	0	1	1003	595.79	118.90	-72.59	445.10	1097.7	11	1000180400	12	1
293	38	3703	1	0	12	0	1	1000	1443.20	17.62	89.23	479.37	662.4	11	1000180400	15	1
293	38	4912	1	0	12	0	0	1001	981.54	-99.64	129.98	413.04	1113.2	11	1000180400	8	1
293	38	6691	3	0	14	1	1	1009	1026.28	-97.08	47.69	5.78	610.4	14	1000180400	13	1
293	38	6691	3	1	12	0	10	1000	753.03	-43.53	59.39	324.15	1507.4	11	1000180400	42	1
293	38	6691	3	2	-14	0	0	1001	237.69	-143.95	-182.03	-340.46	1206.0	-13	1000200400	9	0
293	38	7183	2	0	12	0	2	1091	2209.74	-184.60	176.95	33.24	1257.0	11	1000180400	14	1
293	38	7183	2	1	14	0	1	1003	4823.59	-330.81	-694.15	-626.86	627.0	13	1000140280	13	0
293	38	7584	2	0	12	0	1	1003	1227.35	-96.06	35.92	420.14	870.8	11	1000180400	12	1
293	38	7584	2	1	14	1	0	1002	626.82	-48.98	-654.56	180.74	808.7	14	1000080160	9	0
293	38	11937	2	0	14	0	0	1001	432.18	157.68	-440.46	-392.69	956.7	13	1000080160	9	0
293	38	11937	2	1	12	0	0	1001	497.82	-187.09	163.74	35.27	176.2	11	1000180400	9	1
294	32	512	3	0	14	0	2	1091	1240.69	-67.69	-28.65	604.85	1518.8	13	1000180400	13	0
294	32	512	3	1	12	0	0	1001	463.31	25.65	187.22	414.81	1060.0	11	1000180400	26	1
294	32	512	3	2	14	0	0	1001	574.27	-383.70	-459.81	396.09	434.6	13	1000080160	9	0
294	32	972	2	0	14	0	1	1003	771.90	177.37	-49.30	505.28	361.6	13	1000180400	19	0
294	32	972	2	1	12	0	0	1001	193.81	22.70	49.71	72.91	1294.2	11	1000180400	25	1
294	32	1417	2	0	12	0	0	1001	1690.40	129.14	195.06	97.02	801.6	11	1000180400	8	1
294	32	1417	2	1	14	0	0	1001	405.98	-339.47	375.60	-348.01	1032.7	13	1000140280	8	0
294	32	2860	2	0	14	0	0	1001	1271.50	82.80	-104.19	121.51	744.7	13	1000180400	10	1
294	32	2860	2	1	12	0	1	1005	3348.83	-54.14	3.55	221.02	277.4	11	1000180400	18	1
294	32	4841	3	0	14	0	0	1001	464.70	579.80	-138.80	-173.13	1343.9	13	1000080160	9	0
294	32	4841	3	1	12	0	1	1003	1520.01	91.90	-195.87	225.00	123.4	11	1000180400	13	1
294	32	4841	3	2	14	0	1	1003	760.25	604.07	65.48	62.83	1236.3	13	1000080160	11	0
294	32	6144	2	0	-12	0	0	1001	670.12	193.14	-203.03	374.34	794.1	-11	1000180400	9	0
294	32	6144	2	1	14	0	0	1001	198.65	-671.29	203.04	249.24	1432.8	13	1000080160	9	0
294	32	6388	4	0	14	0	0	1001	615.06	-103.24	-447.69	88.40	502.0	13	1000080160	18	0
294	32	6388	4	1	12	0	1	1004	4210.93	4.46	-25.68	64.21	874.7	11	1000180400	16	1
294	32	6388	4	2	14	0	1	1005	1092.80	-599.77	-93.39	-328.88	805.1	13	1000080160	22	0
294	32	6388	4	3	14	0	1	1004	841.31	114.39	-689.56	-413.64	1311.9	13	1000140280	12	0
294	32	7477	2	0	12	0	0	1001	3191.85	132.39	-57.36	111.21	1219.6	11	1000180400	10	1
294	32	7477	2	1	14	0	0	1001	558.63	-416.66	-463.03	652.60	1235.0	13	1000130270	9	0
294	32	7532	3	0	14	0	1	1003	4252.42	-61.04	93.06	-1075.27	820.3	13	1000140280	13	0
294	32	7532	3	1	12	0	1	1003	1737.30	80.54	-167.27	89.42	670.3	11	1000180400	17	1
294	32	7532	3	2	14	0	1	1003	2650.58	-51.37	-207.41	348.43	696.0	13	1000260560	12	0
294	32	8521	2	0	14	0	0	1001	378.76	-319.38	-631.05	935.95	184.4	13	1000080160	10	0
294	32	8521	2	1	-12	0	1	1000	1947.14	129.99	-133.72	58.20	1010.8	-11	1000180400	18	1
294	32	10763	1	0	12	0	0	1001	1831.58	20.91	-137.23	278.48	1187.0	11	1000180400	9	1
294	32	11741	1	0	12	0	0	1001	1912.65	168.26	56.02	57.40	688.2	11	1000180400	8	1
296	28	1226	2	0	12	0	1	1000	1501.47	-177.87	127.60	14.54	608.7	11	1000180400	16	1
296	28	1226	2	1	14	0	0	1001	754.76	-543.01	240.90	212.60	123.8	13	1000200400	9	0
296	28	5042	1	0	12	0	1	1003	1736.81	59.11	22.05	21.88	608.2	11	1000180400	12	1
296	28	5665	2	0	14	0	1	1000	1399.55	-142.58	-132.85	445.28	95.8	13	1000180400	22	1
296	28	5665	2	1	12	0	10	1000	2385.99	130.36	-108.18	152.14	255.2	11	1000180400	21	1
296	28	5816	3	0	14	1	1	1006	947.45	668.81	85.97	684.85	575.3	14	1000080160	13	0
296	28	5816	3	1	14	0	0	1001	417.39	-643.99	-605.14	-25.26	988.0	13	1000140280	8	0
296	28	5816	3	2	12	0	0	1001	480.60	-19.97	41.91	151.92	406.2	11	1000180400	8	1
296	28	6411	1	0	12	0	1	1003	558.68	-144.07	-4.33	474.25	1041.8	11	1000180400	12	1
296	28	8912	2	0	12	0	0	1001	332.95	157.66	-93.32	496.16	627.4	11	1000180400	9	1
296	28	8912	2	1	14	1	10	1000	265.75	-662.98	386.10	72.96	1520.0	14	1000140280	18	0
296	28	9770	1	0	12	0	0	1001	2468.86	-184.81	140.33	181.02	709.6	11	1000180400	17	1
296	28	11385	2	0	12	0	0	1001	766.77	186.79	54.98	65.70	1425.8	11	1000180400	8	1
296	28	11385	2	1	14	1	10	1000	348.20	-112.48	623.19	209.98	334.7	14	1000130270	17	0
296	28	12394	1	0	12	0	2	1091	2232.39	-23.05	-96.30	148.11	1124.1	11	1000180400	29	1
298	57	1701	2	0	14	0	1	1000	1104.36	-137.84	128.10	989.29	1551.4	13	1000140280	16	0
298	57	1701	2	1	12	0	0	1001	882.64	-44.95	116.08	389.43	680.0	11	1000180400	9	1
298	57	2678	1	0	12	0	1	1004	814.43	126.35	106.38	352.75	206.9	11	1000180400	16	1
298	57	3358	2	0	14	0	10	1000	1124.10	-35.86	29.47	546.69	1097.7	13	1000180400	12	0
298	57	3358	2	1	12	0	2	1091	1334.03	-169.53	-25.57	283.57	997.1	11	1000180400	35	1
298	57	6037	2	0	12	0	1	1004	1482.78	-24.48	-88.90	223.84	880.2	11	1000180400	14	1
298	57	6037	2	1	14	1	2	1092	1138.90	-131.93	125.31	-9.30	550.9	14	1000180400	30	0
298	57	9776	2	0	12	0	0	1001	360.31	183.98	-144.28	122.89	251.7	11	1000180400	25	1
298	57	9776	2	1	14	0	0	1001	789.98	-260.70	132.06	-421.91	879.5	13	1000130270	9	0
298	57	10019	2	0	12	0	1	1003	1324.96	151.26	93.44	75.76	1272.3	11	1000180400	23	1
298	57	10019	2	1	14	1	10	1000	621.50	-378.62	-310.25	-426.15	1428.5	14	1000120240	20	0
298	57	12308	2	0	14	0	0	1001	314.57	379.56	-484.68	100.30	972.2	13	1000130270	8	0
298	57	12308	2	1	12	0	0	1001	2052.40	-18.21	-64.66	428.38	642.9	11	1000180400	9	1
298	65	281	2	0	12	0	0	1001	1461.10	37.64	-147.61	390.53	1495.0	11	1000180400	12	1
298	65	281	2	1	14	0	0	1001	1009.57	107.77	-25.66	694.04	1293.3	13	1000060120	8	0
298	65	1075	3	0	14	0	0	1001	1119.83	209.85	-102.38	371.51	1474.5	13	1000180400	13	0
298	65	1075	3	1	14	0	0	1001	287.02	186.92	-576.94	852.22	770.1	13	1000110230	9	0
298	65	1075	3	2	12	0	0	1001	644.94	169.93	176.40	162.89	1314.5	11	1000180400	8	1
298	65	1642	3	0	12	0	2	1091	3403.33	-72.79	32.09	271.81	978.9	11	1000180400	11	1
298	65	1642	3	1	14	1	0	1002	245.84	-372.07	369.43	234.47	1131.6	14	1000260560	12	0
298	65	1642	3	2	14	0	0	1001	1186.89	-159.00	-106.11	259.89	901.8	13	1000180400	16	1
298	65	4220	2	0	14	1	0	1002	598.04	-405.99	599.56	-305.29	202.3	14	1000080160	13	0
298	65	4220	2	1	12	0	1	1003	2105.76	-160.39	-138.94	295.22	941.0	11	1000180400	12	1
298	65	4615	1	0	12	0	1	1003	1977.16	-102.84	-7.98	245.84	1374.6	11	1000180400	23	1
298	65	9141	1	0	12	0	0	1001	951.76	120.15	99.76	300.06	318.5	11	1000180400	8	1
298	65	11857	2	0	12	0	1	1003	1467.62	-100.85	-86.17	10.60	1404.5	11	1000180400	11	1
298	65	11857	2	1	14	0	0	1001	608.76	-194.51	-682.96	405.94	1510.9	13	1000080160	9	0
295	68	40	2	0	12	0	0	1001	851.46	122.09	122.43	265.37	1244.9	11	1000180400	9	1
295	68	40	2	1	14	0	0	1001	817.67	-19.60	175.29	-388.52	140.2	13	1000110230	9	0
295	68	469	2	0	12	0	1	1003	671.61	72.69	-197.49	351.31	941.8	11	1000180400	13	1
295	68	469	2	1	14	0	0	1001	1413.62	-204.02	113.15	481.65	1401.6	13	1000180400	17	0
295	68	978	3	0	14	1	0	1002	375.41	691.10	410.62	349.60	277.8	14	1000200400	11	0
295	68	978	3	1	14	0	10	1000	473.71	-461.57	-299.22	-447.92	820.7	13	1000200400	12	0
295	68	978	3	2	-12	0	1	1000	3230.27	169.98	188.49	35.63	1196.6	-11	1000180400	13	1
295	68	2235	2	0	12	0	2	1091	2474.24	-162.38	-79.59	40.85	819.8	11	1000180400	13	1
295	68	2235	2	1	14	1	1	1008	3402.49	-238.27	128.88	-495.77	1390.5	14	1000080160	12	0
295	68	3580	2	0	12	0	0	1001	1036.43	168.99	-92.36	377.62	1358.1	11	1000180400	9	1
295	68	3580	2	1	14	1	0	1002	668.19	-441.03	-546.73	-124.38	72.3	14	1000110230	11	0
295	68	3777	1	0	12	0	1	1005	760.74	-12.54	191.14	11.08	647.4	11	1000180400	12	1
295	68	4107	3	0	14	1	2	1092	639.34	3.87	199.48	642.32	345.2	14	1000180400	40	0
295	68	4107	3	1	12	0	1	1003	889.87	-90.70	136.87	46.42	802.4	11	1000180400	15	1
295	68	4107	3	2	14	1	1	1008	1353.35	-490.37	-319.43	-50.85	1500.3	14	1000080160	12	0
295	68	6468	2	0	14	1	0	1002	252.28	-677.64	-551.86	557.86	872.8	14	1000080160	10	0
295	68	6468	2	1	12	0	1	1003	1007.77	142.70	-21.41	111.35	367.3	11	1000180400	12	1
295	68	8966	1	0	12	0	1	1003	724.22	17.59	84.61	1.83	760.2	11	1000180400	12	1
295	68	10227	1	0	12	0	3	1097	2704.66	-9.87	-41.00	396.02	149.7	11	1000180400	5	1
295	68	12329	3	0	14	0	0	1001	573.88	-553.69	-372.84	964.78	1567.9	13	1000140280	9	0
295	68	12329	3	1	14	0	0	1001	1283.14	-407.74	-460.20	296.40	182.9	13	1000080160	9	0
295	68	12329	3	2	12	0	1	1004	1508.30	-35.79	-121.27	469.92	1136.9	11	1000180400	13	1
295	51	739	1	0	12	0	2	1091	1402.49	159.13	76.98	216.47	539.5	11	1000180400	15	1
295	51	1195	1	0	12	0	2	1091	1933.63	1.90	-8.69	360.64	72.7	11	1000180400	42	1
295	51	1636	2	0	12	0	0	1001	320.21	45.56	-10.07	352.97	392.4	11	1000180400	10	1
295	51	1636	2	1	14	0	0	1001	480.75	55.10	-2.25	336.27	641.0	13	1000180400	9	1
295	51	3295	1	0	12	0	2	1091	2323.10	-191.20	-199.78	483.19	1456.5	11	1000180400	15	1
295	51	6712	2	0	12	0	0	1001	2973.29	-104.37	81.69	330.82	601.4	11	1000180400	9	1
295	51	6712	2	1	14	0	10	1000	1074.80	-11.80	-102.38	610.96	156.4	13	1000180400	11	0
295	51	6798	3	0	12	0	1	1003	643.98	137.15	81.01	10.78	1139.8	11	1000180400	13	1
295	51	6798	3	1	14	0	0	1001	364.00	67.39	-460.38	-279.88	1453.3	13	1000080160	9	0
295	51	6798	3	2	14	1	0	1002	740.51	676.17	619.00	243.53	430.4	14	1000200400	11	0
295	51	7214	2	0	14	0	0	1001	1109.84	-374.24	383.98	-396.50	1335.5	13	1000080160	9	0
295	51	7214	2	1	12	0	2	1091	3077.24	-170.58	-192.70	310.13	904.9	11	1000180400	13	1
295	51	11153	1	0	12	0	2	1091	2253.50	-30.94	-27.92	341.52	203.0	11	1000180400	27	1
295	51	12073	1	0	12	0	0	1001	883.03	133.01	192.24	464.66	587.3	11	1000180400	8	1
293	95	2119	2	0	12	0	1	1003	673.86	128.42	49.55	480.48	1438.5	11	1000180400	12	1
293	95	2119	2	1	14	1	0	1002	235.53	-664.74	198.16	521.93	171.0	14	1000080160	12	0
293	95	2193	3	0	14	0	10	1000	657.24	-84.54	-538.56	687.13	480.0	13	1000190390	12	0
293	95	2193	3	1	14	1	0	1002	432.91	265.90	337.21	-469.28	216.4	14	1000080160	9	0
293	95	2193	3	2	12	0	10	1000	1873.23	44.14	157.93	262.01	900.6	11	1000180400	12	1
293	95	3804	2	0	14	0	0	1001	529.06	13.89	210.42	362.08	678.4	13	1000180400	23	0
293	95	3804	2	1	12	0	2	1091	1515.76	96.44	68.32	305.63	165.1	11	1000180400	15	1
293	95	5273	3	0	14	0	0	1001	346.26	-527.08	551.11	-124.56	263.5	13	1000140280	8	0
293	95	5273	3	1	14	0	0	1001	269.04	-255.10	-429.55	614.23	1158.5	13	1000140280	8	0
293	95	5273	3	2	12	0	0	1001	360.27	18.17	-32.90	358.67	772.2	11	1000180400	9	1
293	95	6540	4	0	14	0	0	1001	280.07	-23.72	407.32	-396.87	880.6	13	1000140280	9	0
293	95	6540	4	1	12	0	0	1001	1077.49	-169.46	-92.30	155.62	65.3	11	1000180400	9	1
293	95	6540	4	2	14	1	1	1008	838.85	-196.58	158.39	1000.76	778.0	14	1000080160	11	0
293	95	6540	4	3	14	0	1	1004	1650.05	709.08	542.45	-273.74	68.6	13	1000130270	12	0
293	95	7287	1	0	12	0	1	1000	2054.57	187.24	144.74	460.45	110.9	11	1000180400	13	1
293	95	7877	2	0	12	0	1	1005	3241.55	-75.75	-103.64	398.32	356.7	11	1000180400	11	1
293	95	7877	2	1	14	0	1	1004	1098.14	46.21	-59.12	-41.70	703.1	13	1000180400	14	0
293	95	10151	1	0	12	0	2	1091	1938.09	-176.69	56.56	130.44	311.2	11	1000180400	17	1
293	95	11105	2	0	12	0	1	1003	2381.88	-7.25	65.05	94.98	426.6	11	1000180400	12	1
293	95	11105	2	1	14	1	1	1009	462.60	-6.43	-577.11	714.96	995.1	14	1000140280	12	0
293	95	12113	1	0	12	0	0	1001	2558.60	117.99	109.10	17.92	400.5	11	1000180400	8	1
294	16	8243	2	0	14	1	1	1000	3842.08	-415.05	-235.77	1586.28	682.6	14	1000120240	14	0
294	16	8243	2	1	12	0	1	1005	920.58	-57.12	-18.44	428.63	1153.0	11	1000180400	13	1
294	16	9766	1	0	12	0	1	1003	618.14	175.85	81.49	331.14	1378.0	11	1000180400	12	1
294	16	10317	2	0	14	0	0	1001	4616.66	-706.39	201.96	-203.47	1189.3	13	1000080160	10	0
294	16	10317	2	1	12	0	2	1091	2342.23	76.37	-162.46	481.14	283.2	11	1000180400	13	1
294	16	11306	1	0	12	0	0	1001	850.02	-11.01	28.81	20.73	1119.2	11	1000180400	9	1
294	16	11516	2	0	12	0	0	1001	715.36	688.79	442.58	-222.67	660.2	11	1000120240	8	0
294	16	11516	2	1	12	0	0	1001	1206.87	63.32	92.06	230.57	1051.8	11	1000180400	10	1
293	11	233	2	0	14	0	0	1001	554.08	-221.71	-7.22	515.85	831.9	13	1000180400	9	0
293	11	233	2	1	12	0	0	1001	228.95	105.01	-6.53	417.58	491.1	11	1000180400	10	1
293	11	1059	2	0	14	0	0	1001	705.39	-385.11	-277.15	-296.19	809.0	13	1000140280	8	0
293	11	1059	2	1	12	0	1	1004	727.00	140.79	-17.21	147.72	460.9	11	1000180400	13	1
293	11	1488	1	0	12	0	10	1000	1050.16	-102.63	-125.21	326.83	905.0	11	1000180400	11	1
293	11	2521	2	0	14	0	10	1000	497.28	-504.11	-454.42	978.03	738.0	13	1000080160	12	0
293	11	2521	2	1	12	0	0	1001	844.27	-100.74	-61.52	2.56	155.5	11	1000180400	8	1
293	11	2913	1	0	12	0	1	1003	1672.32	90.18	161.87	264.91	696.2	11	1000180400	12	1
293	11	3962	2	0	14	0	10	1000	2478.99	234.02	-193.80	-659.65	889.5	13	1000140280	22	0
293	11	3962	2	1	12	0	0	1001	397.19	39.16	-93.76	305.60	1073.2	11	1000180400	9	1
293	11	4235	3	0	12	0	10	1000	1612.66	-77.58	101.94	453.70	1401.1	11	1000180400	46	1
293	11	4235	3	1	14	0	0	1001	1086.01	-15.59	-229.38	74.16	687.0	13	1000180400	35	0
293	11	4235	3	2	14	0	10	1000	537.83	-139.87	229.27	998.86	832.6	13	1000080160	16	0
293	11	4685	3	0	-12	0	0	1001	2465.40	91.55	64.41	355.99	1570.6	-11	1000180400	8	1
293	11	4685	3	1	14	0	10	1000	1416.79	-97.52	186.28	-360.01	578.8	13	1000200400	18	0
293	11	4685	3	2	14	0	0	1001	362.99	230.12	144.49	-291.62	903.0	13	1000080160	8	0
293	11	6107	2	0	12	1	0	1002	1041.85	145.97	-241.42	593.27	613.1	12	1000180400	10	0
293	11	6107	2	1	12	0	0	1001	2541.36	-33.95	0.06	497.84	267.0	11	1000180400	8	1
293	11	6856	3	0	12	0	0	1001	398.66	-134.21	-81.00	124.94	1450.0	11	1000180400	9	1
293	11	6856	3	1	14	0	0	1001	282.19	183.04	-251.86	-325.12	544.1	13	1000080160	10	0
293	11	6856	3	2	14	0	1	1005	1035.45	322.46	-119.55	-278.79	505.3	13	1000080160	13	0
293	11	11151	2	0	12	0	10	1000	1734.97	20.06	89.25	73.13	1102.6	11	1000180400	12	1
293	11	11151	2	1	14	0	10	1000	825.68	-530.09	-354.90	676.71	384.8	13	1000140280	11	0
293	11	11601	2	0	12	0	1	1003	1453.67	57.31	-4.95	410.61	359.3	11	1000180400	12	1
293	11	11601	2	1	14	0	0	1001	346.96	-239.73	-625.68	455.34	1401.7	13	1000110230	8	0
294	72	512	2	0	14	0	0	1001	458.83	568.14	-647.10	-152.95	1570.4	13	1000140280	9	0
294	72	512	2	1	12	0	0	1001	832.66	-63.22	-89.36	105.35	1083.6	11	1000180400	10	1
294	72	1655	1	0	12	0	0	1001	813.47	-137.11	30.57	330.23	736.4	11	1000180400	9	1
294	72	2668	1	0	12	0	1	1004	1409.92	-126.27	27.33	158.46	673.4	11	1000180400	12	1
294	72	2928	3	0	14	0	0	1001	1301.18	643.32	-613.68	793.40	995.1	13	1000080160	11	0
294	72	2928	3	1	12	0	0	1001	504.80	136.22	63.32	357.34	678.6	11	1000180400	10	1
294	72	2928	3	2	14	1	1	1009	1170.11	-69.12	-188.78	-20.13	136.1	14	1000180400	27	0
294	72	3846	2	0	12	0	1	1003	760.25	-154.89	-94.94	398.16	808.9	11	1000180400	44	1
294	72	3846	2	1	14	0	0	1001	390.49	-573.23	-454.53	-375.24	1295.9	13	1000140280	8	0
294	72	4056	2	0	14	0	1	1003	1087.26	-217.34	146.63	-469.94	972.9	13	1000140280	16	0
294	72	4056	2	1	12	0	10	1000	612.42	-164.88	-197.39	492.39	322.8	11	1000180400	12	1
294	72	6513	3	0	14	0	0	1001	402.35	-540.42	-654.02	703.33	1444.7	13	1000140280	26	0
294	72	6513	3	1	12	0	0	1001	1594.82	-11.73	91.66	449.62	1417.5	11	1000180400	9	1
294	72	6513	3	2	14	0	1	1003	3187.43	21.72	-434.61	1314.47	313.5	13	1000130270	14	0
294	72	8471	1	0	12	0	0	1001	1014.36	-172.19	-72.31	392.22	1246.6	11	1000180400	8	1
294	72	8766	1	0	12	0	0	1001	1649.20	-64.74	-168.34	44.48	425.3	11	1000180400	10	1
297	87	152	4	0	14	1	0	1002	406.22	-589.11	517.33	522.75	854.2	14	1000080160	10	0
297	87	152	4	1	12	0	0	1001	1204.71	100.86	-183.57	381.76	1282.3	11	1000180400	9	1
297	87	152	4	2	14	1	0	1002	970.34	-2.88	-256.20	324.95	1208.8	14	1000180400	12	0
297	87	152	4	3	12	1	0	1002	141.88	-700.17	-588.92	93.88	460.3	12	1000110230	9	0
297	87	559	1	0	12	0	1	1000	2909.70	-91.20	5.14	270.56	1052.1	11	1000180400	21	1
297	87	8779	1	0	12	0	10	1000	602.63	-122.45	-187.10	61.19	345.3	11	1000180400	12	1
297	87	8907	1	0	12	0	0	1001	775.28	-174.66	0.98	426.78	1456.5	11	1000180400	18	1
297	87	9204	4	0	12	0	0	1001	354.60	-121.36	136.45	128.11	840.0	11	1000180400	9	1
297	87	9204	4	1	14	1	10	1000	713.61	-252.32	236.65	-295.47	1094.0	14	1000080160	21	0
297	87	9204	4	2	14	0	0	1001	394.35	-22.72	-416.08	62.26	1558.8	13	1000140280	9	0
297	87	9204	4	3	14	0	0	1001	465.38	663.85	-485.00	-72.61	1403.1	13	1000080160	8	0
296	82	269	3	0	12	0	0	1001	897.69	-13.79	-15.85	453.46	207.7	11	1000180400	14	1
296	82	269	3	1	14	1	0	1002	649.43	-72.34	253.39	-313.62	392.0	14	1000080160	10	0
296	82	269	3	2	14	0	1	1003	1171.06	278.73	-429.83	-264.13	66.9	13	1000080160	12	0
296	82	4624	1	0	12	0	0	1001	410.76	-166.14	-130.88	330.83	1473.1	11	1000180400	9	1
296	82	6024	2	0	14	1	0	1002	449.19	528.20	170.49	118.00	895.2	14	1000080160	9	0
296	82	6024	2	1	12	0	0	1001	1195.60	-54.39	-108.10	291.24	845.4	11	1000180400	8	1
296	82	6703	2	0	12	0	0	1001	1604.01	-112.24	76.53	207.66	256.4	11	1000180400	9	1
296	82	6703	2	1	14	0	0	1001	672.19	-616.80	-451.50	759.74	407.6	13	1000140280	9	0
296	82	7529	1	0	12	0	0	1001	983.33	52.68	-202.20	281.88	1452.4	11	1000180400	9	0
296	82	8879	1	0	12	0	1	1003	1348.48	-138.00	154.24	435.40	680.6	11	1000180400	13	1
296	82	11351	1	0	12	0	0	1001	1004.18	-184.01	118.75	360.79	281.7	11	1000180400	21	1
296	82	12015	3	0	12	0	1	1005	2047.48	33.30	100.07	259.19	541.4	11	1000180400	11	1
296	82	12015	3	1	14	0	0	1001	440.89	-513.24	-463.48	169.16	654.0	13	1000080160	8	0
296	82	12015	3	2	-14	1	10	1000	430.57	-430.05	-655.56	528.27	1042.5	-14	1000140280	12	0
296	82	12300	1	0	12	0	0	1001	405.38	-23.38	144.97	110.22	1162.2	11	1000180400	8	1
296	82	12374	1	0	12	0	10	1000	1188.70	143.05	-0.64	329.17	1358.2	11	1000180400	12	1
296	82	12495	3	0	14	0	0	1001	290.31	178.92	-564.82	-365.39	1165.3	13	1000130270	8	0
296	82	12495	3	1	12	0	10	1000	1373.81	-89.26	36.49	316.52	467.4	11	1000180400	23	1
296	82	12495	3	2	14	0	0	1001	309.59	129.50	106.10	97.86	687.5	13	1000180400	10	1
294	10	3205	1	0	12	0	1	1005	2726.75	-181.83	-106.74	439.84	1362.2	11	1000180400	11	1
294	10	3288	3	0	12	0	1	1000	2492.45	50.38	78.33	142.27	1145.7	11	1000180400	22	1
294	10	3288	3	1	14	0	10	1000	1461.65	-195.51	-125.91	341.54	1357.7	13	1000180400	18	1
294	10	3288	3	2	14	0	10	1000	641.55	99.47	-601.01	-220.58	942.2	13	1000140280	12	0
294	10	4719	3	0	14	0	0	1001	511.83	217.87	-429.05	-154.34	831.0	13	1000080160	17	0
294	10	4719	3	1	14	0	0	1001	746.74	351.55	-649.60	-258.53	506.7	13	1000080160	8	0
294	10	4719	3	2	12	0	10	1000	1248.40	44.11	-48.67	364.24	603.4	11	1000180400	20	1
294	10	4834	1	0	12	0	0	1001	305.47	-193.94	-182.15	45.63	1577.5	11	1000180400	12	1
294	10	5091	2	0	14	1	0	1002	562.66	-633.94	-213.63	-469.89	629.3	14	1000160320	9	0
294	10	5091	2	1	12	0	1	1004	1686.14	80.41	-99.61	478.99	529.6	11	1000180400	14	1
294	10	11666	2	0	12	0	1	1000	1872.52	-24.18	172.94	372.83	713.7	11	1000180400	16	1
294	10	11666	2	1	14	0	0	1001	346.79	658.71	-504.33	-462.69	1144.8	13	1000080160	9	0
294	10	12102	2	0	14	0	0	1001	456.84	383.82	-24.68	-303.72	1111.4	13	1000110230	8	0
294	10	12102	2	1	12	0	1	1003	643.41	176.25	-100.42	375.32	396.3	11	1000180400	11	1
293	99	576	1	0	12	0	1	1003	570.62	100.11	-105.85	337.56	1208.0	11	1000180400	11	1
293	99	1816	1	0	12	0	10	1000	542.79	164.41	12.26	454.59	1401.6	11	1000180400	24	1
293	99	2344	1	0	12	0	0	1001	1472.69	-65.87	-72.18	93.19	557.5	11	1000180400	9	1
293	99	4071	2	0	12	0	10	1000	1736.32	78.20	107.33	9.75	967.9	11	1000180400	12	1
293	99	4071	2	1	14	0	0	1001	512.92	-524.01	-94.51	665.71	1445.7	13	1000140280	19	0
293	99	6629	2	0	14	1	0	1002	449.93	-132.93	-264.09	394.88	1224.2	14	1000180400	11	0
293	99	6629	2	1	12	0	10	1000	1222.62	39.80	165.40	25.15	364.3	11	1000180400	12	1
293	99	8828	1	0	12	0	0	1001	829.06	-77.05	-177.70	78.68	251.3	11	1000180400	9	1
293	99	9344	1	0	12	0	0	1001	945.90	135.67	173.73	321.33	1377.8	11	1000180400	9	1
293	99	10032	2	0	12	0	2	1091	1328.67	-149.92	-94.83	9.90	1160.1	11	1000180400	16	1
293	99	10032	2	1	14	0	10	1000	723.25	253.81	-25.48	485.09	566.8	13	1000180400	11	0
293	99	10755	1	0	12	0	0	1001	2381.94	-148.59	-72.14	52.08	574.3	11	1000180400	8	1
293	99	11798	2	0	12	0	0	1001	1095.67	200.82	198.82	122.28	1180.8	11	1000180400	8	0
293	99	11798	2	1	14	0	0	1001	1088.30	-51.51	55.27	258.65	1544.9	13	1000180400	10	1
293	99	11920	2	0	14	0	0	1001	619.64	-77.21	-481.72	287.43	658.0	13	1000080160	10	0
293	99	11920	2	1	12	0	10	1000	682.88	-138.93	104.93	257.92	827.6	11	1000180400	11	1
293	99	12019	3	0	12	0	0	1001	997.88	-2.83	203.72	487.24	474.7	11	1000180400	9	0
293	99	12019	3	1	14	0	1	1003	1275.15	-484.90	-43.52	788.88	861.6	13	1000140280	13	0
293	99	12019	3	2	14	0	10	1000	1304.53	32.34	47.43	-272.47	789.9	13	1000080160	11	0
295	14	919	1	0	12	0	1	1003	1005.60	31.44	-182.09	213.50	164.6	11	1000180400	12	1
295	14	991	1	0	12	0	10	1000	483.68	-104.41	49.00	208.33	613.6	11	1000180400	12	1
295	14	2107	2	0	14	0	10	1000	1109.57	-140.99	0.58	776.64	1316.1	13	1000130270	13	0
295	14	2107	2	1	12	0	0	1001	415.30	109.84	19.27	445.16	716.0	11	1000180400	10	1
295	14	3037	3	0	12	0	0	1001	1602.30	104.17	97.20	278.43	561.1	11	1000180400	10	1
295	14	3037	3	1	14	0	1	1003	2800.88	-542.24	-365.91	-8.76	250.2	13	1000200400	15	0
295	14	3037	3	2	14	0	0	1001	584.87	-524.02	35.24	-36.70	1118.1	13	1000080160	8	0
295	14	3691	2	0	14	0	0	1001	1046.08	-193.91	-584.81	995.18	624.2	13	1000110230	24	0
295	14	3691	2	1	12	0	1	1000	2881.31	1.37	-125.58	180.44	710.0	11	1000180400	14	1
295	14	4359	2	0	14	0	0	1001	386.76	116.97	-487.57	-172.98	848.3	13	1000080160	16	0
295	14	4359	2	1	12	0	2	1091	3463.57	-101.76	144.21	15.36	1082.5	11	1000180400	31	1
295	14	4868	1	0	12	0	0	1001	304.00	115.85	-25.76	16.89	1368.3	11	1000180400	9	1
295	14	6326	3	0	14	0	0	1001	845.85	-519.65	316.38	470.84	1233.2	13	1000140280	8	0
295	14	6326	3	1	14	0	0	1001	846.59	85.10	-515.78	322.78	998.8	13	1000140280	8	0
295	14	6326	3	2	12	0	0	1001	1287.46	159.20	-125.24	374.55	394.7	11	1000180400	12	1
294	37	523	2	0	14	0	0	1001	512.51	178.03	372.95	-335.81	1543.4	13	1000080160	9	0
294	37	523	2	1	-12	0	0	1001	1473.15	136.27	102.36	285.29	1567.2	-11	1000180400	9	1
294	37	587	1	0	12	0	0	1001	404.40	128.51	6.85	82.49	1294.3	11	1000180400	10	1
294	37	4946	1	0	-12	0	1	1000	4483.73	92.76	19.49	247.17	1091.2	-11	1000180400	13	1
294	37	7502	3	0	-14	1	0	1002	1013.03	-120.57	-230.33	954.95	1400.0	-14	1000140280	9	0
294	37	7502	3	1	14	0	10	1000	2087.27	408.74	-656.83	724.34	368.6	13	1000110230	12	0
294	37	7502	3	2	12	0	0	1001	1243.11	168.40	153.13	145.34	255.0	11	1000180400	9	1
294	37	7689	3	0	14	0	0	1001	772.92	150.91	-443.15	85.36	232.3	13	1000080160	9	0
294	37	7689	3	1	14	1	0	1002	324.59	-39.02	-64.99	106.44	1200.5	14	1000180400	10	1
294	37	7689	3	2	12	0	0	1001	826.26	25.94	174.77	213.69	1562.0	11	1000180400	11	1
294	37	10101	2	0	12	0	0	1001	477.71	-148.12	-189.46	476.83	850.5	11	1000180400	45	1
294	37	10101	2	1	14	1	0	1002	188.39	-634.69	-586.81	-297.06	1264.1	14	1000080160	8	0
296	56	121	2	0	12	0	2	1091	1104.92	-43.66	5.54	484.62	1306.2	11	1000180400	13	1
296	56	121	2	1	12	0	1	1003	1849.25	-563.38	184.56	400.40	507.5	11	1000120240	15	0
296	56	263	2	0	12	0	10	1000	452.43	141.19	122.32	161.79	1011.0	11	1000180400	12	1
296	56	263	2	1	14	0	0	1001	535.98	-529.82	232.53	797.60	901.0	13	1000140280	12	0
296	56	2095	4	0	14	0	10	1000	1527.97	-102.78	-0.87	-144.84	111.6	13	1000260560	16	0
296	56	2095	4	1	14	1	1	1008	508.71	-55.43	-324.13	788.99	1337.2	14	1000060120	12	0
296	56	2095	4	2	-12	0	2	1091	3125.55	-12.28	-69.94	303.96	829.5	-11	1000180400	15	1
296	56	2095	4	3	14	0	0	1001	1044.54	180.84	-39.63	33.71	175.0	13	1000180400	16	1
296	56	3477	3	0	14	1	1	1006	536.31	-211.95	-524.22	567.95	1139.1	14	1000080160	12	0
296	56	3477	3	1	12	0	1	1004	1466.69	-164.33	121.79	46.23	1007.0	11	1000180400	17	1
296	56	3477	3	2	14	0	2	1091	5601.30	-231.22	-167.42	984.53	1152.9	13	1000130270	26	0
296	56	5241	1	0	12	0	0	1001	920.37	-63.86	-149.71	408.80	396.7	11	1000180400	16	1
296	56	8785	2	0	12	0	0	1001	1528.37	-107.03	28.49	371.74	451.0	11	1000180400	8	1
296	56	8785	2	1	14	0	0	1001	576.94	-260.20	197.01	-421.81	839.8	13	1000080160	15	0
296	56	9373	3	0	14	1	0	1002	527.32	52.26	539.16	-498.78	685.7	14	1000200400	9	0
296	56	9373	3	1	14	0	0	1001	976.95	272.22	-88.36	652.64	1426.6	13	1000060120	8	0
296	56	9373	3	2	12	0	2	1091	3139.34	-105.42	203.16	119.36	234.4	11	1000180400	16	0
296	56	11153	2	0	12	0	0	1001	1406.41	168.30	137.50	80.83	705.7	11	1000180400	10	1
296	56	11153	2	1	14	0	10	1000	730.59	154.48	-393.25	980.40	775.3	13	1000080160	11	0
296	56	11945	2	0	12	0	0	1001	2047.31	-195.54	-195.42	357.36	1170.1	11	1000180400	10	1
296	56	11945	2	1	14	1	0	1002	926.60	-224.16	-535.57	657.12	1388.3	14	1000140280	15	0
292	20	793	2	0	14	0	1	1000	2494.00	236.49	-439.66	52.75	460.3	13	1000080160	20	0
292	20	793	2	1	12	0	2	1091	2314.69	-197.23	-1.89	116.54	1217.9	11	1000180400	14	1
292	20	1399	1	0	12	0	10	1000	999.24	30.56	-163.90	157.90	538.2	11	1000180400	12	1
292	20	2424	2	0	14	1	0	1002	1835.35	-207.83	87.32	974.36	529.7	14	1000140280	12	0
292	20	2424	2	1	12	0	10	1000	761.91	27.00	129.82	101.70	746.0	11	1000180400	12	1
292	20	4450	3	0	14	1	1	1009	2540.86	71.56	268.25	-361.65	294.4	14	1000200400	15	0
292	20	4450	3	1	12	0	2	1091	4029.77	-0.53	124.79	421.11	1058.7	11	1000180400	14	1
292	20	4450	3	2	14	0	1	1003	649.30	-544.55	-623.75	461.62	302.4	13	1000080160	13	0
292	20	4753	2	0	14	0	0	1001	918.28	-238.99	149.53	624.45	288.8	13	1000180400	10	0
292	20	4753	2	1	12	0	0	1001	496.71	110.31	126.95	373.11	1530.5	11	1000180400	9	1
292	20	5939	2	0	14	1	2	1092	1655.27	-17.70	492.00	-374.27	1013.9	14	1000080160	17	0
292	20	5939	2	1	-12	0	2	1091	1971.72	-123.51	1.08	262.31	920.0	-11	1000180400	13	1
292	20	6688	2	0	14	0	1	1004	4159.60	627.71	-64.39	852.90	658.0	13	1000080160	18	0
292	20	6688	2	1	12	0	10	1000	2074.35	-150.36	65.89	306.44	468.6	11	1000180400	15	1
292	20	10695	2	0	14	0	0	1001	491.67	-440.66	-87.64	-334.36	391.4	13	1000140280	9	0
292	20	10695	2	1	12	0	0	1001	620.30	-156.21	164.89	284.07	1489.5	11	1000180400	10	1
292	20	11081	2	0	14	0	1	1003	848.34	263.15	222.42	-297.75	615.6	13	1000140280	12	0
292	20	11081	2	1	12	0	0	1001	357.96	147.28	-71.78	302.48	845.0	11	1000180400	8	1
294	33	184	2	0	14	0	1	1004	1395.63	-89.70	-54.40	-438.93	857.8	13	1000080160	13	0
294	33	184	2	1	12	0	1	1005	2554.95	130.92	-169.93	473.54	1535.6	11	1000180400	12	1
294	33	1305	1	0	12	0	0	1001	988.89	-160.47	69.40	311.55	788.1	11	1000180400	9	1
294	33	1469	1	0	12	0	10	1000	2880.57	-197.71	-46.17	331.72	410.0	11	1000180400	13	1
294	33	1616	2	0	14	1	10	1000	369.41	-263.89	398.93	-270.62	1414.8	14	1000080160	21	0
294	33	1616	2	1	12	0	0	1001	536.61	130.66	154.56	442.43	168.0	11	1000180400	14	1
294	33	2150	2	0	12	0	10	1000	1498.72	191.14	175.22	37.59	308.3	11	1000180400	11	1
294	33	2150	2	1	14	0	0	1001	626.18	280.14	30.49	-352.00	236.9	13	1000080160	8	0
294	33	6160	2	0	14	0	1	1005	1132.97	300.04	-415.44	-362.93	1013.4	13	1000200400	25	0
294	33	6160	2	1	12	0	1	1005	2110.53	138.17	0.44	105.06	1407.0	11	1000180400	12	1
294	33	6812	2	0	14	1	2	1092	3485.25	-520.31	128.35	1207.03	1142.7	14	1000140280	13	0
294	33	6812	2	1	12	0	1	1003	1016.62	-173.20	161.92	361.85	1301.5	11	1000180400	11	1
294	33	8965	2	0	12	0	0	1001	1550.48	107.74	43.11	83.11	934.4	11	1000180400	10	1
294	33	8965	2	1	14	0	0	1001	588.52	62.21	-154.24	44.41	686.9	13	1000180400	9	1
294	33	9376	4	0	14	0	1	1005	1326.24	-88.38	-57.74	630.81	535.7	13	1000180400	11	0
294	33	9376	4	1	14	0	0	1001	1439.89	101.62	-34.72	171.84	635.1	13	1000180400	9	1
294	33	9376	4	2	14	1	0	1002	511.48	26.54	-390.60	-484.07	953.4	14	1000140280	9	0
294	33	9376	4	3	12	0	2	1091	3320.73	-60.53	-162.73	372.77	1322.1	11	1000180400	13	1
294	33	10313	2	0	12	0	1	1003	1879.03	192.47	33.53	349.33	127.2	11	1000180400	12	1
294	33	10313	2	1	14	1	0	1002	260.97	552.67	197.26	99.08	765.8	14	1000080160	19	0
294	33	10995	3	0	14	0	0	1001	828.44	-67.30	-114.69	163.76	670.5	13	1000180400	10	1
294	33	10995	3	1	14	0	0	1001	1039.85	-84.63	25.68	-199.37	542.9	13	1000130270	22	0
294	33	10995	3	2	12	0	0	1001	795.69	-108.08	38.10	28.98	1158.0	11	1000180400	10	1
294	20	897	2	0	14	0	0	1001	1599.59	-310.39	-19.24	-457.60	916.5	13	1000200400	33	0
294	20	897	2	1	12	0	0	1001	959.74	-45.17	124.23	277.08	676.7	11	1000180400	10	1
294	20	1017	3	0	12	0	1	1004	2463.91	-65.55	71.67	296.07	467.3	11	1000180400	29	1
294	20	1017	3	1	14	1	0	1002	529.25	231.22	-202.60	991.23	1230.8	14	1000140280	9	0
294	20	1017	3	2	14	0	2	1091	2256.35	-529.44	208.91	275.27	1392.5	13	1000080160	17	0
294	20	1345	2	0	12	0	10	1000	726.38	-17.27	9.50	240.27	466.1	11	1000180400	15	1
294	20	1345	2	1	14	0	0	1001	602.74	-239.53	493.84	-366.84	1161.3	13	1000080160	10	0
294	20	3006	1	0	12	0	2	1091	2146.19	-64.61	-123.62	193.86	1524.9	11	1000180400	14	1
294	20	3688	3	0	12	0	10	1000	971.42	116.53	80.59	405.17	1398.3	11	1000180400	11	1
294	20	3688	3	1	14	0	2	1091	3087.20	-477.57	296.55	31.43	326.5	13	1000140280	14	0
294	20	3688	3	2	14	0	0	1001	403.92	-510.19	411.93	610.50	1463.4	13	1000200400	9	0
294	20	3897	3	0	14	0	0	1001	628.02	67.66	-489.25	194.83	1088.3	13	1000080160	8	0
294	20	3897	3	1	12	0	1	1004	1559.85	-29.99	-28.78	284.27	1299.9	11	1000180400	18	1
294	20	3897	3	2	14	1	1	1008	1617.20	-3.46	45.51	-341.71	898.6	14	1000080160	13	0
294	20	5908	2	0	-14	0	10	1000	868.35	-14.24	-280.26	-140.05	1343.6	-13	1000260560	18	0
294	20	5908	2	1	12	0	1	1005	972.59	86.48	-151.78	223.89	1148.7	11	1000180400	13	1
294	20	6780	4	0	14	0	0	1001	406.07	444.12	433.10	-326.23	1148.2	13	1000080160	8	0
294	20	6780	4	1	12	0	0	1001	1494.69	-18.52	-1.06	276.78	827.9	11	1000180400	9	1
294	20	6780	4	2	14	0	0	1001	687.34	-59.09	-435.44	527.84	874.9	13	1000080160	9	0
294	20	6780	4	3	14	0	0	1001	333.71	582.69	535.27	392.29	1435.7	13	1000200400	9	0
294	20	6868	2	0	14	1	0	1002	233.71	-270.03	-144.13	984.51	471.2	14	1000080160	11	0
294	20	6868	2	1	12	0	1	1005	1837.85	186.76	-151.00	99.59	1313.8	11	1000180400	17	1
294	20	8687	1	0	12	0	1	1004	2367.81	17.49	3.91	82.59	236.4	11	1000180400	20	1
294	20	9847	1	0	12	0	2	1091	4115.26	177.43	-89.84	217.32	785.3	11	1000180400	14	1
294	20	9926	5	0	14	0	0	1001	268.37	291.98	-645.01	32.86	383.3	13	1000080160	8	0
294	20	9926	5	1	12	0	0	1001	907.05	125.19	-42.96	420.93	1474.0	11	1000180400	10	1
294	20	9926	5	2	14	0	1	1004	1585.93	-485.00	-14.39	850.33	524.3	13	1000080160	16	0
294	20	9926	5	3	14	1	1	1006	2892.98	-117.01	299.52	-768.81	186.7	14	1000140280	16	0
294	20	9926	5	4	14	0	0	1001	2168.22	170.11	-677.71	653.11	988.8	13	1000110230	9	0
294	20	10220	2	0	14	0	2	1091	1338.02	531.32	265.45	528.63	662.0	13	1000140280	13	0
294	20	10220	2	1	12	0	0	1001	1464.30	11.69	-126.31	61.07	763.3	11	1000180400	10	1
294	20	10468	2	0	14	0	0	1001	730.88	-306.26	-99.52	-430.00	916.8	13	1000080160	9	0
294	20	10468	2	1	12	0	0	1001	575.82	-184.32	-144.62	57.46	233.9	11	1000180400	10	1
294	20	12189	2	0	12	0	2	1091	1928.62	145.95	99.05	356.58	904.5	11	1000180400	15	1
294	20	12189	2	1	14	1	1	1008	2392.81	-640.05	173.27	136.18	1333.1	14	1000140280	13	0
292	85	5275	3	0	14	0	1	1004	629.14	324.38	-538.78	-363.59	371.9	13	1000140280	40	0
292	85	5275	3	1	14	0	0	1001	1113.34	-56.95	-341.53	-503.76	366.9	13	1000140280	11	0
292	85	5275	3	2	12	0	1	1005	1358.45	159.88	-28.06	172.20	365.8	11	1000180400	17	1
292	85	6246	1	0	12	0	10	1000	1432.15	-126.95	-52.66	153.14	256.3	11	1000180400	11	1
292	85	6356	2	0	12	0	0	1001	2317.24	-25.85	148.00	231.43	654.5	11	1000180400	9	1
292	85	6356	2	1	14	0	1	1005	2662.47	212.39	375.36	359.18	1055.4	13	1000260560	14	0
292	85	9060	1	0	12	0	1	1003	1236.73	-108.46	-63.05	94.50	1199.1	11	1000180400	12	1
292	85	9530	2	0	14	1	0	1002	216.22	524.05	-104.14	-473.46	387.1	14	1000080160	17	0
292	85	9530	2	1	12	0	1	1003	1390.34	-166.82	-70.03	99.78	743.4	11	1000180400	20	1
292	85	9536	1	0	12	0	0	1001	685.13	39.01	-99.60	430.66	510.8	11	1000180400	20	1
292	85	9543	2	0	12	0	2	1091	2242.24	71.61	78.43	132.26	1163.6	11	1000180400	15	1
292	85	9543	2	1	14	0	1	1004	2400.08	310.46	152.89	1199.24	896.8	13	1000080160	12	0
292	85	11974	1	0	12	0	0	1001	606.41	-77.11	31.09	120.10	122.8	11	1000180400	9	1
295	5	305	2	0	14	0	10	1000	452.42	-323.56	-652.29	800.53	1128.6	13	1000080160	11	0
295	5	305	2	1	12	0	0	1001	711.66	-40.50	-111.35	147.75	972.8	11	1000180400	10	1
295	5	1016	1	0	12	0	1	1003	1340.98	-91.59	203.09	193.90	390.5	11	1000180400	15	0
295	5	1392	2	0	14	1	0	1002	1233.84	-153.39	287.45	962.42	1055.9	14	1000080160	13	0
295	5	1392	2	1	-12	0	1	1000	2557.09	-33.00	-95.44	189.20	1183.8	-11	1000180400	14	1
295	5	2042	1	0	12	0	10	1000	667.33	68.64	112.25	337.32	714.9	11	1000180400	11	1
295	5	4857	1	0	12	0	0	1001	1048.15	-160.14	82.14	479.59	455.5	11	1000180400	9	1
295	5	5935	2	0	14	1	0	1002	1149.98	-0.32	199.83	409.48	1039.4	14	1000180400	14	1
295	5	5935	2	1	12	0	0	1001	504.37	14.58	86.94	173.77	1580.0	11	1000180400	9	1
295	5	7048	1	0	12	0	1	1003	755.74	-166.00	-112.97	220.01	219.4	11	1000180400	13	1
295	5	8226	1	0	12	0	0	1001	464.84	-148.87	158.77	280.36	637.1	11	1000180400	16	1
295	5	12311	1	0	12	0	0	1001	670.33	-71.40	-122.51	189.18	652.9	11	1000180400	9	1
297	21	468	1	0	12	0	0	1001	560.26	24.76	127.94	209.70	123.0	11	1000180400	34	1
297	21	1774	3	0	12	0	10	1000	896.31	-162.71	117.07	343.01	356.2	11	1000180400	27	1
297	21	1774	3	1	14	0	0	1001	826.19	-521.55	-89.02	-107.88	173.7	13	1000080160	9	0
297	21	1774	3	2	14	1	1	1009	2323.22	595.82	-82.80	906.30	1057.7	14	1000200400	11	0
297	21	2881	1	0	12	0	1	1003	2235.36	29.03	173.49	122.11	1370.2	11	1000180400	12	1
297	21	4987	1	0	12	0	0	1001	2077.43	76.69	126.30	129.94	196.5	11	1000180400	8	1
297	21	6501	1	0	12	0	0	1001	1370.83	-0.27	44.57	79.32	515.8	11	1000180400	10	1
297	21	6784	1	0	12	0	1	1003	885.06	72.57	47.36	391.59	415.2	11	1000180400	12	1
297	21	8563	2	0	14	0	10	1000	965.21	-296.89	-140.65	-406.20	709.5	13	1000140280	11	0
297	21	8563	2	1	-12	0	2	1091	3407.87	-34.96	-103.65	174.36	140.5	-11	1000180400	14	1
297	21	11494	1	0	12	0	2	1091	2583.75	-14.11	181.79	385.43	109.8	11	1000180400	26	1
293	49	3659	2	0	12	0	2	1091	2132.48	-2.07	-114.07	380.70	149.3	11	1000180400	18	1
293	49	3659	2	1	14	0	0	1001	616.76	-115.50	482.25	-317.17	180.6	13	1000080160	8	0
293	49	4163	1	0	12	0	0	1001	472.58	-26.39	-42.89	309.05	825.7	11	1000180400	15	1
293	49	4491	2	0	12	0	10	1000	738.09	-109.51	-40.83	61.75	1407.7	11	1000180400	30	1
293	49	4491	2	1	14	1	1	1009	910.25	-120.53	-316.24	-302.72	1507.3	14	1000080160	13	0
293	49	5265	2	0	14	0	0	1001	326.53	-565.87	-139.68	478.39	1439.3	13	1000140280	8	0
293	49	5265	2	1	-12	0	2	1091	3834.63	28.25	69.38	260.21	1261.3	-11	1000180400	12	1
293	49	7503	1	0	12	0	0	1001	497.35	70.00	86.05	264.70	1414.9	11	1000180400	8	1
293	49	9330	2	0	14	0	1	1004	729.79	147.89	-429.48	-470.23	1008.1	13	1000080160	15	0
293	49	9330	2	1	12	0	10	1000	343.28	179.95	-56.78	362.10	886.8	11	1000180400	11	1
293	49	10221	2	0	12	0	0	1001	374.33	186.53	-162.00	368.31	1055.4	11	1000180400	10	1
293	49	10221	2	1	14	1	0	1002	475.85	527.99	-309.80	274.77	1432.6	14	1000080160	15	0
296	6	123	2	0	12	0	1	1004	1004.49	-120.33	102.84	340.46	1207.6	11	1000180400	17	1
296	6	123	2	1	14	0	0	1001	835.21	512.77	-134.86	869.14	900.9	13	1000140280	8	0
296	6	1907	1	0	12	0	0	1001	1871.16	144.64	-18.64	290.87	183.6	11	1000180400	8	1
296	6	2801	2	0	14	1	0	1002	138.53	-473.01	269.74	781.61	1221.7	14	1000080160	10	0
296	6	2801	2	1	12	0	1	1003	1185.38	2.20	-3.37	108.71	824.2	11	1000180400	11	1
296	6	3649	1	0	12	0	0	1001	1009.51	-36.70	27.76	300.17	241.0	11	1000180400	9	1
296	6	5746	3	0	14	0	0	1001	351.43	-709.71	-418.70	950.44	1437.9	13	1000080160	9	0
296	6	5746	3	1	12	0	1	1004	1423.21	-85.12	38.29	248.19	1507.3	11	1000180400	21	1
296	6	5746	3	2	14	0	0	1001	399.04	45.40	-554.15	-135.81	738.3	13	1000110230	9	0
296	6	6087	2	0	14	1	1	1009	2110.77	-699.59	481.01	745.78	162.6	14	1000140280	13	0
296	6	6087	2	1	12	0	10	1000	1042.30	160.33	-3.51	429.26	641.6	11	1000180400	20	1
296	6	7114	3	0	14	1	10	1000	329.31	183.42	-532.11	74.46	1125.4	14	1000260560	12	0
296	6	7114	3	1	12	0	0	1001	1975.39	-181.53	-14.20	229.69	257.5	11	1000180400	9	1
296	6	7114	3	2	14	0	1	1004	576.07	-15.34	210.22	456.27	833.6	13	1000180400	11	0
296	6	10585	2	0	12	0	1	1003	1389.80	-193.72	-24.32	257.93	979.9	11	1000180400	11	1
296	6	10585	2	1	14	0	0	1001	524.80	138.61	-531.51	278.70	297.4	13	1000260560	9	0
296	15	44	1	0	12	0	2	1091	2508.26	-64.32	55.39	48.86	1196.9	11	1000180400	13	1
296	15	724	2	0	14	0	0	1001	431.21	51.93	188.29	958.25	1246.2	13	1000080160	8	0
296	15	724	2	1	12	0	2	1091	1196.05	-186.22	134.38	199.09	788.8	11	1000180400	12	1
296	15	1276	1	0	12	0	1	1003	1304.90	-38.44	-126.07	178.53	1242.2	11	1000180400	26	1
296	15	2316	2	0	12	0	0	1001	891.83	44.36	-169.57	178.78	882.5	11	1000180400	22	1
296	15	2316	2	1	14	0	0	1001	368.74	293.61	-544.50	486.40	1307.4	13	1000080160	9	0
296	15	2569	2	0	14	0	0	1001	436.01	-581.60	305.11	131.36	1218.0	13	1000080160	8	0
296	15	2569	2	1	12	0	0	1001	986.82	132.96	-65.81	63.84	819.5	11	1000180400	9	1
296	15	3001	2	0	14	0	0	1001	590.52	-73.29	239.18	461.53	889.7	13	1000180400	9	0
296	15	3001	2	1	12	0	1	1003	2488.40	-181.63	-165.03	81.77	1482.8	11	1000180400	13	1
296	15	5021	1	0	12	0	0	1001	701.44	38.84	-142.19	22.07	704.3	11	1000180400	12	1
296	15	5146	2	0	12	0	0	1001	886.87	107.73	139.43	253.49	334.3	11	1000180400	8	1
296	15	5146	2	1	14	1	0	1002	1015.20	642.84	17.60	-299.81	524.6	14	1000200400	9	0
296	15	7032	1	0	12	0	0	1001	1702.33	67.48	28.29	367.91	109.5	11	1000180400	10	1
296	15	7118	3	0	14	0	1	1004	3458.01	667.25	248.68	1260.56	1371.4	13	1000080160	19	0
296	15	7118	3	1	12	0	1	1003	2544.26	-20.83	-35.50	473.26	115.3	11	1000180400	14	1
296	15	7118	3	2	14	0	10	1000	1695.80	-47.00	-133.78	464.63	320.5	13	1000180400	11	1
296	15	9480	2	0	12	0	2	1091	2516.03	-3.23	10.20	348.25	355.7	11	1000180400	12	1
296	15	9480	2	1	14	0	1	1005	4597.44	-481.65	-64.81	125.02	1391.2	13	1000080160	13	0
296	15	10971	2	0	12	0	1	1003	3409.40	-104.85	188.32	294.26	335.4	11	1000180400	11	1
296	15	10971	2	1	14	0	0	1001	235.53	525.14	245.58	55.67	970.7	13	1000140280	23	0
291	18	1601	1	0	12	0	0	1001	1639.07	170.71	171.27	298.40	334.8	11	1000180400	10	1
291	18	2019	2	0	12	0	1	1000	2367.72	-42.27	86.33	375.64	433.0	11	1000180400	13	1
291	18	2019	2	1	14	1	0	1002	643.41	0.84	-335.58	-289.85	976.0	14	1000110230	9	0
291	18	3179	1	0	12	0	0	1001	1052.45	170.77	-151.08	10.16	1575.5	11	1000180400	16	1
291	18	5657	2	0	12	0	0	1001	379.09	83.63	-175.44	209.25	1109.4	11	1000180400	10	1
291	18	5657	2	1	14	0	0	1001	219.96	-502.27	207.34	8.50	1402.6	13	1000080160	8	0
291	18	7087	1	0	12	0	10	1000	1666.76	-170.11	84.48	92.17	1484.4	11	1000180400	25	1
291	18	7098	2	0	14	0	1	1003	1382.30	-144.19	-412.56	-209.09	1187.7	13	1000110230	11	0
291	18	7098	2	1	12	0	1	1005	1990.33	70.86	198.99	446.13	451.6	11	1000180400	12	1
291	18	8573	1	0	12	0	0	1001	1563.39	117.13	21.77	121.44	614.5	11	1000180400	9	1
291	18	9249	1	0	12	0	2	1091	1325.40	166.27	-185.69	36.38	1577.1	11	1000180400	14	1
291	18	9497	2	0	14	0	2	1091	1288.36	-227.25	-211.12	72.61	271.5	13	1000180400	22	0
291	18	9497	2	1	12	0	0	1001	313.04	-129.97	-158.45	28.82	799.6	11	1000180400	8	1
291	18	12115	2	0	14	1	0	1002	973.39	-30.00	-140.41	-376.05	445.2	14	1000080160	10	0
291	18	12115	2	1	12	0	1	1003	1140.07	-8.47	-64.77	40.18	534.3	11	1000180400	12	1
291	18	12331	2	0	14	1	0	1002	511.47	-701.06	82.07	359.52	242.2	14	1000190390	9	0
291	18	12331	2	1	12	0	0	1001	1195.73	-56.23	-147.77	470.12	1532.5	11	1000180400	9	1
293	46	486	1	0	12	0	1	1005	2369.90	-40.24	47.05	405.12	226.5	11	1000180400	15	1
293	46	558	1	0	12	0	0	1001	457.70	-77.55	-7.82	319.51	505.9	11	1000180400	9	1
293	46	861	1	0	12	0	10	1000	328.24	24.45	-25.19	327.86	921.0	11	1000180400	11	1
293	46	1006	1	0	12	0	10	1000	1190.37	-181.17	5.28	184.59	66.7	11	1000180400	54	1
293	46	1088	3	0	12	0	1	1000	2272.15	-163.31	135.62	300.99	673.9	11	1000180400	18	1
293	46	1088	3	1	12	0	1	1003	930.56	163.06	-670.84	325.05	655.6	11	1000110230	11	0
293	46	1088	3	2	14	1	1	1006	946.84	-146.12	-85.07	-403.21	406.8	14	1000140280	13	0
293	46	1169	2	0	12	0	10	1000	745.95	134.27	-141.74	283.67	1470.7	11	1000180400	11	1
293	46	1169	2	1	14	1	0	1002	780.98	-60.57	-322.76	980.17	927.6	14	1000080160	13	0
293	46	2839	2	0	14	0	0	1001	344.38	619.82	-380.18	-239.92	1019.3	13	1000130270	9	0
293	46	2839	2	1	12	0	0	1001	756.95	-142.53	163.26	155.58	1484.2	11	1000180400	11	1
293	46	4101	3	0	-12	1	0	1002	1699.03	48.88	-24.60	-271.42	163.5	-12	1000080160	10	0
293	46	4101	3	1	12	0	0	1001	1717.52	57.94	-69.75	459.09	814.1	11	1000180400	9	1
293	46	4101	3	2	14	1	1	1009	702.90	-532.12	80.50	-465.55	689.7	14	1000140280	11	0
293	46	4469	1	0	12	0	0	1001	766.56	-177.31	-25.84	200.67	1411.7	11	1000180400	9	1
293	46	4547	2	0	12	0	1	1003	2222.68	-28.70	196.09	207.05	1281.3	11	1000180400	15	1
293	46	4547	2	1	14	0	0	1001	1147.22	-15.80	-55.43	353.38	471.2	13	1000180400	9	1
293	46	5234	3	0	14	0	0	1001	387.49	686.99	101.82	415.24	963.2	13	1000080160	9	0
293	46	5234	3	1	14	1	10	1000	1329.74	513.95	-291.68	-353.63	842.6	14	1000130270	11	0
293	46	5234	3	2	12	0	0	1001	689.93	154.89	120.78	276.28	806.1	11	1000180400	14	1
293	46	6532	1	0	12	0	1	1005	867.13	-70.26	-18.94	81.47	1331.3	11	1000180400	12	1
293	46	8384	3	0	14	1	0	1002	237.07	77.26	-462.65	463.77	1516.2	14	1000080160	10	0
293	46	8384	3	1	12	0	0	1001	1214.98	74.39	-155.24	90.82	1427.5	11	1000180400	10	1
293	46	8384	3	2	14	0	0	1001	849.39	-113.45	-171.62	519.70	551.5	13	1000180400	10	0
293	46	9455	1	0	12	0	0	1001	987.73	108.27	-146.69	46.79	1103.6	11	1000180400	9	1
293	46	9606	1	0	12	0	0	1001	575.03	131.57	112.76	343.57	395.1	11	1000180400	9	1
293	29	718	1	0	12	0	0	1001	920.92	201.61	34.85	382.87	793.7	11	1000180400	8	0
293	29	1651	2	0	12	0	10	1000	1147.52	-69.64	25.44	389.94	1037.8	11	1000180400	12	1
293	29	1651	2	1	14	0	0	1001	693.08	96.61	-252.58	-375.22	766.5	13	1000080160	10	0
293	29	2555	1	0	12	0	1	1004	1201.59	-165.48	-94.89	483.97	1401.2	11	1000180400	12	1
293	29	3266	3	0	14	0	0	1001	489.97	292.03	-577.74	819.90	1186.9	13	1000140280	8	0
293	29	3266	3	1	14	1	10	1000	399.23	220.74	-547.57	262.92	126.8	14	1000130270	13	0
293	29	3266	3	2	12	0	1	1005	2165.32	-193.44	-109.36	167.01	1047.5	11	1000180400	21	1
293	29	4260	1	0	12	0	0	1001	518.76	-123.19	-54.11	17.98	1252.6	11	1000180400	9	1
293	29	6587	1	0	12	0	1	1005	858.60	35.31	179.24	362.68	564.8	11	1000180400	11	1
293	29	7571	1	0	12	0	1	1000	1896.85	142.85	171.09	92.68	480.6	11	1000180400	16	1
293	29	7670	1	0	12	0	10	1000	1870.89	201.92	125.64	266.90	1110.3	11	1000180400	11	0
293	29	10509	2	0	14	0	10	1000	518.01	-658.05	128.96	-141.42	206.6	13	1000140280	12	0
293	29	10509	2	1	12	0	0	1001	887.05	179.25	-80.04	224.27	386.8	11	1000180400	10	1
296	7	775	1	0	12	0	1	1005	1764.10	124.01	185.63	188.87	1582.8	11	1000180400	12	1
296	7	2377	2	0	12	0	1	1003	2722.34	56.73	27.18	404.75	148.6	11	1000180400	12	1
296	7	2377	2	1	14	0	0	1001	652.92	524.64	-520.31	518.59	911.4	13	1000080160	8	0
296	7	3162	2	0	14	0	0	1001	405.62	-608.62	-424.52	570.79	1462.3	13	1000080160	9	0
296	7	3162	2	1	12	0	0	1001	648.36	-124.37	120.45	232.12	105.0	11	1000180400	11	1
296	7	3870	2	0	14	1	0	1002	208.29	504.63	-548.29	-97.02	492.6	14	1000110230	11	0
296	7	3870	2	1	12	0	1	1003	1196.26	51.20	-196.91	366.37	1569.6	11	1000180400	13	1
296	7	3895	3	0	14	1	0	1002	831.02	-604.51	250.01	1004.50	396.7	14	1000140280	13	0
296	7	3895	3	1	12	0	10	1000	1554.40	-144.13	-14.68	181.74	67.0	11	1000180400	24	1
296	7	3895	3	2	14	0	0	1001	307.32	401.77	-488.59	31.99	326.9	13	1000080160	9	0
296	7	6835	1	0	12	0	0	1001	641.48	-95.81	190.57	43.35	1520.2	11	1000180400	10	1
296	7	7101	1	0	12	0	3	1097	3028.76	-28.68	-25.76	457.24	1116.1	11	1000180400	5	1
296	7	7333	2	0	14	0	10	1000	1275.80	76.70	30.09	-298.31	714.0	13	1000260560	12	0
296	7	7333	2	1	12	0	0	1001	751.64	-171.74	-15.00	463.91	170.2	11	1000180400	17	1
296	7	7791	2	0	12	0	0	1001	1646.75	-13.46	-67.29	415.45	1305.8	11	1000180400	9	1
296	7	7791	2	1	14	1	1	1008	1225.31	-105.16	-573.01	606.66	1499.1	14	1000080160	12	0
296	7	8279	2	0	12	0	1	1003	730.41	-139.96	74.87	369.28	1059.7	11	1000180400	22	1
296	7	8279	2	1	14	1	0	1002	494.57	-610.99	475.72	588.58	194.7	14	1000120240	9	0
296	7	9117	3	0	14	0	1	1000	3086.61	-577.93	-478.35	896.42	1244.3	13	1000080160	15	0
296	7	9117	3	1	12	0	0	1001	592.95	151.43	-8.93	195.19	995.1	11	1000180400	36	1
296	7	9117	3	2	14	0	0	1001	633.65	48.03	-78.80	349.00	1435.5	13	1000180400	15	1
296	7	12369	1	0	12	0	0	1001	309.80	-70.27	-4.81	271.29	1299.1	11	1000180400	16	1
296	7	12484	1	0	12	0	0	1001	407.44	-104.67	-73.53	224.43	1223.6	11	1000180400	8	1
296	35	1568	3	0	14	0	0	1001	385.43	117.46	361.34	236.60	407.2	13	1000260560	9	0
296	35	1568	3	1	14	0	0	1001	2076.01	-552.23	-37.05	249.56	350.7	13	1000130270	8	0
296	35	1568	3	2	12	0	1	1003	1196.61	190.39	-0.64	398.10	1360.0	11	1000180400	12	1
296	35	2694	2	0	12	0	0	1001	307.30	-91.31	-125.31	336.82	1470.8	11	1000180400	9	1
296	35	2694	2	1	14	0	10	1000	1354.64	-57.08	-24.92	-373.20	596.4	13	1000140280	20	0
296	35	4140	1	0	12	0	0	1001	528.23	-139.74	125.96	347.75	1302.9	11	1000180400	14	1
296	35	4398	2	0	14	1	0	1002	408.67	-335.16	-113.70	-442.63	1066.8	14	1000140280	9	0
296	35	4398	2	1	12	0	1	1003	1269.22	-190.65	2.16	278.51	1355.8	11	1000180400	26	1
296	35	5434	1	0	12	0	0	1001	945.18	108.70	-2.04	290.51	1318.4	11	1000180400	9	1
296	35	5500	1	0	12	0	3	1097	1414.26	-27.99	125.83	221.55	409.1	11	1000180400	5	1
296	35	6714	1	0	12	0	0	1001	1609.15	100.11	-59.53	381.49	1360.5	11	1000180400	11	1
296	35	10507	1	0	12	0	0	1001	627.17	3.62	136.06	40.04	175.4	11	1000180400	9	1
300	86	14	2	0	14	1	0	1002	559.86	221.43	-143.37	411.45	1342.8	14	1000180400	10	0
300	86	14	2	1	12	0	1	1004	950.14	-78.87	6.27	329.04	562.4	11	1000180400	12	1
300	86	686	2	0	14	0	1	1003	1181.13	-443.06	318.13	-477.67	1085.8	13	1000140280	11	0
300	86	686	2	1	12	0	1	1000	2528.03	162.23	195.04	108.26	460.2	11	1000180400	19	1
300	86	1498	2	0	14	1	0	1002	413.71	-157.77	429.83	-441.91	479.9	14	1000200400	11	0
300	86	1498	2	1	12	0	0	1001	2221.65	102.02	6.37	85.78	1143.7	11	1000180400	8	1
300	86	4145	2	0	12	0	1	1004	1716.38	-4.19	-41.93	36.75	665.1	11	1000180400	12	1
300	86	4145	2	1	14	1	10	1000	1707.01	502.88	-252.75	-92.12	643.8	14	1000130270	12	0
300	86	6197	3	0	14	0	1	1003	2252.84	208.40	-214.92	-540.42	534.6	13	1000080160	13	0
300	86	6197	3	1	12	0	1	1004	1504.04	99.31	91.16	8.41	800.7	11	1000180400	16	1
300	86	6197	3	2	14	1	0	1002	547.25	-516.07	-259.27	566.08	968.9	14	1000080160	11	0
300	86	8572	1	0	12	0	1	1003	1976.48	152.44	28.09	460.00	358.6	11	1000180400	44	1
300	86	8703	3	0	14	0	0	1001	695.04	-341.72	301.27	-294.90	1112.0	13	1000140280	8	0
300	86	8703	3	1	12	0	0	1001	2069.90	-1.34	-110.53	492.59	1269.8	11	1000180400	11	1
300	86	8703	3	2	14	0	0	1001	1148.29	92.89	-103.72	331.26	769.8	13	1000180400	33	1
300	86	11583	1	0	12	0	0	1001	964.15	-125.07	-155.22	38.26	60.0	11	1000180400	9	1
295	57	311	3	0	14	1	0	1002	391.68	528.98	-324.80	396.98	204.2	14	1000080160	9	0
295	57	311	3	1	14	0	1	1003	1581.09	77.59	207.97	975.55	1303.3	13	1000140280	11	0
295	57	311	3	2	12	0	2	1091	2171.12	117.64	189.94	267.13	221.4	11	1000180400	13	1
295	57	601	2	0	12	0	0	1001	374.84	48.84	-13.31	197.27	142.0	11	1000180400	10	1
295	57	601	2	1	14	1	1	1006	2213.83	64.03	-357.38	-611.42	478.2	14	1000140280	12	0
295	57	1910	5	0	14	0	0	1001	1070.35	250.18	71.27	19.88	457.7	13	1000180400	12	0
295	57	1910	5	1	12	0	0	1001	1211.18	-87.39	134.10	304.83	902.4	11	1000180400	9	1
295	57	1910	5	2	14	1	0	1002	479.15	145.00	523.96	-435.17	576.5	14	1000080160	13	0
295	57	1910	5	3	14	1	1	1006	603.14	-506.99	141.94	-482.78	1406.8	14	1000200400	12	0
295	57	1910	5	4	14	1	0	1002	434.77	-557.16	60.68	914.70	543.3	14	1000120240	10	0
295	57	2749	1	0	12	0	1	1005	1004.75	-87.94	-33.56	88.91	1010.4	11	1000180400	13	1
295	57	3460	2	0	12	0	0	1001	727.53	-166.13	17.61	239.36	482.7	11	1000180400	10	1
295	57	3460	2	1	14	0	0	1001	454.35	341.61	5.36	188.65	935.1	13	1000240520	8	0
295	57	3731	3	0	12	0	1	1000	1523.57	156.67	-166.82	186.09	993.1	11	1000180400	47	1
295	57	3731	3	1	14	0	0	1001	414.55	242.76	323.78	-299.73	1053.4	13	1000080160	8	0
295	57	3731	3	2	14	0	10	1000	863.33	-480.81	-393.88	946.09	925.2	13	1000140280	12	0
295	57	5015	2	0	12	0	0	1001	797.89	175.96	43.96	403.41	112.1	11	1000180400	8	1
295	57	5015	2	1	14	0	1	1004	733.62	114.28	518.98	-476.95	385.4	13	1000140280	12	0
295	57	5612	2	0	12	0	10	1000	1625.17	119.87	-16.44	210.84	1164.0	11	1000180400	29	1
295	57	5612	2	1	14	1	2	1092	2806.50	618.84	1.56	794.37	1581.3	14	1000140280	18	0
295	57	7004	1	0	12	0	10	1000	348.85	92.89	-138.88	201.78	351.6	11	1000180400	11	1
295	57	7931	1	0	12	0	2	1091	1617.37	-126.81	75.78	435.25	528.4	11	1000180400	29	1
295	57	9079	2	0	14	0	1	1000	2003.44	65.62	266.64	985.04	412.7	13	1000080160	15	0
295	57	9079	2	1	12	0	0	1001	1052.62	175.77	119.16	464.99	832.7	11	1000180400	8	1
295	57	11189	2	0	14	0	0	1001	331.32	507.74	-261.28	-6.64	1007.8	13	1000080160	8	0
295	57	11189	2	1	12	0	2	1091	1815.45	-160.47	95.45	302.11	222.7	11	1000180400	16	1
295	57	11842	2	0	12	0	0	1001	318.23	-138.72	103.85	305.81	335.1	11	1000180400	16	1
295	57	11842	2	1	14	1	0	1002	376.18	446.72	67.53	-366.10	1547.7	14	1000140280	9	0
294	48	2118	1	0	12	0	1	1005	1593.52	-153.06	179.28	100.99	1123.5	11	1000180400	19	1
294	48	4378	2	0	14	1	0	1002	2713.93	-326.89	-507.25	958.42	1529.1	14	1000080160	11	0
294	48	4378	2	1	12	0	10	1000	583.66	-76.90	4.76	8.17	629.3	11	1000180400	19	1
294	48	5553	3	0	-14	1	0	1002	265.67	373.23	501.69	-307.62	751.1	-14	1000140280	16	0
294	48	5553	3	1	12	0	1	1004	2292.61	-138.86	-100.67	131.57	895.8	11	1000180400	14	1
294	48	5553	3	2	14	0	1	1003	797.87	235.98	-180.51	-58.98	77.8	13	1000180400	20	0
294	48	6549	2	0	14	1	0	1002	512.84	88.97	-454.76	-65.50	1233.4	14	1000080160	9	0
294	48	6549	2	1	12	0	0	1001	949.93	19.49	198.58	143.22	766.3	11	1000180400	10	1
294	48	8126	2	0	14	0	1	1003	1320.96	-531.77	-245.10	815.44	1449.4	13	1000140280	11	0
294	48	8126	2	1	12	0	0	1001	1330.66	-198.10	-76.49	16.35	1196.4	11	1000180400	9	1
294	48	9670	2	0	12	0	0	1001	1093.46	39.01	-72.15	54.18	1482.1	11	1000180400	9	1
294	48	9670	2	1	14	0	0	1001	641.34	252.35	232.24	-380.37	805.5	13	1000080160	14	0
294	48	9810	1	0	12	0	1	1003	1041.07	188.66	21.49	116.17	1541.9	11	1000180400	12	1
294	48	9954	4	0	-14	0	0	1001	808.19	-665.94	-607.49	823.82	184.7	-13	1000110230	9	0
294	48	9954	4	1	12	0	1	1005	728.23	50.69	-162.82	360.46	336.8	11	1000180400	19	1
294	48	9954	4	2	14	0	0	1001	725.72	161.12	167.09	388.83	641.5	13	1000180400	12	1
294	48	9954	4	3	14	0	0	1001	589.41	-111.58	425.74	-481.81	1292.9	13	1000200400	8	0
294	48	10786	1	0	12	0	1	1005	3536.29	-143.44	45.15	195.06	1258.7	11	1000180400	13	1
294	48	11863	4	0	14	0	1	1003	4362.12	-203.45	-574.66	-932.71	1050.5	13	1000110230	15	0
294	48	11863	4	1	14	1	0	1002	1440.17	-158.19	-10.03	-496.36	404.2	14	1000200400	10	0
294	48	11863	4	2	-12	0	0	1001	2094.48	188.45	86.66	78.05	1426.3	-11	1000180400	9	1
294	48	11863	4	3	14	0	0	1001	296.01	-648.34	327.34	111.92	746.0	13	1000080160	8	0
294	59	240	2	0	14	1	0	1002	342.27	17.87	106.71	122.05	840.4	14	1000180400	11	1
294	59	240	2	1	12	0	1	1003	1709.02	-131.97	43.55	274.28	525.5	11	1000180400	12	1
294	59	642	2	0	12	0	0	1001	1594.20	144.52	40.00	309.40	1223.7	11	1000180400	9	1
294	59	642	2	1	14	0	0	1001	512.52	-48.23	76.19	-454.55	385.2	13	1000140280	8	0
294	59	2840	1	0	12	0	0	1001	1117.63	57.87	-29.61	47.93	1026.6	11	1000180400	11	1
294	59	3139	2	0	14	0	1	1003	953.10	-297.65	-210.59	-491.82	856.0	13	1000200400	13	0
294	59	3139	2	1	12	0	1	1003	1855.19	-199.33	-141.77	403.83	1286.0	11	1000180400	12	1
294	59	3905	1	0	12	0	0	1001	789.14	101.51	95.33	24.08	498.8	11	1000180400	10	1
294	59	5629	1	0	12	0	2	1091	3241.86	-78.67	-49.96	306.07	448.4	11	1000180400	19	1
294	59	5787	2	0	14	1	2	1092	671.89	-197.16	88.53	-506.65	364.0	14	1000080160	21	0
294	59	5787	2	1	12	0	1	1003	993.57	46.33	-81.33	124.05	82.6	11	1000180400	11	1
294	59	7857	1	0	12	0	1	1003	1146.80	142.71	-70.84	168.29	84.1	11	1000180400	13	1
294	59	8287	2	0	12	0	1	1003	650.28	-170.16	176.74	269.87	1525.7	11	1000180400	23	1
294	59	8287	2	1	14	1	1	1006	1570.48	-34.35	-213.37	-440.47	595.3	14	1000140280	18	0
294	59	9595	1	0	12	0	10	1000	936.33	-74.17	-49.71	338.12	810.6	11	1000180400	49	1
294	59	10269	3	0	12	0	1	1003	1146.62	134.18	-176.07	482.80	739.2	11	1000180400	11	1
294	59	10269	3	1	14	0	1	1004	2258.41	-347.90	-466.46	-353.19	917.6	13	1000080160	14	0
294	59	10269	3	2	14	1	0	1002	411.38	-199.62	-175.01	951.03	1284.9	14	1000260560	10	0
294	59	10457	2	0	12	0	0	1001	627.08	82.24	-18.32	441.06	1269.3	11	1000180400	45	1
294	59	10457	2	1	14	0	0	1001	455.42	-520.05	-413.85	228.50	276.0	13	1000080160	9	0
294	59	10692	2	0	12	0	0	1001	437.19	18.02	-140.10	257.22	579.6	11	1000180400	9	1
294	59	10692	2	1	14	0	1	1003	976.85	-168.74	122.91	401.06	659.1	13	1000180400	19	1
294	59	11287	1	0	12	0	0	1001	1251.39	145.01	-159.82	399.41	1227.9	11	1000180400	9	1
294	59	11388	2	0	12	0	10	1000	1230.59	129.26	97.61	81.53	460.8	11	1000180400	11	1
294	59	11388	2	1	14	0	1	1003	672.32	381.80	-574.71	518.24	477.0	13	1000080160	16	0
294	59	11750	3	0	12	0	1	1003	1044.40	90.08	-148.05	278.33	920.1	11	1000180400	23	1
294	59	11750	3	1	14	1	0	1002	229.67	585.17	-557.29	361.46	1587.9	14	1000080160	11	0
294	59	11750	3	2	14	0	1	1004	1226.31	-14.95	-36.09	-401.57	691.6	13	1000140280	14	0
294	59	12194	1	0	12	0	10	1000	555.20	-141.50	98.08	400.92	1307.2	11	1000180400	12	1
296	0	2367	1	0	12	0	1	1000	2065.06	-86.19	96.13	355.89	679.3	11	1000180400	11	1
296	0	2441	2	0	12	0	1	1003	1080.80	192.69	-165.96	57.74	1367.6	11	1000180400	12	1
296	0	2441	2	1	14	0	0	1001	1885.44	-119.25	-528.91	-224.22	1377.6	13	1000080160	8	0
296	0	3942	5	0	14	0	0	1001	926.86	97.53	-54.80	627.79	233.5	13	1000180400	18	0
296	0	3942	5	1	14	1	0	1002	235.53	-532.38	333.09	630.99	1010.8	14	1000080160	10	0
296	0	3942	5	2	14	0	2	1091	3288.00	-584.09	199.94	44.47	970.6	13	1000120240	15	0
296	0	3942	5	3	12	0	1	1003	1462.26	-123.33	-91.56	290.71	1356.7	11	1000180400	11	1
296	0	3942	5	4	14	0	0	1001	1309.15	-708.97	207.63	-56.45	322.2	13	1000080160	8	0
296	0	7393	2	0	14	0	0	1001	2276.94	-700.45	-405.22	80.07	1124.5	13	1000080160	9	0
296	0	7393	2	1	12	0	0	1001	445.05	-44.10	69.27	358.18	902.9	11	1000180400	9	1
296	0	8496	1	0	12	0	10	1000	594.92	139.81	-160.41	420.93	471.8	11	1000180400	11	1
295	28	484	1	0	12	0	10	1000	975.12	-43.48	51.35	286.41	1091.6	11	1000180400	27	1
295	28	1038	2	0	12	0	1	1004	2361.69	69.35	-127.74	205.04	521.3	11	1000180400	22	1
295	28	1038	2	1	14	0	0	1001	2465.75	-538.84	140.90	218.70	1582.1	13	1000200400	8	0
295	28	2730	1	0	12	0	0	1001	3302.73	6.70	-125.66	471.32	1326.5	11	1000180400	9	1
295	28	5312	2	0	14	1	0	1002	198.74	-611.23	442.21	-205.03	1302.3	14	1000140280	11	0
295	28	5312	2	1	12	0	0	1001	1354.81	-71.19	63.25	174.84	936.5	11	1000180400	10	1
295	28	7724	2	0	12	0	2	1091	3865.10	96.09	100.51	147.82	765.1	11	1000180400	14	1
295	28	7724	2	1	14	0	0	1001	595.80	-278.07	-529.68	-23.76	1215.5	13	1000080160	8	0
295	28	8668	2	0	14	0	0	1001	452.90	-287.54	-609.10	679.51	1428.8	13	1000110230	8	0
295	28	8668	2	1	12	0	0	1001	1516.11	-0.16	-130.61	210.28	161.5	11	1000180400	12	1
295	28	12220	2	0	14	1	10	1000	2881.92	46.70	516.00	-311.49	1298.5	14	1000140280	12	0
295	28	12220	2	1	12	0	1	1005	2293.82	118.52	179.73	190.74	536.4	11	1000180400	13	1
294	58	190	3	0	14	0	0	1001	802.36	-164.41	-34.23	-341.99	730.3	13	1000140280	9	0
294	58	190	3	1	14	0	10	1000	935.48	-490.96	199.12	770.70	1336.2	13	1000080160	11	0
294	58	190	3	2	12	0	1	1005	2827.08	125.73	-9.02	466.79	1401.4	11	1000180400	30	1
294	58	1342	1	0	12	0	10	1000	1596.20	-29.47	-200.15	6.21	1367.7	11	1000180400	12	0
294	58	2539	2	0	12	0	10	1000	1225.30	73.75	85.89	166.13	1427.0	11	1000180400	15	1
294	58	2539	2	1	14	1	10	1000	652.77	-454.08	-498.59	404.98	945.1	14	1000110230	12	0
294	58	3861	2	0	14	0	0	1001	2287.81	-108.96	-415.63	-6.99	1311.3	13	1000260560	17	0
294	58	3861	2	1	12	0	0	1001	2398.71	-22.47	-84.96	40.62	79.7	11	1000180400	19	1
294	58	4960	1	0	12	0	0	1001	2483.67	92.76	56.67	425.32	1436.7	11	1000180400	9	1
294	58	6286	1	0	12	0	0	1001	841.64	-179.20	197.29	222.33	1108.1	11	1000180400	10	1
294	58	6352	3	0	12	0	1	1005	1976.18	18.33	67.80	440.05	1419.9	11	1000180400	14	1
294	58	6352	3	1	14	1	10	1000	860.79	-114.85	43.90	-416.15	784.8	14	1000080160	13	0
294	58	6352	3	2	14	0	1	1005	1572.04	-360.91	-261.54	-467.15	1407.7	13	1000200400	20	0
294	58	9807	3	0	12	0	0	1001	811.94	-165.72	-109.62	75.65	1161.3	11	1000180400	8	1
294	58	9807	3	1	14	0	0	1001	580.50	481.59	586.47	239.81	1374.9	13	1000140280	8	0
294	58	9807	3	2	14	0	1	1003	1228.78	284.69	-608.83	179.03	1504.3	13	1000080160	11	0
294	58	9875	2	0	12	0	0	1001	735.95	-62.44	357.97	351.41	297.6	11	1000240520	8	0
294	58	9875	2	1	12	0	0	1001	1016.17	160.02	-165.57	306.44	1472.3	11	1000180400	13	1
294	58	11198	1	0	12	0	0	1001	675.25	42.80	-127.63	233.32	409.5	11	1000180400	9	1
295	16	1110	2	0	12	0	2	1091	2503.65	1.69	121.37	363.78	584.4	11	1000180400	15	1
295	16	1110	2	1	14	1	0	1002	239.10	705.21	-612.78	-446.43	1408.6	14	1000140280	11	0
295	16	3875	1	0	12	0	0	1001	919.78	114.18	-36.18	3.41	384.1	11	1000180400	13	1
295	16	4559	2	0	14	1	1	1008	659.56	83.19	-185.62	-0.31	797.7	14	1000180400	15	0
295	16	4559	2	1	12	0	0	1001	1871.60	-195.21	194.77	464.02	301.4	11	1000180400	9	1
295	16	8720	1	0	12	0	0	1001	350.48	118.94	190.09	230.72	295.7	11	1000180400	10	1
295	16	9181	2	0	12	0	1	1003	1503.50	96.43	163.44	234.97	202.7	11	1000180400	13	1
295	16	9181	2	1	14	0	0	1001	1206.80	-491.99	-235.06	341.34	828.8	13	1000130270	8	0
295	16	9716	2	0	12	0	1	1005	3049.74	-29.01	-91.85	8.69	1348.3	11	1000180400	21	1
295	16	9716	2	1	-14	0	0	1001	442.46	-552.55	-420.26	598.02	1102.2	-13	1000080160	9	0
295	16	10918	3	0	14	0	0	1001	550.92	-564.81	-398.61	447.80	546.8	13	1000080160	12	0
295	16	10918	3	1	12	0	0	1001	301.33	34.02	125.07	203.59	219.7	11	1000180400	10	1
295	16	10918	3	2	14	1	0	1002	514.07	-147.56	127.70	101.46	156.6	14	1000180400	35	1
295	16	12155	1	0	12	0	0	1001	1310.93	17.40	100.49	178.78	1523.9	11	1000180400	9	1
293	15	3181	1	0	12	0	2	1091	4157.73	121.50	-98.47	313.58	1034.4	11	1000180400	17	1
293	15	4870	2	0	12	0	0	1001	4359.51	-163.68	-77.16	472.15	1383.7	11	1000180400	9	1
293	15	4870	2	1	14	0	10	1000	2693.04	-206.22	-535.19	400.93	565.6	13	1000140280	12	0
293	15	9898	2	0	12	0	2	1091	2002.31	-165.29	-39.90	477.47	152.7	11	1000180400	14	1
293	15	9898	2	1	14	0	1	1004	3610.91	190.61	88.60	1014.06	282.1	13	1000200400	13	0
293	15	11165	2	0	12	0	0	1001	684.13	-6.37	201.59	96.97	708.5	11	1000180400	9	0
293	15	11165	2	1	14	0	1	1003	1347.76	-0.65	92.34	-484.25	1239.0	13	1000080160	12	0
293	15	11396	2	0	12	0	1	1005	2970.80	-45.82	-111.38	188.04	1335.6	11	1000180400	11	1
293	15	11396	2	1	14	0	3	1097	1337.62	0.59	-10.58	1009.30	187.5	13	1000080160	5	0
293	15	11600	1	0	12	0	0	1001	476.00	107.09	-147.78	128.37	98.0	11	1000180400	9	1
294	75	187	3	0	12	0	2	1091	2448.92	-116.11	-32.76	84.06	613.6	11	1000180400	15	1
294	75	187	3	1	14	1	0	1002	1245.21	535.19	-682.13	862.39	1186.6	14	1000110230	11	0
294	75	187	3	2	14	0	0	1001	956.84	-45.26	-439.39	-161.98	698.5	13	1000080160	10	0
294	75	1245	2	0	12	0	0	1001	1342.84	-55.35	73.21	409.32	1344.4	11	1000180400	9	1
294	75	1245	2	1	14	0	1	1005	3062.32	-682.96	-201.26	626.62	496.6	13	1000080160	12	0
294	75	2026	4	0	14	1	0	1002	347.31	-608.69	557.70	291.00	355.9	14	1000080160	13	0
294	75	2026	4	1	14	0	1	1003	3792.08	-54.53	-40.60	-308.29	276.0	13	1000080160	14	0
294	75	2026	4	2	14	0	1	1003	1132.58	-159.86	-8.31	141.79	1467.3	13	1000180400	11	1
294	75	2026	4	3	12	0	0	1001	1186.33	25.93	1.58	158.18	1522.0	11	1000180400	11	1
294	75	2077	2	0	12	0	2	1091	2742.11	28.42	70.57	419.16	1229.5	11	1000180400	17	1
294	75	2077	2	1	14	0	2	1091	2016.75	-225.50	-155.18	-408.82	783.7	13	1000140280	15	0
294	75	3240	1	0	12	0	2	1091	3099.23	-0.36	13.45	385.61	1494.2	11	1000260560	19	1
294	75	3514	2	0	12	0	0	1001	545.09	-100.55	-85.21	426.13	1267.0	11	1000180400	9	1
294	75	3514	2	1	14	1	0	1002	1143.38	520.17	-112.21	-492.61	326.9	14	1000130270	9	0
294	75	4003	4	0	14	0	10	1000	1612.22	-19.25	-8.01	430.57	90.4	13	1000180400	12	1
294	75	4003	4	1	12	0	1	1003	1977.88	-127.23	0.42	444.67	1192.0	11	1000180400	16	1
294	75	4003	4	2	14	1	0	1002	630.68	254.88	27.90	216.51	238.0	14	1000180400	11	0
294	75	4003	4	3	14	0	3	1097	745.25	141.35	-200.84	300.87	108.3	13	1000180400	5	0
294	75	5016	4	0	14	0	0	1001	293.18	578.36	-96.11	-293.82	1188.3	13	1000140280	15	0
294	75	5016	4	1	14	0	1	1003	2921.21	375.19	443.78	-448.36	633.7	13	1000080160	19	0
294	75	5016	4	2	14	1	2	1092	2814.43	-595.79	-114.77	-92.27	570.2	14	1000080160	11	0
294	75	5016	4	3	12	0	10	1000	341.74	18.28	71.55	285.26	1529.9	11	1000180400	11	1
294	75	6428	1	0	12	0	0	1001	1795.56	-0.15	106.57	99.90	858.9	11	1000260560	9	1
295	87	268	1	0	12	0	0	1001	917.74	-103.22	-188.24	323.46	1150.4	11	1000180400	8	1
295	87	2270	2	0	12	0	10	1000	358.24	-34.61	169.17	111.29	898.9	11	1000180400	11	1
295	87	2270	2	1	14	0	0	1001	702.94	32.31	4.01	-375.19	652.2	13	1000080160	10	0
295	87	2277	1	0	12	0	1	1003	687.93	164.87	-73.55	351.78	1567.7	11	1000180400	18	1
295	87	3579	1	0	12	0	0	1001	701.13	-57.06	-113.82	487.41	796.1	11	1000180400	9	1
295	87	3820	2	0	12	0	1	1003	941.42	80.80	75.08	25.34	872.3	11	1000180400	19	1
295	87	3820	2	1	14	0	0	1001	336.76	124.17	-481.30	348.72	582.4	13	1000080160	8	0
295	87	6478	2	0	14	1	0	1002	426.36	-547.55	-81.21	924.48	392.4	14	1000080160	10	0
295	87	6478	2	1	12	0	3	1097	1771.07	36.36	83.63	231.55	181.5	11	1000180400	5	1
295	87	6863	1	0	12	0	1	1000	3060.33	-121.20	186.16	219.88	1148.9	11	1000180400	15	1
295	87	7805	2	0	14	1	2	1092	2937.19	-497.32	-626.59	3.28	268.4	14	1000110230	17	0
295	87	7805	2	1	12	0	0	1001	416.54	-179.56	-73.38	245.55	522.5	11	1000180400	13	1
295	87	9323	1	0	12	0	10	1000	1626.36	195.79	142.71	259.97	1583.3	11	1000180400	13	1
295	87	9547	1	0	12	0	10	1000	1456.18	112.48	50.35	227.25	1258.6	11	1000180400	12	1
295	87	10243	2	0	12	0	1	1003	740.72	133.82	93.17	344.24	621.5	11	1000180400	20	1
295	87	10243	2	1	14	1	0	1002	863.28	-114.97	-79.11	-401.17	425.9	14	1000080160	12	0
299	89	1212	2	0	12	0	1	1005	2020.79	-111.14	11.33	1.27	609.3	11	1000180400	16	1
299	89	1212	2	1	14	0	2	1091	3022.03	-485.27	-67.76	-273.83	316.7	13	1000080160	20	0
299	89	1549	3	0	14	0	0	1001	236.94	644.51	277.49	888.14	280.6	13	1000080160	11	0
299	89	1549	3	1	12	0	10	1000	1888.16	-4.61	-31.83	334.70	166.9	11	1000180400	19	1
299	89	1549	3	2	14	0	2	1091	2293.33	495.62	276.66	1052.27	757.9	13	1000140280	17	0
299	89	7747	2	0	12	0	1	1000	1479.28	-106.87	-134.11	451.41	774.2	11	1000180400	15	1
299	89	7747	2	1	14	1	2	1092	2368.36	181.13	120.20	-583.40	1403.3	14	1000080160	11	0
299	89	8236	1	0	12	0	0	1001	564.52	-151.32	178.65	232.77	256.8	11	1000180400	12	1
299	89	9820	2	0	14	0	0	1001	553.29	122.17	-374.67	-7.68	571.6	13	1000260560	8	0
299	89	9820	2	1	12	0	10	1000	1623.56	151.10	-43.80	60.49	572.4	11	1000180400	11	1
299	89	11502	3	0	12	0	10	1000	1063.69	149.78	64.38	340.89	545.6	11	1000180400	13	1
299	89	11502	3	1	14	0	0	1001	651.65	-234.82	-496.83	540.88	1272.1	13	1000140280	19	0
299	89	11502	3	2	14	0	10	1000	472.34	-450.11	-242.99	975.10	1417.3	13	1000080160	14	0
299	89	11884	1	0	12	0	2	1091	1394.35	11.60	76.70	138.58	233.2	11	1000180400	29	1
298	67	3640	3	0	14	0	0	1001	586.48	-77.26	-155.27	-492.18	950.7	13	1000200400	8	0
298	67	3640	3	1	14	0	0	1001	298.39	-375.63	104.26	705.13	802.1	13	1000260560	9	0
298	67	3640	3	2	12	0	0	1001	880.17	-46.66	44.10	54.58	270.6	11	1000180400	23	1
298	67	5854	3	0	14	1	0	1002	971.59	-240.13	-15.94	-405.37	503.8	14	1000200400	16	0
298	67	5854	3	1	12	0	0	1001	796.83	-23.37	-187.43	165.45	196.9	11	1000180400	10	1
298	67	5854	3	2	14	0	10	1000	823.02	-50.44	125.99	-332.74	1164.3	13	1000200400	11	0
298	67	7346	4	0	14	0	0	1001	861.07	-103.43	42.26	30.85	592.9	13	1000180400	9	1
298	67	7346	4	1	14	0	10	1000	1976.68	109.25	-32.91	-537.85	1197.0	13	1000120240	12	0
298	67	7346	4	2	14	0	0	1001	557.27	-94.91	-562.99	141.01	1355.3	13	1000080160	8	0
298	67	7346	4	3	12	0	10	1000	1492.33	-157.95	195.28	73.93	1503.4	11	1000180400	11	1
298	67	7831	2	0	14	1	1	1008	886.69	-300.20	70.97	-324.90	1148.6	14	1000080160	12	0
298	67	7831	2	1	12	0	0	1001	1133.72	-174.55	114.74	45.23	361.3	11	1000180400	10	1
298	67	9239	1	0	12	0	1	1003	4513.06	-135.61	-137.82	81.37	195.6	11	1000180400	13	1
298	67	11203	3	0	14	0	0	1001	402.75	581.12	-207.23	577.81	1271.0	13	1000140280	9	0
298	67	11203	3	1	14	0	1	1003	1158.49	-152.69	350.89	-431.72	1031.5	13	1000080160	14	0
298	67	11203	3	2	12	0	2	1091	2738.31	-20.83	144.61	130.06	953.0	11	1000180400	15	1
298	67	11695	1	0	12	0	10	1000	1144.75	49.26	-129.87	198.59	1544.6	11	1000180400	11	1
294	84	277	1	0	12	0	1	1000	2052.96	-61.20	76.59	489.19	795.4	11	1000180400	14	1
294	84	992	1	0	-12	0	1	1000	2713.69	29.14	-162.98	151.87	1371.4	-11	1000180400	17	1
294	84	1449	1	0	12	0	1	1004	1508.00	-107.89	-101.17	303.46	827.3	11	1000180400	13	1
294	84	2203	2	0	12	0	1	1000	1874.19	-118.35	24.94	307.21	1243.5	11	1000180400	14	1
294	84	2203	2	1	14	0	0	1001	437.93	-634.34	-139.89	-122.10	1401.7	13	1000080160	9	0
294	84	3229	1	0	12	0	1	1003	1970.27	-155.02	25.59	182.64	296.4	11	1000180400	14	1
294	84	3589	1	0	12	0	1	1004	1571.87	-113.26	-4.45	76.10	139.8	11	1000180400	22	1
294	84	3602	2	0	14	0	2	1091	5440.66	-375.96	-336.20	-302.02	1224.7	13	1000080160	11	0
294	84	3602	2	1	12	0	1	1003	2496.18	-181.33	-99.68	211.42	787.0	11	1000180400	17	1
294	84	4500	4	0	14	0	0	1001	793.81	-259.32	-513.24	156.81	689.8	13	1000110230	8	0
294	84	4500	4	1	12	0	1	1003	660.59	-130.19	201.14	89.56	876.7	11	1000180400	11	0
294	84	4500	4	2	14	1	0	1002	592.34	-326.17	330.75	-270.89	125.8	14	1000080160	21	0
294	84	4500	4	3	14	0	1	1000	4160.77	-368.86	262.12	1026.59	1437.3	13	1000080160	13	0
294	84	4560	3	0	12	0	1	1005	2441.61	-189.08	117.08	196.95	1127.6	11	1000180400	12	1
294	84	4560	3	1	12	0	2	1091	3017.44	-134.64	-230.29	-468.73	1333.9	11	1000200400	11	0
294	84	4560	3	2	14	0	0	1001	821.53	-189.31	-28.70	989.77	261.8	13	1000140280	9	0
294	84	9218	2	0	12	0	5	1098	1578.66	27.13	12.26	308.70	298.2	11	1000180400	6	1
294	84	9218	2	1	14	0	1	1004	1023.47	-197.29	-27.23	-490.04	1483.8	13	1000080160	18	0
294	84	9894	1	0	12	0	2	1091	1654.08	69.36	-35.87	322.17	772.1	11	1000180400	15	1
294	84	10290	1	0	12	0	2	1091	2782.95	114.84	68.03	315.53	752.3	11	1000180400	14	1
294	84	11268	1	0	12	0	0	1001	523.30	-18.06	-189.72	14.49	1535.8	11	1000180400	8	1
294	84	11547	2	0	12	0	0	1001	1374.24	-197.23	146.46	10.98	1518.7	11	1000180400	13	1
294	84	11547	2	1	14	0	0	1001	3878.95	12.06	479.17	-421.39	613.8	13	1000140280	8	0
297	90	1450	3	0	14	1	1	1008	1521.82	574.70	568.08	125.98	139.5	14	1000080160	13	0
297	90	1450	3	1	14	0	0	1001	931.62	-20.63	-138.62	217.49	464.4	13	1000180400	19	1
297	90	1450	3	2	-12	0	0	1001	2155.96	1.34	173.84	290.01	884.3	-11	1000180400	9	1
297	90	2422	1	0	12	0	2	1091	2078.04	129.16	-50.08	131.47	161.3	11	1000180400	11	1
297	90	3343	2	0	14	0	1	1005	982.95	-157.15	-33.88	371.73	1588.4	13	1000180400	20	1
297	90	3343	2	1	12	0	1	1004	571.84	-176.60	-69.42	66.72	651.4	11	1000180400	27	1
297	90	3474	1	0	12	0	10	1000	1114.10	14.33	-67.72	120.41	538.0	11	1000180400	13	1
297	90	4065	2	0	12	0	2	1091	1293.98	-16.55	-132.43	494.62	1099.4	11	1000180400	12	1
297	90	4065	2	1	14	1	0	1002	235.53	361.96	-483.75	-473.49	859.0	14	1000140280	9	0
297	90	4864	1	0	12	0	2	1091	2509.89	69.64	-135.90	410.11	398.5	11	1000180400	11	1
297	90	8806	1	0	12	0	1	1005	682.98	127.77	-140.58	52.55	233.1	11	1000180400	13	1
297	90	12242	1	0	12	0	0	1001	998.71	-11.19	188.79	59.73	1537.8	11	1000180400	9	1
296	45	3340	1	0	12	0	0	1001	1477.51	-158.15	-198.69	419.38	451.7	11	1000180400	10	1
296	45	5838	1	0	12	0	1	1003	1346.33	-14.21	-174.47	285.66	202.8	11	1000180400	22	1
296	45	5964	2	0	14	0	1	1004	765.25	-568.39	453.07	27.44	1441.1	13	1000080160	13	0
296	45	5964	2	1	12	0	1	1003	1724.42	117.98	13.75	169.77	709.3	11	1000180400	16	1
296	45	8045	1	0	12	0	1	1004	2147.85	77.46	193.01	491.61	322.9	11	1000180400	12	1
296	45	8270	1	0	-12	0	10	1000	2952.06	51.92	-103.72	50.51	154.8	-11	1000180400	12	1
296	45	8730	2	0	12	0	0	1001	661.20	-185.65	-154.53	256.59	1583.0	11	1000180400	39	1
296	45	8730	2	1	14	0	0	1001	4331.20	17.92	31.24	-907.86	616.3	13	1000080160	9	0
296	45	8905	2	0	12	0	0	1001	1180.66	155.18	192.67	351.78	790.0	11	1000180400	9	1
296	45	8905	2	1	14	0	0	1001	1373.48	671.61	158.41	-173.26	755.3	13	1000200400	9	0
296	45	10493	3	0	12	0	0	1001	2078.48	90.97	157.72	436.95	1381.9	11	1000180400	15	1
296	45	10493	3	1	14	0	0	1001	175.84	-474.73	511.76	200.54	729.7	13	1000080160	9	0
296	45	10493	3	2	14	0	10	1000	469.36	-71.54	-635.50	246.33	296.5	13	1000080160	12	0
296	45	11359	2	0	12	0	1	1005	1918.14	-69.94	-66.27	449.25	1229.3	11	1000180400	11	1
296	45	11359	2	1	14	0	0	1001	676.76	-51.87	56.83	993.71	587.1	13	1000080160	9	0
296	38	2497	2	0	14	0	0	1001	833.01	24.39	73.08	-474.71	685.1	13	1000080160	9	0
296	38	2497	2	1	12	0	10	1000	621.57	-104.36	-101.45	280.88	296.4	11	1000180400	12	1
296	38	3389	3	0	14	1	0	1002	349.85	278.67	417.93	-406.86	938.9	14	1000080160	10	0
296	38	3389	3	1	12	0	0	1001	451.92	50.42	66.82	29.97	1027.4	11	1000180400	9	1
296	38	3389	3	2	14	0	0	1001	321.25	-532.65	-424.56	-65.43	1440.1	13	1000140280	8	0
296	38	4984	1	0	12	0	1	1003	696.02	-161.00	-119.70	397.88	1434.4	11	1000180400	12	1
296	38	5673	1	0	12	0	2	1091	3875.36	77.40	37.61	46.09	326.9	11	1000180400	14	1
296	38	6953	3	0	14	1	0	1002	479.64	-202.12	358.55	-315.38	1564.2	14	1000200400	9	0
296	38	6953	3	1	12	0	10	1000	1427.34	155.79	8.25	473.18	491.4	11	1000180400	12	1
296	38	6953	3	2	14	0	0	1001	1455.54	-684.01	-353.08	365.23	189.0	13	1000080160	8	0
296	38	7680	2	0	12	0	0	1001	453.79	-101.98	-98.36	131.71	915.8	11	1000180400	8	1
296	38	7680	2	1	14	0	1	1003	755.02	118.65	-52.57	130.14	971.4	13	1000180400	12	1
296	38	8871	1	0	12	0	0	1001	242.97	-166.82	-124.49	329.62	146.8	11	1000180400	9	1
296	38	10408	2	0	14	1	1	1009	1517.20	29.49	-266.25	-139.87	1288.4	14	1000260560	20	0
296	38	10408	2	1	12	0	2	1091	2355.19	44.26	-97.13	120.53	1276.2	11	1000180400	12	1
296	38	10549	3	0	14	0	0	1001	497.92	-424.36	-172.01	-357.87	787.1	13	1000080160	9	0
296	38	10549	3	1	14	0	2	1091	775.94	136.55	-229.72	1004.82	282.9	13	1000200400	23	0
296	38	10549	3	2	12	0	0	1001	1267.76	-14.62	187.72	33.21	914.8	11	1000180400	9	1
296	38	12353	3	0	14	0	0	1001	227.84	367.53	0.75	188.39	501.2	13	1000260560	20	0
296	38	12353	3	1	12	0	2	1091	2249.12	-15.61	49.21	407.90	888.0	11	1000180400	14	1
296	38	12353	3	2	14	0	0	1001	624.03	-528.12	-303.23	794.74	958.4	13	1000080160	8	0
298	6	453	2	0	14	0	0	1001	658.17	70.82	-180.93	-346.59	163.7	13	1000120240	9	0
298	6	453	2	1	12	0	0	1001	2200.73	193.79	190.14	293.29	314.1	11	1000180400	9	1
298	6	3280	3	0	-12	1	1	1013	2682.92	-574.96	319.68	1252.30	326.5	-12	1000200400	12	0
298	6	3280	3	1	12	0	0	1001	1102.51	-59.28	145.94	458.74	700.2	11	1000180400	9	1
298	6	3280	3	2	14	0	0	1001	565.62	-490.02	379.78	-434.98	899.3	13	1000200400	8	0
298	6	3768	1	0	12	0	0	1001	1303.65	-68.55	-90.48	227.82	1431.9	11	1000180400	9	1
298	6	4447	2	0	14	0	0	1001	418.87	651.74	-56.08	62.97	1332.0	13	1000080160	8	0
298	6	4447	2	1	12	0	1	1003	1137.78	201.36	100.14	193.64	180.3	11	1000180400	26	0
298	6	5756	1	0	12	0	0	1001	1423.38	-131.68	-133.26	498.02	1460.6	11	1000180400	17	1
298	6	7420	1	0	12	0	1	1003	744.89	93.90	-164.45	57.94	234.9	11	1000180400	11	1
298	6	8242	3	0	14	0	0	1001	783.70	-157.10	111.46	638.64	537.1	13	1000180400	9	0
298	6	8242	3	1	14	0	10	1000	564.96	180.78	-58.96	-403.74	1259.7	13	1000200400	11	0
298	6	8242	3	2	12	0	1	1003	1387.18	74.15	-172.94	384.70	297.7	11	1000180400	13	1
298	6	9409	3	0	12	0	1	1003	2431.72	161.90	21.09	132.79	1275.5	11	1000180400	12	1
298	6	9409	3	1	14	0	0	1001	652.27	554.43	297.18	-144.58	526.5	13	1000080160	9	0
298	6	9409	3	2	14	1	0	1002	396.66	231.67	-384.77	-399.99	310.8	14	1000080160	9	0
298	6	10975	2	0	12	0	2	1091	2939.22	59.76	193.32	283.14	960.1	11	1000180400	15	1
298	6	10975	2	1	14	0	1	1004	1986.70	-693.18	336.36	240.74	1507.2	13	1000080160	13	0
298	6	11300	1	0	12	0	0	1001	649.60	51.31	-34.41	364.63	1170.8	11	1000180400	17	1
294	71	3055	3	0	14	0	1	1005	1018.82	-28.98	-0.13	-143.19	832.2	13	1000260560	12	0
294	71	3055	3	1	12	0	0	1001	747.00	-90.93	42.46	346.38	1435.5	11	1000180400	10	1
294	71	3055	3	2	14	0	10	1000	726.82	-670.55	-115.76	-71.64	302.2	13	1000160320	34	0
294	71	3675	2	0	12	0	10	1000	2147.35	-81.32	175.47	138.27	1540.5	11	1000180400	13	1
294	71	3675	2	1	14	0	0	1001	602.23	263.58	-157.33	-481.17	1368.1	13	1000250550	8	0
294	71	4198	1	0	-12	0	2	1091	2279.84	117.08	82.50	280.99	1339.9	-11	1000180400	11	1
294	71	4459	2	0	14	0	2	1091	2432.47	13.82	636.48	-673.87	853.2	13	1000080160	15	0
294	71	4459	2	1	12	0	10	1000	1538.53	-115.77	133.96	361.43	658.7	11	1000180400	23	1
294	71	4817	1	0	12	0	0	1001	657.94	-138.16	-136.47	267.42	393.0	11	1000180400	9	1
294	71	5236	1	0	12	0	0	1001	2152.57	70.60	58.25	477.37	283.1	11	1000180400	18	1
294	71	5856	1	0	12	0	2	1091	3431.86	127.36	-151.38	454.05	150.2	11	1000180400	17	1
294	71	6844	3	0	-14	1	10	1000	1708.21	-670.85	-390.64	226.98	1014.3	-14	1000080160	11	0
294	71	6844	3	1	12	0	0	1001	943.49	-171.09	-35.59	242.30	824.6	11	1000180400	10	1
294	71	6844	3	2	14	1	1	1006	3735.84	106.18	97.42	1328.00	1392.3	14	1000130270	13	0
294	71	7335	1	0	12	0	1	1004	2110.64	201.64	196.16	396.93	697.9	11	1000180400	12	0
294	71	8333	3	0	12	0	0	1001	797.55	0.12	80.18	468.28	1497.3	11	1000180400	9	1
294	71	8333	3	1	14	0	0	1001	434.96	-112.20	87.60	309.82	1054.8	13	1000180400	13	1
294	71	8333	3	2	14	0	0	1001	841.77	-124.18	77.06	252.48	845.3	13	1000180400	10	1
294	71	8969	2	0	12	0	10	1000	2300.54	35.96	183.39	375.28	849.1	11	1000180400	48	1
294	71	8969	2	1	14	0	0	1001	1631.73	-34.03	-28.02	474.98	208.0	13	1000180400	13	1
294	71	9224	2	0	12	0	10	1000	1269.82	75.37	76.34	147.09	805.2	11	1000180400	12	1
294	71	9224	2	1	14	0	1	1003	823.56	72.77	460.57	-480.10	629.1	13	1000200400	12	0
294	71	9930	2	0	14	0	0	1001	2049.37	-600.19	-296.85	534.24	134.9	13	1000080160	8	0
294	71	9930	2	1	12	0	1	1003	1161.35	64.88	60.01	74.62	1103.2	11	1000180400	16	1
294	71	10250	3	0	12	0	1	1004	1428.32	-24.35	163.02	195.21	1542.9	11	1000180400	13	1
294	71	10250	3	1	14	0	10	1000	1331.48	-51.42	-187.13	329.39	1300.4	13	1000180400	11	1
294	71	10250	3	2	14	1	0	1002	1208.96	-46.80	16.49	-330.87	1449.8	14	1000080160	9	0
294	71	10426	2	0	12	0	1	1003	1666.98	141.74	24.40	339.73	164.3	11	1000180400	18	1
294	71	10426	2	1	12	0	0	1001	1521.85	630.91	19.17	-399.06	1429.1	11	1000140280	8	0
294	71	12045	2	0	14	0	10	1000	1146.72	583.52	40.17	-467.92	178.8	13	1000080160	24	0
294	71	12045	2	1	12	0	10	1000	983.84	-186.27	135.40	76.74	859.1	11	1000180400	11	1
294	71	12406	1	0	12	0	0	1001	1143.87	-94.03	-48.26	32.24	705.2	11	1000180400	10	1
298	97	670	3	0	14	0	1	1005	2563.69	60.31	-533.66	-129.57	603.6	13	1000140280	14	0
298	97	670	3	1	12	0	1	1004	1293.37	179.51	94.92	134.67	1181.3	11	1000180400	13	1
298	97	670	3	2	14	1	0	1002	360.40	222.77	-17.47	967.34	205.5	14	1000080160	10	0
298	97	1559	2	0	12	0	0	1001	1545.57	77.33	-24.04	421.37	131.3	11	1000180400	34	1
298	97	1559	2	1	14	0	2	1091	3461.06	-126.29	-80.96	1100.10	115.8	13	1000080160	14	0
298	97	3056	2	0	12	0	1	1003	1505.31	98.45	-43.18	308.01	922.5	11	1000180400	14	1
298	97	3056	2	1	14	0	1	1004	1354.03	46.83	-1.95	-297.97	463.9	13	1000080160	12	0
298	97	4611	2	0	14	0	10	1000	1030.24	-204.86	198.92	-281.83	1147.1	13	1000200400	12	0
298	97	4611	2	1	12	0	0	1001	550.60	171.36	22.76	358.47	811.0	11	1000180400	10	1
298	97	5778	1	0	12	0	0	1001	359.51	-116.76	86.96	13.78	1556.9	11	1000180400	10	1
298	97	5918	1	0	12	0	10	1000	594.05	-185.08	128.44	357.16	317.1	11	1000180400	12	1
298	97	6704	3	0	14	0	0	1001	491.85	122.28	30.46	-356.72	182.1	13	1000080160	9	0
298	97	6704	3	1	14	0	0	1001	804.32	-646.43	-381.33	919.36	1510.3	13	1000140280	9	0
298	97	6704	3	2	12	0	0	1001	1367.57	-201.84	-103.29	446.96	888.8	11	1000180400	9	0
298	97	7575	2	0	14	0	0	1001	495.49	6.10	397.04	-333.39	1184.5	13	1000080160	9	0
298	97	7575	2	1	12	0	1	1003	1585.26	-105.93	13.17	74.21	1198.4	11	1000180400	12	1
294	65	498	2	0	14	0	0	1001	372.14	537.84	-376.62	466.26	567.7	13	1000200400	11	0
294	65	498	2	1	12	0	2	1091	1262.40	127.44	154.37	46.68	988.8	11	1000180400	14	1
294	65	2594	1	0	12	0	1	1005	3358.81	-26.67	-85.95	247.63	1092.6	11	1000180400	14	1
294	65	2772	1	0	12	0	0	1001	1965.23	68.29	132.77	353.42	1168.1	11	1000180400	15	1
294	65	3961	1	0	12	0	10	1000	735.96	-109.33	56.75	266.02	164.6	11	1000180400	11	1
294	65	5563	4	0	14	0	0	1001	1391.88	11.08	-432.26	545.88	872.8	13	1000140280	8	0
294	65	5563	4	1	14	0	10	1000	3814.04	-189.39	168.72	1001.94	129.7	13	1000080160	11	0
294	65	5563	4	2	12	0	1	1005	3499.67	117.86	-8.08	109.46	1066.0	11	1000180400	14	1
294	65	5563	4	3	14	0	0	1001	476.92	-332.98	-44.21	-504.86	497.2	13	1000200400	9	0
294	65	5613	3	0	14	0	2	1091	2879.45	241.17	61.17	-298.23	522.7	13	1000080160	13	0
294	65	5613	3	1	12	0	10	1000	1343.40	94.68	43.88	166.51	104.2	11	1000180400	12	1
294	65	5613	3	2	14	0	0	1001	825.00	-36.31	-585.48	475.15	795.7	13	1000260560	8	0
294	65	5809	1	0	12	0	2	1091	2000.27	-7.37	90.41	55.97	973.9	11	1000180400	11	1
294	65	7604	3	0	14	0	0	1001	703.80	172.03	415.45	-308.34	977.3	13	1000140280	9	0
294	65	7604	3	1	12	0	1	1003	1443.45	115.96	99.13	259.01	1281.5	11	1000180400	13	1
294	65	7604	3	2	14	0	0	1001	450.80	408.42	222.05	-491.30	914.2	13	1000200400	13	0
294	65	9472	2	0	14	0	2	1091	2021.32	540.03	-429.23	-157.29	111.4	13	1000080160	16	0
294	65	9472	2	1	12	0	0	1001	1422.69	-176.53	169.19	345.69	1094.1	11	1000180400	9	1
294	65	9780	1	0	12	0	0	1001	518.51	164.97	-25.73	31.40	475.4	11	1000180400	9	1
294	65	10541	2	0	12	0	0	1001	326.78	169.21	-29.86	121.30	748.6	11	1000180400	10	1
294	65	10541	2	1	14	0	1	1004	2312.24	322.77	-402.62	-437.34	842.3	13	1000140280	13	0
294	65	11227	2	0	-14	1	1	1013	791.08	528.05	-391.37	-500.03	857.9	-14	1000080160	11	0
294	65	11227	2	1	12	0	1	1003	680.34	76.08	12.88	449.00	1419.0	11	1000180400	11	1
294	65	11811	2	0	14	0	1	1003	745.45	-533.94	-326.95	950.12	810.3	13	1000140280	42	0
294	65	11811	2	1	12	0	10	1000	1235.54	120.98	5.62	196.47	1317.5	11	1000180400	12	1
295	83	73	1	0	12	0	1	1005	1209.80	-87.86	105.52	250.91	730.5	11	1000180400	14	1
295	83	1960	2	0	12	0	2	1091	3856.99	-150.57	-119.03	201.99	371.1	11	1000180400	12	1
295	83	1960	2	1	14	1	0	1002	521.90	-608.64	-362.15	78.76	534.9	14	1000080160	13	0
295	83	2274	3	0	14	1	0	1002	492.07	-645.00	394.73	340.62	752.9	14	1000200400	11	0
295	83	2274	3	1	12	0	2	1091	4294.41	-193.48	90.91	127.24	350.5	11	1000180400	13	1
295	83	2274	3	2	14	0	1	1003	879.99	-220.01	-376.02	975.63	398.0	13	1000140280	13	0
295	83	3328	2	0	12	0	2	1091	2566.59	147.26	35.16	409.58	206.6	11	1000180400	13	1
295	83	3328	2	1	14	0	0	1001	869.40	531.69	-192.00	363.59	1493.4	13	1000080160	9	0
295	83	4919	1	0	12	0	0	1001	577.00	-144.55	-137.97	96.51	895.9	11	1000180400	10	1
295	83	5358	2	0	12	0	1	1005	458.05	64.18	153.48	453.28	151.7	11	1000180400	12	1
295	83	5358	2	1	14	0	0	1001	580.01	96.66	-0.79	-375.14	1355.6	13	1000140280	8	0
295	83	6119	1	0	12	0	0	1001	781.13	-123.92	-111.32	35.95	1007.5	11	1000180400	20	1
295	83	7234	1	0	12	0	2	1091	3184.29	44.70	-156.26	284.44	676.0	11	1000180400	24	1
295	83	7723	1	0	12	0	0	1001	770.73	-21.04	-124.24	416.85	1495.2	11	1000180400	10	1
295	83	9499	1	0	12	0	0	1001	739.90	-126.56	-123.93	278.92	863.9	11	1000180400	9	1
295	83	9583	1	0	12	0	2	1091	2862.65	92.84	-138.12	266.27	487.0	11	1000180400	13	1
295	83	10651	3	0	-14	0	0	1001	340.98	-505.63	-651.18	105.13	671.1	-13	1000110230	9	0
295	83	10651	3	1	14	0	0	1001	928.67	-189.95	33.37	577.25	741.2	13	1000180400	10	0
295	83	10651	3	2	12	0	2	1091	1201.16	182.26	84.79	344.56	166.2	11	1000180400	14	1
294	18	360	1	0	12	0	0	1001	843.07	-9.17	34.05	398.30	93.7	11	1000180400	18	1
294	18	759	2	0	14	1	10	1000	371.60	-629.26	-219.10	433.36	890.6	14	1000080160	16	0
294	18	759	2	1	12	0	1	1003	1072.43	-159.06	0.35	42.35	1175.4	11	1000180400	11	1
294	18	1199	3	0	14	0	2	1091	1752.99	75.16	250.81	388.77	129.2	13	1000180400	17	0
294	18	1199	3	1	12	0	1	1003	3095.95	-161.19	-82.27	427.17	72.7	11	1000180400	13	1
294	18	1199	3	2	14	0	1	1003	2949.00	33.33	-461.97	25.29	874.7	13	1000140280	12	0
294	18	4080	2	0	14	0	0	1001	535.70	182.17	-296.37	-277.44	484.5	13	1000080160	8	0
294	18	4080	2	1	12	0	0	1001	802.06	-56.05	167.31	368.44	1454.5	11	1000180400	8	1
294	18	4512	2	0	14	0	10	1000	2629.61	-335.97	-194.89	1182.72	1597.3	13	1000140280	12	0
294	18	4512	2	1	12	0	0	1001	1047.78	-82.92	150.64	155.92	236.2	11	1000180400	9	1
294	18	5045	1	0	12	0	0	1001	789.00	21.58	132.76	430.20	205.5	11	1000180400	9	1
294	18	9085	3	0	14	0	10	1000	588.09	-562.58	-45.10	651.52	593.2	13	1000130270	19	0
294	18	9085	3	1	12	0	0	1001	1297.14	92.07	19.04	122.35	972.6	11	1000180400	10	1
294	18	9085	3	2	14	0	0	1001	357.54	661.84	-670.78	70.58	1046.0	13	1000110230	8	0
294	18	9369	3	0	14	0	10	1000	539.66	128.07	-81.39	956.87	1586.5	13	1000080160	24	0
294	18	9369	3	1	12	0	0	1001	6029.41	43.16	129.15	385.50	1530.4	11	1000180400	16	1
294	18	9369	3	2	14	0	10	1000	631.00	118.57	261.12	981.05	889.5	13	1000140280	28	0
293	86	539	1	0	12	0	1	1003	660.97	-91.90	21.40	117.50	1182.6	11	1000180400	12	1
293	86	3932	2	0	12	0	1	1003	744.45	-83.36	18.05	50.07	915.6	11	1000180400	11	1
293	86	3932	2	1	14	0	1	1004	551.39	-476.53	-63.74	-212.00	1075.6	13	1000140280	12	0
293	86	4733	3	0	14	1	1	1008	750.82	84.25	108.42	466.00	398.3	14	1000180400	36	1
293	86	4733	3	1	-14	1	0	1002	950.99	-670.70	304.32	-443.02	214.6	-14	1000200400	20	0
293	86	4733	3	2	12	0	1	1003	2163.82	172.19	123.43	161.37	272.9	11	1000180400	13	1
293	86	6533	1	0	12	0	10	1000	945.83	-111.60	-22.10	257.99	993.7	11	1000180400	12	1
293	86	6999	2	0	14	0	0	1001	492.40	24.17	491.24	-483.04	648.9	13	1000130270	9	0
293	86	6999	2	1	12	0	0	1001	524.50	117.75	-70.51	186.24	1181.2	11	1000180400	19	1
293	86	7195	2	0	14	1	0	1002	282.60	-360.10	-433.89	732.25	860.7	14	1000080160	22	0
293	86	7195	2	1	12	0	0	1001	876.82	199.54	-43.03	85.94	368.1	11	1000180400	8	1
293	86	8175	2	0	14	0	0	1001	716.38	-281.80	-175.35	-310.01	428.8	13	1000080160	9	0
293	86	8175	2	1	12	0	0	1001	941.24	131.62	-50.52	498.32	419.3	11	1000180400	9	1
293	86	8767	1	0	12	0	1	1003	2607.85	-53.71	186.08	202.45	1089.1	11	1000180400	12	1
293	86	12364	2	0	14	0	1	1005	2514.77	-377.03	-635.09	-49.21	1117.1	13	1000110230	11	0
293	86	12364	2	1	12	0	10	1000	801.36	158.67	61.63	223.33	333.9	11	1000180400	25	1
295	69	1924	1	0	12	0	0	1001	546.58	94.16	113.44	11.95	419.7	11	1000180400	26	1
295	69	4317	1	0	12	0	1	1003	1818.18	3.97	-116.78	48.74	988.0	11	1000180400	11	1
295	69	4623	2	0	14	0	1	1004	701.24	-57.31	-469.80	-491.99	63.1	13	1000080160	16	0
295	69	4623	2	1	12	0	0	1001	1534.60	127.20	-40.79	452.26	398.4	11	1000180400	9	1
295	69	4684	1	0	12	0	0	1001	514.77	-80.55	182.07	433.28	868.5	11	1000180400	10	1
295	69	7293	2	0	14	0	10	1000	1218.73	-380.47	446.66	-488.60	667.4	13	1000130270	11	0
295	69	7293	2	1	12	0	1	1004	1031.96	69.37	93.42	487.86	550.7	11	1000180400	53	1
295	69	7474	2	0	14	0	0	1001	791.34	-12.45	61.82	1004.31	281.4	13	1000080160	8	0
295	69	7474	2	1	12	0	1	1003	1228.79	130.27	62.05	335.04	319.2	11	1000180400	11	1
295	69	8175	1	0	12	0	2	1091	3007.11	-96.09	171.86	382.93	697.5	11	1000180400	13	1
295	69	10190	1	0	12	0	1	1004	1635.94	120.20	184.69	378.19	1323.3	11	1000180400	12	1
295	69	11654	1	0	12	0	1	1004	1528.35	13.36	66.83	457.98	852.1	11	1000180400	12	1
295	69	11965	1	0	12	0	0	1001	1501.32	-177.73	176.54	238.38	619.4	11	1000180400	9	1
300	41	220	3	0	14	0	1	1005	1734.89	556.75	10.92	517.76	1534.8	13	1000140280	11	0
300	41	220	3	1	14	0	1	1000	5544.26	-280.91	40.88	1185.03	422.2	13	1000080160	11	0
300	41	220	3	2	12	0	1	1003	1029.87	-42.32	60.21	39.40	1006.2	11	1000180400	18	1
300	41	308	2	0	12	0	10	1000	1900.53	44.14	179.60	345.12	1435.1	11	1000180400	11	1
300	41	308	2	1	14	0	0	1001	781.22	-695.23	-8.72	919.96	810.8	13	1000080160	8	0
300	41	730	2	0	14	0	0	1001	774.25	328.96	-488.33	-219.48	431.9	13	1000140280	9	0
300	41	730	2	1	12	0	1	1005	1185.87	-162.76	-103.49	483.74	1440.3	11	1000180400	16	1
300	41	1307	1	0	12	0	0	1001	498.82	25.83	63.79	134.04	1487.0	11	1000180400	10	1
300	41	1367	1	0	12	0	0	1001	301.20	-104.68	-92.63	122.70	820.3	11	1000180400	15	1
300	41	1424	1	0	12	0	1	1005	1777.83	129.41	-141.71	335.25	828.2	11	1000180400	11	1
300	41	1653	1	0	12	0	10	1000	568.33	-16.45	160.24	448.58	661.5	11	1000180400	11	1
300	41	1869	1	0	12	0	2	1091	2497.40	159.90	-66.66	121.07	1202.2	11	1000180400	31	1
300	41	2408	2	0	14	1	1	1007	1871.82	414.57	-694.68	-54.01	741.8	14	1000140280	13	0
300	41	2408	2	1	12	0	10	1000	1181.60	170.09	-148.70	258.59	123.2	11	1000180400	12	1
300	41	5293	1	0	12	0	0	1001	2065.16	-149.31	4.66	497.23	1551.4	11	1000180400	9	1
300	41	6105	2	0	14	0	0	1001	418.73	-660.91	-467.36	370.01	927.5	13	1000200400	14	0
300	41	6105	2	1	12	0	10	1000	1712.61	113.18	149.24	407.29	1456.7	11	1000180400	11	1
300	41	7516	1	0	12	0	1	1003	1058.29	150.54	82.13	178.48	899.8	11	1000180400	14	1
300	41	8498	2	0	14	0	0	1001	527.52	-704.88	131.70	360.25	639.4	13	1000120240	8	0
300	41	8498	2	1	12	0	2	1091	2860.26	13.85	-20.27	204.41	124.3	11	1000180400	14	1
300	41	9343	1	0	12	0	0	1001	1738.25	-40.36	-9.57	236.25	1393.8	11	1000180400	10	1
300	41	12401	2	0	14	1	1	1008	450.62	-138.96	-610.87	244.31	1395.0	14	1000140280	11	0
300	41	12401	2	1	12	0	10	1000	563.52	100.57	5.05	366.14	829.6	11	1000180400	11	1
300	41	12410	1	0	12	0	0	1001	465.77	134.97	100.58	354.59	792.6	11	1000180400	15	1
297	84	343	3	0	14	0	1	1003	664.29	-681.76	333.34	546.80	1423.9	13	1000200400	11	0
297	84	343	3	1	12	0	1	1003	2698.02	-175.61	112.44	262.07	693.9	11	1000180400	19	1
297	84	343	3	2	14	0	0	1001	234.77	544.39	-587.57	-185.69	1551.9	13	1000140280	9	0
297	84	411	3	0	14	0	0	1001	434.71	-561.96	517.18	-285.02	145.2	13	1000120240	31	0
297	84	411	3	1	12	0	0	1001	435.81	-92.18	36.48	339.01	167.6	11	1000180400	12	1
297	84	411	3	2	14	0	0	1001	648.53	-513.97	-471.24	24.77	517.4	13	1000140280	9	0
297	84	1768	2	0	14	0	0	1001	1180.80	427.50	139.57	954.70	962.5	13	1000130270	14	0
297	84	1768	2	1	12	0	0	1001	374.76	49.55	68.33	418.09	945.9	11	1000180400	14	1
297	84	3056	3	0	14	1	0	1002	485.95	495.21	68.29	196.34	106.9	14	1000080160	17	0
297	84	3056	3	1	12	0	1	1003	1870.72	-153.48	185.57	223.23	543.7	11	1000180400	12	1
297	84	3056	3	2	14	0	0	1001	733.27	-113.90	260.20	-390.33	1297.5	13	1000140280	11	0
297	84	6038	1	0	12	0	2	1091	2054.74	-157.99	188.85	454.95	909.2	11	1000180400	13	1
297	84	7967	1	0	12	0	0	1001	3734.15	-182.65	148.16	88.59	1518.3	11	1000180400	10	1
297	84	8605	2	0	14	0	0	1001	3491.55	512.62	-106.82	238.59	921.1	13	1000140280	8	0
297	84	8605	2	1	12	0	0	1001	395.74	-117.31	110.15	326.02	1455.2	11	1000180400	12	1
297	84	12174	1	0	12	0	0	1001	465.09	202.10	-86.29	370.98	961.4	11	1000180400	9	0
294	53	2704	1	0	12	0	0	1001	1006.52	176.69	-15.99	37.24	554.4	11	1000180400	9	1
294	53	2746	2	0	12	0	0	1001	1362.70	-11.33	109.95	90.60	1576.5	11	1000180400	9	1
294	53	2746	2	1	14	1	0	1002	354.39	404.88	-252.39	-502.00	705.6	14	1000080160	10	0
294	53	3393	2	0	14	1	1	1007	529.07	-542.51	-511.20	40.42	1271.0	14	1000110230	12	0
294	53	3393	2	1	-12	0	1	1000	1135.04	30.22	-27.85	494.32	1328.1	-11	1000180400	12	1
294	53	4196	1	0	12	0	0	1001	366.03	147.36	-116.66	168.70	992.7	11	1000180400	8	1
294	53	4655	1	0	12	0	0	1001	508.32	-75.78	-143.23	496.95	96.6	11	1000180400	9	1
294	53	6016	3	0	14	0	2	1091	3273.14	-531.43	13.66	-942.62	215.3	13	1000080160	14	0
294	53	6016	3	1	14	0	0	1001	280.02	566.36	203.57	-365.56	464.9	13	1000140280	8	0
294	53	6016	3	2	12	0	0	1001	995.94	-81.57	-35.25	372.41	1455.6	11	1000180400	8	1
294	53	6548	1	0	12	0	1	1000	1995.30	-58.35	-77.56	167.38	424.6	11	1000180400	13	1
294	53	9231	2	0	14	0	1	1004	768.95	-218.50	-246.60	361.86	317.2	13	1000180400	12	0
294	53	9231	2	1	12	0	0	1001	2110.27	-137.48	-64.42	250.50	1414.7	11	1000180400	10	1
294	53	12033	3	0	12	0	10	1000	1145.87	-28.93	-162.23	232.25	295.6	11	1000180400	16	1
294	53	12033	3	1	14	0	0	1001	448.97	7.17	-621.06	494.86	1250.6	13	1000110230	8	0
294	53	12033	3	2	14	0	0	1001	1073.03	-506.69	-32.37	-56.30	1534.5	13	1000080160	8	0
298	26	671	2	0	14	0	0	1001	956.28	-565.95	-65.22	-406.11	462.7	13	1000080160	22	0
298	26	671	2	1	12	0	0	1001	502.57	60.21	79.53	301.82	976.9	11	1000180400	9	1
298	26	1527	1	0	12	0	1	1003	1870.52	-75.93	107.97	296.39	923.7	11	1000180400	13	1
298	26	2292	1	0	12	0	0	1001	1114.87	100.51	156.81	163.38	1090.0	11	1000180400	13	1
298	26	2323	3	0	14	0	1	1003	3595.61	-300.77	-50.35	-830.24	809.1	13	1000080160	12	0
298	26	2323	3	1	12	0	1	1003	2161.97	-120.84	45.61	170.72	1411.3	11	1000180400	20	1
298	26	2323	3	2	14	1	0	1002	292.98	-643.27	-347.91	144.80	233.6	14	1000200400	11	0
298	26	3680	4	0	14	0	0	1001	200.77	-569.25	418.56	-418.13	800.9	13	1000200400	8	0
298	26	3680	4	1	14	0	2	1091	3307.50	-366.28	86.69	-406.44	1352.9	13	1000080160	20	0
298	26	3680	4	2	12	0	0	1001	317.95	68.66	121.87	174.93	1164.7	11	1000180400	14	1
298	26	3680	4	3	14	0	10	1000	345.54	324.47	-44.69	-377.33	1430.7	13	1000080160	14	0
298	26	3713	1	0	12	0	0	1001	1138.84	-32.05	89.24	297.31	942.8	11	1000180400	8	1
298	26	3961	3	0	12	0	0	1001	1815.68	-18.49	163.93	340.95	1548.5	11	1000180400	18	1
298	26	3961	3	1	14	0	0	1001	442.16	-707.48	-705.34	653.32	841.8	13	1000110230	9	0
298	26	3961	3	2	-14	1	0	1002	360.51	87.09	-513.43	-253.94	373.4	-14	1000080160	11	0
298	26	5015	2	0	14	0	10	1000	2177.31	-259.07	-546.11	-195.92	414.3	13	1000080160	11	0
298	26	5015	2	1	12	0	1	1003	858.66	-67.79	76.75	220.61	958.6	11	1000180400	17	1
298	26	5092	2	0	12	0	10	1000	3852.27	18.74	-98.00	459.41	303.8	11	1000180400	21	1
298	26	5092	2	1	14	0	0	1001	1095.44	489.35	151.68	767.93	105.3	13	1000080160	9	0
298	26	7677	2	0	12	0	0	1001	605.70	190.57	18.28	167.82	1429.5	11	1000180400	9	1
298	26	7677	2	1	14	0	1	1003	658.13	-449.33	-545.07	583.76	631.7	13	1000080160	12	0
298	26	8559	1	0	12	0	0	1001	1044.44	121.18	-187.85	380.43	831.9	11	1000180400	15	1
294	68	627	2	0	14	1	2	1092	3025.71	384.13	240.01	-335.27	202.0	14	1000080160	14	0
294	68	627	2	1	12	0	1	1003	2124.79	-181.33	-174.70	39.00	592.8	11	1000180400	16	1
294	68	4034	2	0	14	0	0	1001	427.20	187.25	-544.94	608.89	328.2	13	1000080160	9	0
294	68	4034	2	1	12	0	2	1091	1399.87	-176.18	-94.58	265.78	1069.7	11	1000180400	14	1
294	68	5664	3	0	14	0	0	1001	1065.02	497.63	242.50	-182.60	412.7	13	1000080160	9	0
294	68	5664	3	1	12	0	1	1003	1171.18	-171.28	-65.18	482.90	795.5	11	1000180400	17	1
294	68	5664	3	2	14	0	1	1005	1862.32	-433.62	-424.31	-281.95	828.7	13	1000080160	11	0
294	68	5994	1	0	12	0	0	1001	2921.98	107.81	-80.48	151.63	1050.3	11	1000180400	9	1
294	68	6610	1	0	12	0	0	1001	976.70	-3.54	62.23	264.13	1355.2	11	1000180400	8	1
294	68	7066	1	0	12	0	1	1005	1701.77	69.62	-20.09	201.42	1259.4	11	1000180400	15	1
294	68	7627	2	0	12	0	1	1003	1419.27	-193.08	100.33	476.05	434.7	11	1000180400	12	1
294	68	7627	2	1	14	0	10	1000	1346.99	-228.38	138.68	999.77	358.2	13	1000080160	14	0
294	68	10591	2	0	12	0	0	1001	1212.69	144.23	-173.27	422.81	565.0	11	1000180400	9	1
294	68	10591	2	1	14	1	2	1092	2376.24	-361.56	-617.69	498.48	816.0	14	1000260560	17	0
294	68	10851	2	0	14	0	0	1001	592.66	521.32	-151.52	-194.78	1246.8	13	1000140280	8	0
294	68	10851	2	1	12	0	1	1003	781.50	-191.24	-168.22	221.59	256.8	11	1000180400	13	1
294	68	11004	2	0	12	0	0	1001	1567.91	-134.84	28.17	354.31	621.4	11	1000180400	10	1
294	68	11004	2	1	14	0	2	1091	3640.41	-54.71	-118.88	1437.99	960.0	13	1000080160	16	0
294	68	11660	4	0	12	0	0	1001	1445.57	-123.03	132.89	443.11	1039.8	11	1000180400	13	1
294	68	11660	4	1	14	0	0	1001	804.87	-249.07	-152.93	952.86	91.6	13	1000140280	8	0
294	68	11660	4	2	14	1	1	1009	1083.61	-485.83	-121.19	161.39	747.2	14	1000080160	11	0
294	68	11660	4	3	14	0	0	1001	393.92	-358.27	194.17	-272.21	1491.7	13	1000140280	14	0
296	1	1559	2	0	14	0	0	1001	605.48	-61.76	40.49	601.47	1349.4	13	1000180400	9	0
296	1	1559	2	1	12	0	2	1091	2243.34	24.07	-46.40	278.61	1167.6	11	1000180400	13	1
296	1	3216	1	0	12	0	2	1091	2443.63	46.30	-95.46	276.64	258.4	11	1000180400	15	1
296	1	4414	5	0	14	0	0	1001	653.76	393.38	94.52	1004.59	1360.8	13	1000140280	15	0
296	1	4414	5	1	14	1	1	1006	1514.76	-137.30	-424.65	-317.75	541.0	14	1000140280	11	0
296	1	4414	5	2	12	0	1	1003	983.28	-46.35	183.04	200.55	939.9	11	1000180400	18	1
296	1	4414	5	3	14	0	1	1003	815.77	27.26	199.64	-480.93	517.0	13	1000080160	14	0
296	1	4414	5	4	14	0	10	1000	708.97	321.20	436.89	-478.00	250.5	13	1000200400	12	0
296	1	4575	2	0	14	0	0	1001	667.34	106.05	54.80	-18.82	1099.9	13	1000180400	21	0
296	1	4575	2	1	12	0	1	1004	1918.23	-135.15	111.20	460.65	1192.8	11	1000180400	12	1
296	1	6639	2	0	12	0	10	1000	673.78	-147.94	-175.93	26.22	345.5	11	1000180400	12	1
296	1	6639	2	1	14	1	0	1002	688.03	242.00	80.40	622.04	269.4	14	1000180400	12	0
296	1	8710	3	0	14	0	0	1001	390.76	-145.81	59.98	506.18	569.3	13	1000180400	9	0
296	1	8710	3	1	12	0	10	1000	3202.01	66.02	157.59	397.07	660.0	11	1000180400	11	1
296	1	8710	3	2	14	0	0	1001	503.77	-429.10	46.21	1001.46	358.4	13	1000130270	8	0
296	1	8950	1	0	12	0	0	1001	543.28	101.46	-164.41	478.43	1497.0	11	1000180400	23	1
296	1	10127	3	0	14	1	0	1002	142.77	-179.55	-430.66	-390.33	862.0	14	1000200400	9	0
296	1	10127	3	1	12	0	1	1005	758.36	-180.98	-117.13	386.15	90.6	11	1000180400	15	1
296	1	10127	3	2	14	0	0	1001	829.28	50.47	-177.28	368.58	336.6	13	1000180400	13	1
296	1	10876	1	0	-12	0	0	1001	702.68	-90.60	134.66	366.01	603.9	-11	1000180400	8	1
296	1	12306	3	0	14	0	0	1001	332.14	303.59	-196.25	-389.60	84.9	13	1000080160	9	0
296	1	12306	3	1	12	0	0	1001	1120.41	-194.29	76.75	276.90	296.4	11	1000180400	9	1
296	1	12306	3	2	14	0	0	1001	297.38	-681.75	-2.88	129.12	1009.2	13	1000080160	9	0
295	89	1531	2	0	12	0	0	1001	489.79	5.65	-199.50	336.57	999.5	11	1000180400	10	1
295	89	1531	2	1	14	0	0	1001	606.63	35.35	-27.37	-468.30	972.6	13	1000120240	9	0
295	89	2850	3	0	14	0	10	1000	1461.98	80.71	-20.40	607.80	1254.4	13	1000180400	11	0
295	89	2850	3	1	12	0	1	1005	1051.81	-63.89	123.60	362.37	1094.7	11	1000180400	11	1
295	89	2850	3	2	14	0	1	1003	1292.12	-327.38	-119.03	-289.88	1146.8	13	1000140280	13	0
295	89	3063	1	0	12	0	1	1004	1484.14	154.51	8.97	430.07	1172.9	11	1000180400	15	1
295	89	3874	3	0	12	0	1	1003	657.40	135.03	25.85	109.79	896.9	11	1000180400	12	1
295	89	3874	3	1	14	0	0	1001	1746.44	181.36	-661.71	346.56	1246.4	13	1000080160	9	0
295	89	3874	3	2	14	0	0	1001	341.46	253.36	-382.25	5.73	629.1	13	1000060120	8	0
295	89	4129	2	0	14	1	0	1002	351.54	503.11	630.97	-227.45	1150.7	14	1000140280	9	0
295	89	4129	2	1	12	0	0	1001	1714.32	-183.49	-20.95	394.32	774.3	11	1000180400	10	1
295	89	5591	2	0	14	0	10	1000	842.03	-79.21	-49.52	483.16	302.0	13	1000180400	13	1
295	89	5591	2	1	12	0	0	1001	370.88	169.55	122.41	177.15	766.9	11	1000180400	9	1
295	89	6721	3	0	14	0	0	1001	1091.00	125.48	-126.50	52.09	402.0	13	1000180400	9	1
295	89	6721	3	1	12	0	0	1001	431.12	-82.87	-103.55	297.75	1320.2	11	1000180400	9	1
295	89	6721	3	2	14	0	1	1005	1203.36	219.99	215.67	359.57	869.6	13	1000180400	13	0
295	89	7816	1	0	12	0	1	1004	808.53	-129.70	-2.14	424.01	358.5	11	1000180400	13	1
295	89	8675	1	0	12	0	1	1000	2508.97	-79.93	111.87	130.94	290.0	11	1000180400	21	1
295	89	8736	1	0	12	0	0	1001	1106.55	46.88	76.22	329.13	165.2	11	1000180400	9	1
300	34	2426	1	0	12	0	1	1000	2466.61	54.76	-171.80	466.59	113.6	11	1000180400	19	1
300	34	3546	5	0	14	0	0	1001	1791.85	-0.07	-204.46	411.59	281.3	13	1000260560	8	0
300	34	3546	5	1	12	0	1	1000	2427.75	-33.43	-45.68	424.20	185.9	11	1000180400	14	1
300	34	3546	5	2	14	0	1	1003	3858.99	215.11	211.69	-341.44	466.0	13	1000080160	12	0
300	34	3546	5	3	14	0	0	1001	364.90	128.98	12.58	402.89	906.6	13	1000180400	9	1
300	34	3546	5	4	14	0	1	1003	1096.19	-87.55	43.20	136.66	139.8	13	1000180400	24	1
300	34	4299	2	0	14	0	0	1001	633.86	349.19	-5.32	-481.51	1085.3	13	1000120240	9	0
300	34	4299	2	1	12	0	2	1091	1314.10	-59.77	163.03	117.04	1467.1	11	1000180400	13	1
300	34	6181	4	0	14	1	10	1000	370.08	-500.88	-388.20	-423.89	46.4	14	1000080160	12	0
300	34	6181	4	1	14	0	0	1001	412.22	52.68	73.79	-441.66	291.1	13	1000080160	8	0
300	34	6181	4	2	14	0	10	1000	590.65	-252.52	-250.83	215.75	520.6	13	1000180400	11	0
300	34	6181	4	3	12	0	1	1003	884.35	171.56	-57.16	62.28	1237.3	11	1000180400	12	1
300	34	6579	2	0	12	0	1	1005	569.28	199.67	-122.88	137.17	1578.1	11	1000180400	13	1
300	34	6579	2	1	14	1	0	1002	583.74	-581.26	64.27	305.75	410.6	14	1000160320	9	0
300	34	7013	1	0	12	0	1	1000	2124.10	53.97	-6.08	176.43	803.8	11	1000180400	13	1
300	34	8528	1	0	12	0	2	1091	2176.47	-43.69	-185.22	431.90	699.0	11	1000180400	14	1
300	34	12406	1	0	12	0	0	1001	1788.07	-48.41	-75.94	313.56	1488.6	11	1000180400	8	1
294	52	2698	3	0	12	0	10	1000	550.45	75.76	78.12	98.77	158.0	11	1000180400	12	1
294	52	2698	3	1	14	1	10	1000	2173.17	-61.79	109.36	-503.01	915.0	14	1000080160	11	0
294	52	2698	3	2	14	0	0	1001	332.68	508.87	-498.02	-242.03	1188.8	13	1000140280	9	0
294	52	3276	1	0	-12	0	2	1091	3422.32	-18.87	133.90	138.25	1580.8	-11	1000180400	13	1
294	52	3595	2	0	12	0	2	1091	5098.72	-13.03	60.65	296.80	1583.1	11	1000180400	14	1
294	52	3595	2	1	14	0	0	1001	498.01	-1.38	-382.41	-309.56	125.2	13	1000140280	20	0
294	52	4112	5	0	14	1	0	1002	574.53	468.84	-100.31	-304.76	543.7	14	1000140280	9	0
294	52	4112	5	1	14	0	2	1091	2166.47	474.00	307.87	138.80	275.4	13	1000080160	11	0
294	52	4112	5	2	14	0	0	1001	623.34	-570.07	192.05	717.07	840.7	13	1000140280	8	0
294	52	4112	5	3	12	0	1	1003	1387.34	-172.09	90.50	314.17	410.4	11	1000180400	13	1
294	52	4112	5	4	14	0	1	1005	2881.97	-148.83	-377.05	-577.11	668.8	13	1000160320	23	0
294	52	4287	3	0	14	0	1	1003	1441.84	-319.63	-70.26	144.68	388.5	13	1000010010	6	0
294	52	4287	3	1	-12	0	3	1097	593.85	-115.14	-87.52	198.10	1373.7	-11	1000180400	5	1
294	52	4287	3	2	14	1	1	1007	2814.02	457.36	-236.25	-330.43	1471.3	14	1000140280	17	0
294	52	5882	2	0	12	0	1	1005	1757.95	125.16	-101.12	384.06	1510.4	11	1000180400	13	1
294	52	5882	2	1	14	0	0	1001	581.91	-62.87	-81.66	-294.38	1282.0	13	1000140280	8	0
294	52	9872	2	0	14	0	1	1003	973.39	-353.60	-544.40	148.21	1125.3	13	1000080160	13	0
294	52	9872	2	1	12	0	10	1000	1647.30	-179.84	-88.15	107.25	1028.2	11	1000180400	12	1
294	52	11004	2	0	12	0	1	1003	2194.70	-61.68	53.87	488.26	795.1	11	1000180400	11	1
294	52	11004	2	1	14	0	0	1001	542.05	-501.66	156.19	923.69	1302.8	13	1000110230	8	0
294	52	11086	1	0	12	0	2	1091	3786.57	-143.07	-201.39	24.38	1406.1	11	1000180400	25	0
294	52	11720	2	0	14	1	0	1002	1940.44	-194.59	-658.35	856.78	1432.1	14	1000080160	11	0
294	52	11720	2	1	12	0	1	1000	3390.08	51.24	47.81	55.93	783.6	11	1000180400	13	1
293	91	1420	1	0	12	0	0	1001	1151.56	22.82	-60.15	459.92	1513.9	11	1000180400	9	1
293	91	1579	1	0	12	0	0	1001	1355.26	-197.60	-195.26	244.64	333.0	11	1000180400	10	1
293	91	1758	1	0	12	0	0	1001	1111.28	-112.74	147.89	295.03	942.7	11	1000180400	9	1
293	91	3961	2	0	12	0	1	1004	887.65	-117.63	-200.27	210.59	919.6	11	1000180400	12	0
293	91	3961	2	1	12	1	0	1002	1260.57	691.01	-619.49	916.91	413.3	12	1000080160	13	0
293	91	4677	2	0	14	0	0	1001	309.18	-332.73	107.19	-436.60	178.5	13	1000160320	11	0
293	91	4677	2	1	12	0	2	1091	2614.08	30.33	-47.68	171.87	502.2	11	1000180400	22	1
293	91	6450	1	0	12	0	0	1001	785.09	-48.27	-149.40	454.19	264.9	11	1000180400	9	1
293	91	6779	1	0	12	0	0	1001	1309.28	-113.62	200.57	67.04	590.9	11	1000180400	9	0
293	91	7952	1	0	12	0	1	1003	2129.39	-176.03	-174.67	63.05	780.6	11	1000180400	25	1
293	91	8077	1	0	12	0	1	1000	1692.36	-141.87	56.11	235.84	1221.6	11	1000180400	16	1
293	91	11796	2	0	12	0	1	1004	1583.49	-48.87	187.97	17.02	702.9	11	1000180400	11	1
293	91	11796	2	1	14	0	0	1001	1419.01	-15.79	-252.98	-485.37	310.3	13	1000080160	12	0
296	9	351	2	0	14	0	0	1001	1335.01	635.06	-72.16	255.60	369.9	13	1000080160	10	0
296	9	351	2	1	12	0	1	1005	1834.16	-69.51	163.48	124.84	159.2	11	1000180400	12	1
296	9	456	2	0	14	1	2	1092	732.05	-128.67	-505.61	55.68	723.2	14	1000080160	13	0
296	9	456	2	1	12	0	0	1001	1772.76	109.60	-200.78	371.65	1510.6	11	1000180400	9	0
296	9	961	1	0	12	0	2	1091	2922.32	170.18	153.17	428.11	1304.9	11	1000180400	11	1
296	9	2203	2	0	14	0	2	1091	892.23	-458.59	-557.93	765.70	957.8	13	1000080160	15	0
296	9	2203	2	1	12	0	2	1091	1439.72	-82.18	71.94	222.92	142.5	11	1000180400	17	1
296	9	3689	3	0	12	0	0	1001	303.63	-31.11	-157.03	432.02	586.2	11	1000180400	10	1
296	9	3689	3	1	14	0	0	1001	620.17	202.89	-631.81	459.13	171.6	13	1000080160	8	0
296	9	3689	3	2	14	0	1	1000	3455.83	-336.62	69.44	1449.55	618.9	13	1000130270	14	0
296	9	3863	1	0	12	0	1	1004	1488.17	-159.37	-82.04	80.17	1159.9	11	1000180400	20	1
296	9	4164	2	0	14	0	0	1001	1161.18	497.99	-700.11	367.11	470.6	13	1000140280	32	0
296	9	4164	2	1	-12	0	1	1000	3283.20	152.54	59.83	427.59	851.5	-11	1000180400	18	1
296	9	4541	4	0	12	0	1	1003	2704.65	61.42	-694.17	54.21	1140.3	11	1000140280	13	0
296	9	4541	4	1	14	0	0	1001	431.58	-22.13	-151.61	397.95	283.0	13	1000180400	9	1
296	9	4541	4	2	12	0	0	1001	1697.97	-48.97	-132.03	141.86	675.0	11	1000180400	9	1
296	9	4541	4	3	14	0	2	1091	2158.13	669.62	-25.83	1167.05	1389.6	13	1000080160	16	0
296	9	5684	2	0	14	0	1	1005	1080.19	-163.37	85.64	359.52	187.1	13	1000180400	14	1
296	9	5684	2	1	12	0	0	1001	863.40	-169.21	117.49	135.61	1445.5	11	1000180400	9	1
296	9	9250	1	0	12	0	0	1001	801.11	-99.74	197.41	364.99	790.1	11	1000180400	8	1
296	9	9334	1	0	12	0	0	1001	332.89	182.68	48.99	113.23	292.3	11	1000180400	13	1
296	9	10090	2	0	12	0	0	1001	659.01	-150.48	-202.26	106.83	1143.7	11	1000180400	16	0
296	9	10090	2	1	14	0	0	1001	3821.62	164.32	169.64	1091.56	1383.4	13	1000080160	16	0
296	11	1853	3	0	14	0	0	1001	531.80	-233.19	-546.46	259.69	1358.0	13	1000110230	8	0
296	11	1853	3	1	14	0	0	1001	510.27	537.80	70.76	-499.03	592.8	13	1000200400	9	0
296	11	1853	3	2	12	0	1	1004	3002.59	-8.23	-47.26	196.18	1204.0	11	1000180400	11	1
296	11	1951	2	0	14	1	2	1092	4983.37	72.31	-285.99	1468.73	678.1	14	1000140280	13	0
296	11	1951	2	1	12	0	1	1003	1800.97	-64.21	73.18	340.60	659.4	11	1000180400	13	1
296	11	5225	3	0	14	1	0	1002	315.78	-688.45	188.63	56.80	1215.7	14	1000200400	9	0
296	11	5225	3	1	14	0	0	1001	279.29	-150.63	-610.98	-275.81	525.7	13	1000080160	10	0
296	11	5225	3	2	12	0	2	1091	1913.46	124.60	-32.08	256.36	1565.7	11	1000180400	18	1
296	11	7412	3	0	14	1	0	1002	159.31	-649.98	-311.78	857.79	1394.6	14	1000200400	9	0
296	11	7412	3	1	14	0	1	1003	671.17	188.64	-463.51	734.16	121.0	13	1000080160	17	0
296	11	7412	3	2	12	0	2	1091	2391.63	-31.96	201.22	23.20	989.6	11	1000180400	16	0
296	11	8929	3	0	12	0	0	1001	380.27	-68.08	116.89	484.10	1137.4	11	1000180400	26	1
296	11	8929	3	1	14	0	0	1001	207.48	-115.71	507.50	-381.81	1144.8	13	1000080160	10	0
296	11	8929	3	2	14	0	1	1005	2143.65	548.60	350.61	462.38	717.4	13	1000120240	14	0
295	19	2504	1	0	12	0	0	1001	1613.01	-112.95	-152.33	4.56	1121.8	11	1000180400	9	1
295	19	4424	1	0	12	0	3	1097	1940.88	-50.48	181.17	420.54	830.5	11	1000180400	5	1
295	19	5663	3	0	14	1	1	1007	1798.92	-368.15	-498.92	1028.97	151.8	14	1000110230	18	0
295	19	5663	3	1	14	0	0	1001	1404.18	97.46	220.94	511.96	305.6	13	1000180400	9	0
295	19	5663	3	2	12	0	1	1005	440.07	94.01	-23.37	400.60	336.6	11	1000180400	12	1
295	19	6342	3	0	12	0	0	1001	733.38	114.34	169.27	258.64	615.2	11	1000180400	9	1
295	19	6342	3	1	14	0	2	1091	5518.41	255.37	-59.44	1005.54	263.6	13	1000130270	15	0
295	19	6342	3	2	14	0	2	1091	3625.60	-69.70	370.98	233.87	617.7	13	1000240520	13	0
295	19	6882	1	0	12	0	0	1001	2246.34	-173.97	36.42	301.80	789.7	11	1000180400	8	1
295	19	7190	1	0	12	0	1	1005	3217.33	-50.74	-148.48	374.60	129.4	11	1000180400	14	1
295	19	7199	2	0	14	0	1	1003	1717.66	46.15	-637.28	234.88	825.8	13	1000190390	16	0
295	19	7199	2	1	12	0	2	1091	2352.47	-19.39	3.14	4.91	345.6	11	1000180400	14	1
295	19	7368	1	0	12	0	0	1001	848.59	-88.14	174.71	223.63	274.8	11	1000180400	9	1
295	19	7805	3	0	14	0	1	1005	3308.20	589.98	179.61	900.39	430.3	13	1000080160	17	0
295	19	7805	3	1	14	0	1	1000	4374.85	-462.30	-57.16	-332.35	1413.9	13	1000080160	13	0
295	19	7805	3	2	12	0	1	1003	562.96	130.93	94.27	230.58	1167.5	11	1000180400	14	1
295	19	8916	3	0	14	0	0	1001	328.66	525.53	336.83	664.51	1465.4	13	1000080160	8	0
295	19	8916	3	1	12	0	0	1001	849.92	-114.41	-146.10	168.98	1258.5	11	1000180400	9	1
295	19	8916	3	2	14	0	0	1001	776.09	-607.01	278.34	981.53	261.5	13	1000120240	9	0
295	19	9236	2	0	14	0	2	1091	3524.69	-215.67	-360.50	-614.85	78.2	13	1000140280	13	0
295	19	9236	2	1	12	0	2	1091	3356.88	-41.17	81.58	500.47	1441.1	11	1000180400	14	0
295	19	9326	2	0	12	0	1	1005	1925.87	-91.08	-36.56	195.20	919.1	11	1000180400	14	1
295	19	9326	2	1	14	0	0	1001	510.77	-675.19	-531.89	792.27	179.6	13	1000080160	8	0
295	54	1887	3	0	12	0	0	1001	591.85	186.16	-97.75	216.58	260.1	11	1000180400	9	1
295	54	1887	3	1	14	0	1	1003	922.98	-4.89	-195.82	-447.48	81.3	13	1000080160	16	0
295	54	1887	3	2	14	0	10	1000	481.15	605.89	73.28	263.00	1014.8	13	1000200400	11	0
295	54	1972	2	0	14	0	1	1004	632.54	610.18	-211.62	296.77	903.6	13	1000160320	12	0
295	54	1972	2	1	12	0	1	1003	874.78	74.60	-108.92	117.05	1030.7	11	1000180400	13	1
295	54	2012	3	0	14	0	10	1000	2398.70	-236.52	-145.87	-346.79	1430.8	13	1000080160	11	0
295	54	2012	3	1	12	0	10	1000	2167.72	-109.20	-136.52	321.23	184.0	11	1000180400	11	1
295	54	2012	3	2	14	1	0	1002	515.99	-515.37	554.43	144.26	824.3	14	1000140280	9	0
295	54	6565	1	0	12	0	0	1001	1699.90	167.04	-64.88	285.35	1093.6	11	1000180400	8	1
295	54	6859	2	0	14	0	0	1001	935.22	622.42	-678.69	281.62	1169.9	13	1000110230	8	0
295	54	6859	2	1	12	0	1	1005	3045.67	-75.71	20.76	237.28	200.3	11	1000180400	21	1
295	54	9621	3	0	14	0	0	1001	243.93	-10.32	-482.08	795.90	597.3	13	1000140280	9	0
295	54	9621	3	1	14	0	0	1001	1278.05	-247.30	121.85	536.48	702.3	13	1000180400	8	0
295	54	9621	3	2	12	0	0	1001	254.57	98.62	187.76	81.81	990.5	11	1000180400	8	1
295	54	10541	2	0	14	0	0	1001	555.75	-562.50	-97.35	-34.70	59.9	13	1000140280	9	0
295	54	10541	2	1	12	0	1	1003	1427.62	-28.30	-67.88	449.35	1043.1	11	1000180400	11	1
295	54	11835	3	0	14	0	0	1001	758.72	226.05	182.66	368.77	775.2	13	1000180400	9	0
295	54	11835	3	1	14	1	1	1008	567.07	-512.91	280.79	908.17	1489.8	14	1000140280	11	0
295	54	11835	3	2	12	0	1	1004	1410.50	-171.83	166.50	324.74	1473.5	11	1000180400	11	1
295	54	12248	1	0	12	0	0	1001	1140.89	-67.18	124.15	195.01	1582.0	11	1000180400	9	1
295	54	12469	3	0	12	0	0	1001	3315.87	-36.43	11.50	284.32	1111.8	11	1000180400	16	1
295	54	12469	3	1	14	0	10	1000	616.98	76.34	-8.42	-200.54	961.8	13	1000060120	11	0
295	54	12469	3	2	14	1	0	1002	190.83	-535.58	-494.74	846.88	372.9	14	1000080160	11	0
294	54	282	1	0	12	0	10	1000	2824.92	-73.54	-151.19	225.55	1373.6	11	1000180400	12	1
294	54	596	1	0	12	0	1	1005	1936.64	-51.53	127.93	380.25	74.7	11	1000180400	14	1
294	54	1589	2	0	14	0	10	1000	938.88	-63.50	3.55	634.31	648.8	13	1000180400	12	0
294	54	1589	2	1	12	0	1	1003	1541.68	129.82	90.55	410.44	1135.5	11	1000180400	13	1
294	54	6723	1	0	12	0	0	1001	498.02	51.82	102.98	208.34	958.0	11	1000180400	8	1
294	54	9323	2	0	14	0	0	1001	564.13	360.64	-569.77	651.05	1463.8	13	1000080160	21	0
294	54	9323	2	1	12	0	10	1000	2441.73	18.02	-114.20	466.33	1591.7	11	1000180400	11	1
294	54	10960	1	0	12	0	1	1005	2718.64	-75.84	21.49	254.40	335.4	11	1000180400	13	1
294	54	10994	2	0	14	1	1	1009	1135.39	87.61	-121.92	432.50	984.6	14	1000180400	13	1
294	54	10994	2	1	-12	0	1	1000	1915.12	198.20	107.02	307.32	600.5	-11	1000180400	14	1
294	54	11985	3	0	14	0	0	1001	459.73	155.83	0.19	-487.11	801.9	13	1000200400	14	0
294	54	11985	3	1	14	0	0	1001	503.67	-310.76	-465.36	-215.04	544.2	13	1000080160	10	0
294	54	11985	3	2	12	0	10	1000	512.35	17.96	8.22	399.37	358.3	11	1000180400	12	1
298	66	160	1	0	12	0	1	1003	1868.16	-117.03	-31.06	220.26	690.7	11	1000180400	13	1
298	66	1280	1	0	12	0	10	1000	892.54	-129.92	41.63	80.67	630.6	11	1000180400	22	1
298	66	3299	2	0	14	0	0	1001	749.91	-484.41	93.10	31.90	1007.9	13	1000080160	21	0
298	66	3299	2	1	12	0	1	1003	2175.67	-175.71	-122.48	50.70	611.3	11	1000180400	23	1
298	66	3494	2	0	12	0	2	1091	3689.22	5.83	-172.72	376.33	1341.2	11	1000180400	17	1
298	66	3494	2	1	14	0	1	1004	4059.15	-141.59	127.65	1683.80	571.5	13	1000200400	11	0
298	66	4088	2	0	12	0	2	1091	2431.03	-59.80	-9.17	450.25	323.5	11	1000180400	29	1
298	66	4088	2	1	14	0	1	1003	1465.84	-572.58	131.64	453.90	757.6	13	1000200400	13	0
298	66	5761	2	0	-14	0	0	1001	1628.91	-556.33	-491.01	-86.45	682.6	-13	1000080160	9	0
298	66	5761	2	1	12	0	0	1001	630.25	80.06	37.37	28.70	287.4	11	1000180400	40	1
298	66	6217	3	0	14	1	10	1000	1056.94	482.27	-381.71	-421.58	1503.6	14	1000140280	11	0
298	66	6217	3	1	12	0	0	1001	792.73	162.55	-185.19	420.67	737.2	11	1000180400	9	1
298	66	6217	3	2	14	1	0	1002	160.47	662.89	-530.53	-438.79	310.5	14	1000080160	10	0
298	66	6233	1	0	12	0	2	1091	746.49	-90.05	-76.72	473.95	339.1	11	1000180400	16	1
298	66	6891	2	0	14	0	1	1003	3702.79	-540.49	-141.69	-85.23	1532.2	13	1000080160	12	0
298	66	6891	2	1	12	0	10	1000	1726.76	193.05	14.96	360.39	921.8	11	1000180400	21	1
296	51	775	1	0	12	0	0	1001	1423.15	28.43	-150.22	179.31	158.6	11	1000180400	10	1
296	51	1681	3	0	14	1	0	1002	874.17	205.27	230.84	602.23	893.6	14	1000180400	12	0
296	51	1681	3	1	14	0	10	1000	826.07	327.14	445.00	-463.08	726.0	13	1000080160	11	0
296	51	1681	3	2	-12	0	2	1091	1834.23	-73.87	-76.35	123.60	1010.7	-11	1000180400	22	1
296	51	1793	1	0	12	0	0	1001	1817.60	-141.54	143.61	455.17	1456.4	11	1000180400	20	1
296	51	3134	3	0	14	1	0	1002	185.38	-647.58	-596.89	-289.16	259.6	14	1000140280	38	0
296	51	3134	3	1	-12	0	1	1000	2652.92	26.86	198.46	277.09	939.9	-11	1000180400	11	1
296	51	3134	3	2	14	1	0	1002	469.83	-343.53	-461.46	485.49	853.8	14	1000200400	9	0
296	51	3757	1	0	12	0	0	1001	552.05	120.05	120.61	71.38	1500.7	11	1000180400	9	1
296	51	6651	2	0	14	0	2	1091	2973.64	439.01	153.34	-403.26	48.4	13	1000200400	21	0
296	51	6651	2	1	12	0	1	1003	2225.88	-0.71	107.09	390.03	679.3	11	1000180400	12	1
296	51	6981	2	0	14	0	0	1001	4424.38	-589.35	63.54	541.68	1423.5	13	1000200400	8	0
296	51	6981	2	1	12	0	0	1001	737.62	-99.54	131.79	450.65	1020.5	11	1000180400	10	1
296	51	8111	1	0	12	0	0	1001	2719.63	51.46	-72.23	262.51	1089.8	11	1000180400	9	1
296	51	8823	1	0	12	0	2	1091	3244.58	-21.95	-112.73	402.65	1267.7	11	1000180400	16	1
296	51	9239	1	0	12	0	10	1000	881.75	-117.44	-177.20	306.20	1055.0	11	1000180400	13	1
296	51	11402	1	0	12	0	10	1000	1425.19	76.83	-181.44	433.16	828.0	11	1000180400	11	1
296	51	11902	2	0	14	0	1	1003	927.13	-707.47	199.75	634.20	1159.2	13	1000200400	32	0
296	51	11902	2	1	12	0	1	1004	408.57	50.12	182.66	405.79	889.5	11	1000180400	21	1
292	99	609	2	0	14	0	1	1003	1343.94	152.40	-573.37	971.39	906.9	13	1000080160	12	0
292	99	609	2	1	12	0	0	1001	802.02	-74.24	83.53	333.22	1190.0	11	1000180400	9	1
292	99	1331	2	0	14	0	0	1001	205.13	606.43	-538.27	151.41	1542.2	13	1000110230	8	0
292	99	1331	2	1	12	0	1	1000	2275.30	-11.48	51.66	109.15	1275.8	11	1000180400	21	1
292	99	1334	2	0	12	0	0	1001	1248.64	-134.20	42.72	324.31	941.7	11	1000180400	10	1
292	99	1334	2	1	14	0	1	1003	1042.77	280.68	53.81	973.25	907.1	13	1000080160	12	0
292	99	4313	2	0	14	0	0	1001	579.90	196.48	422.29	45.74	1159.6	13	1000260560	9	0
292	99	4313	2	1	12	0	2	1091	2618.80	-44.38	-34.00	37.55	213.8	11	1000180400	11	1
292	99	4849	2	0	14	0	0	1001	1609.08	-699.38	-671.86	619.93	916.5	13	1000260560	8	0
292	99	4849	2	1	12	0	1	1004	1374.14	-85.39	-38.30	474.54	150.1	11	1000180400	21	1
292	99	7157	1	0	12	0	1	1003	1685.72	7.69	-92.70	182.18	653.7	11	1000180400	19	1
292	99	7632	4	0	14	0	1	1003	1520.23	-12.72	233.90	-413.71	1316.8	13	1000140280	12	0
292	99	7632	4	1	14	1	0	1002	243.84	521.93	140.81	996.50	566.0	14	1000080160	10	0
292	99	7632	4	2	12	0	1	1003	1937.15	-163.80	-96.50	414.97	945.1	11	1000180400	13	1
292	99	7632	4	3	-14	0	10	1000	1499.26	-679.64	154.68	180.35	825.4	-13	1000080160	15	0
292	99	8803	2	0	12	0	0	1001	1206.94	147.04	171.22	351.47	696.1	11	1000180400	8	1
292	99	8803	2	1	14	1	0	1002	323.35	110.88	-614.79	-424.58	426.8	14	1000080160	10	0
292	99	10175	3	0	-12	0	0	1001	1297.17	0.08	-23.86	287.24	1150.2	-11	1000180400	12	1
292	99	10175	3	1	14	1	0	1002	495.95	-123.96	-485.78	267.04	165.0	14	1000200400	11	0
292	99	10175	3	2	14	0	2	1091	1733.90	-220.15	116.25	532.57	1005.6	13	1000180400	13	0
295	85	468	2	0	12	0	0	1001	1047.97	-71.36	-53.49	410.64	1038.5	11	1000180400	9	1
295	85	468	2	1	14	1	0	1002	1218.18	-671.35	165.02	-262.32	1187.5	14	1000080160	9	0
295	85	1178	4	0	14	0	0	1001	753.62	-304.22	93.13	-464.86	839.8	13	1000140280	8	0
295	85	1178	4	1	12	0	2	1091	1234.68	75.56	171.91	65.03	1273.4	11	1000180400	15	1
295	85	1178	4	2	14	0	1	1005	1758.87	23.43	-687.45	850.41	1337.8	13	1000140280	13	0
295	85	1178	4	3	14	1	0	1002	623.09	-141.67	-94.16	980.48	455.3	14	1000080160	11	0
295	85	4178	1	0	12	0	1	1003	1055.87	-201.43	162.85	242.33	655.3	11	1000180400	12	0
295	85	10885	2	0	14	0	0	1001	1043.49	30.33	-22.75	291.77	731.3	13	1000180400	9	1
295	85	10885	2	1	12	0	10	1000	829.95	108.28	-74.52	462.78	948.4	11	1000180400	11	1
291	3	3746	2	0	12	0	1	1005	2163.50	40.32	18.19	71.47	79.8	11	1000180400	18	1
291	3	3746	2	1	14	0	1	1003	826.47	-295.03	-294.94	977.03	945.7	13	1000130270	13	0
291	3	6540	1	0	12	0	1	1003	1263.52	179.87	-35.69	197.89	617.1	11	1000180400	12	1
291	3	7221	2	0	14	0	0	1001	497.77	579.52	-586.65	739.73	86.2	13	1000140280	8	0
291	3	7221	2	1	12	0	0	1001	1876.20	-199.38	-128.29	214.53	1335.4	11	1000180400	10	1
291	3	8498	1	0	12	0	1	1000	2912.05	33.60	-123.15	422.01	1264.0	11	1000180400	22	1
291	3	9313	2	0	14	0	0	1001	561.68	486.57	-165.36	303.63	542.7	13	1000200400	8	0
291	3	9313	2	1	12	0	1	1004	813.49	-41.35	88.84	286.01	526.6	11	1000180400	12	1
291	3	11934	1	0	12	0	1	1003	1499.04	-157.78	-44.11	486.37	456.6	11	1000180400	20	1
291	3	12273	2	0	14	0	10	1000	2071.83	-10.25	-43.26	507.10	606.1	13	1000180400	12	0
291	3	12273	2	1	12	0	0	1001	1392.20	-103.63	-30.79	331.60	620.5	11	1000180400	8	1
296	72	5592	3	0	14	0	2	1091	4545.72	-82.26	-525.08	202.71	1181.4	13	1000080160	14	0
296	72	5592	3	1	14	0	10	1000	1044.95	230.38	6.98	184.86	426.9	13	1000180400	16	0
296	72	5592	3	2	12	0	2	1091	4407.30	98.94	3.81	34.65	1026.7	11	1000180400	13	1
296	72	6046	2	0	12	0	0	1001	647.26	-83.31	-108.82	115.39	1068.1	11	1000180400	18	1
296	72	6046	2	1	14	1	0	1002	244.31	228.10	-205.66	207.02	1165.4	14	1000180400	12	0
296	72	12035	3	0	12	0	0	1001	2045.03	-177.62	134.65	136.86	140.3	11	1000180400	11	1
296	72	12035	3	1	14	0	1	1003	2153.05	16.12	-439.31	688.41	1580.9	13	1000140280	13	0
296	72	12035	3	2	14	0	10	1000	1016.61	-477.06	-219.65	175.50	1469.5	13	1000080160	11	0
292	11	124	1	0	-12	0	10	1000	900.02	-101.49	-159.87	9.77	174.5	-11	1000180400	20	1
292	11	2794	1	0	12	0	1	1005	2289.86	-11.91	-100.56	328.87	752.3	11	1000180400	13	1
292	11	4202	2	0	12	0	1	1003	2021.05	85.50	-192.48	76.05	592.1	11	1000180400	18	1
292	11	4202	2	1	14	1	0	1002	992.52	-114.93	-167.13	249.48	847.0	14	1000180400	10	1
292	11	4551	3	0	12	0	1	1005	825.42	141.58	-162.45	365.50	1039.0	11	1000180400	12	1
292	11	4551	3	1	14	0	0	1001	401.74	173.98	-227.92	219.26	1449.4	13	1000180400	37	0
292	11	4551	3	2	14	0	10	1000	739.39	211.45	-236.29	-300.24	296.9	13	1000080160	12	0
292	11	5630	1	0	12	0	0	1001	329.70	163.33	-191.44	383.04	1059.5	11	1000180400	8	1
292	11	5693	1	0	12	0	10	1000	1211.35	-15.77	-8.49	146.54	253.2	11	1000180400	37	1
292	11	7372	3	0	14	0	1	1003	5592.59	-102.09	-460.22	1830.47	1125.1	13	1000080160	11	0
292	11	7372	3	1	14	0	0	1001	648.14	478.13	102.55	839.11	1509.3	13	1000080160	8	0
292	11	7372	3	2	12	0	0	1001	569.99	117.15	185.70	450.05	701.9	11	1000180400	10	1
292	11	7380	1	0	12	0	0	1001	673.86	-167.26	143.93	420.65	1305.4	11	1000180400	8	1
292	11	7993	5	0	14	0	0	1001	411.94	225.20	-531.68	408.35	1114.3	13	1000140280	9	0
292	11	7993	5	1	14	0	0	1001	1120.25	-141.36	-163.53	391.94	1453.6	13	1000180400	22	1
292	11	7993	5	2	12	0	0	1001	526.57	81.19	-53.98	294.03	809.1	11	1000180400	9	1
292	11	7993	5	3	14	1	1	1006	2049.45	-595.49	-109.44	194.18	369.8	14	1000080160	11	0
292	11	7993	5	4	14	0	0	1001	401.41	677.26	-617.75	-398.97	689.1	13	1000110230	8	0
292	11	9329	4	0	14	0	0	1001	251.01	-640.47	-170.32	-356.13	1355.6	13	1000160320	8	0
292	11	9329	4	1	14	0	0	1001	346.66	-489.45	-120.96	302.37	847.8	13	1000140280	36	0
292	11	9329	4	2	14	0	0	1001	513.62	116.33	-392.40	-318.21	615.7	13	1000080160	8	0
292	11	9329	4	3	12	0	1	1003	2083.11	12.07	156.09	252.63	1583.7	11	1000180400	24	1
292	11	11165	1	0	12	0	2	1091	3588.34	109.12	164.28	458.63	436.9	11	1000180400	15	1
292	11	11584	1	0	12	0	1	1003	1668.69	-166.08	-29.40	265.98	1564.0	11	1000180400	12	1
295	77	3256	2	0	12	0	1	1000	1878.28	76.75	-169.04	444.44	1513.9	11	1000180400	13	1
295	77	3256	2	1	14	0	0	1001	976.45	320.88	-170.74	-315.29	143.9	13	1000200400	8	0
295	77	6248	2	0	12	0	10	1000	543.58	-93.02	82.09	157.87	1162.0	11	1000180400	11	1
295	77	6248	2	1	-14	0	2	1091	1368.92	55.83	65.05	308.85	732.9	-13	1000180400	14	1
295	77	6475	1	0	12	0	1	1004	1821.46	159.82	50.77	356.08	1547.3	11	1000180400	13	1
295	77	6494	2	0	14	1	2	1092	1779.79	-583.47	441.66	-85.11	1344.6	14	1000140280	20	0
295	77	6494	2	1	12	0	0	1001	777.18	-113.49	94.10	17.01	1461.8	11	1000180400	11	1
295	26	1502	3	0	14	1	0	1002	1884.04	-11.93	-18.06	-483.28	138.7	14	1000080160	12	0
295	26	1502	3	1	12	0	0	1001	940.08	-84.43	30.20	135.53	424.4	11	1000180400	14	1
295	26	1502	3	2	14	0	0	1001	1815.22	-450.63	-410.53	56.48	631.0	13	1000140280	8	0
295	26	2592	2	0	12	0	10	1000	922.93	-180.47	-115.30	411.21	1114.1	11	1000180400	27	1
295	26	2592	2	1	14	0	0	1001	1253.95	-454.69	-537.76	458.80	625.4	13	1000110230	8	0
295	26	2940	3	0	14	0	0	1001	418.25	-503.14	-64.37	463.17	453.7	13	1000130270	16	0
295	26	2940	3	1	12	0	0	1001	1887.64	-60.40	112.59	150.60	1520.2	11	1000180400	9	1
295	26	2940	3	2	14	1	1	1009	1915.22	-357.64	-148.24	-580.25	552.7	14	1000080160	12	0
295	26	5199	2	0	12	0	1	1005	1208.20	78.48	-158.96	458.71	568.2	11	1000180400	11	1
295	26	5199	2	1	14	0	2	1091	2489.88	485.13	430.36	627.50	1520.4	13	1000080160	19	0
295	26	6671	2	0	12	0	1	1003	960.43	-189.40	94.47	198.27	917.2	11	1000180400	11	1
295	26	6671	2	1	14	1	1	1006	397.16	495.04	120.18	183.42	1336.2	14	1000140280	14	0
295	26	8710	1	0	12	0	2	1091	1280.93	-65.20	181.30	423.10	719.1	11	1000180400	15	1
295	26	9821	1	0	12	0	2	1091	2550.36	-60.75	-150.85	207.92	842.7	11	1000180400	11	1
295	26	11582	1	0	12	0	1	1004	1162.41	-76.14	95.07	322.27	639.1	11	1000180400	13	1
293	37	956	1	0	12	0	0	1001	745.33	160.86	9.25	171.48	560.7	11	1000180400	14	1
293	37	1277	1	0	12	0	1	1003	1100.80	-143.17	-187.91	494.47	795.5	11	1000180400	15	1
293	37	1456	1	0	12	0	1	1003	2811.59	148.69	158.15	416.85	605.0	11	1000180400	12	1
293	37	7268	1	0	12	0	0	1001	1248.95	17.26	-11.99	12.12	797.4	11	1000180400	25	1
293	37	8899	2	0	12	0	0	1001	1026.81	-86.38	-140.30	188.96	160.6	11	1000180400	10	1
293	37	8899	2	1	14	1	2	1092	2538.73	669.96	-511.18	755.44	1184.8	14	1000080160	11	0
293	37	9056	1	0	12	0	1	1003	603.23	-148.25	192.43	411.38	133.0	11	1000180400	12	1
293	37	10168	2	0	14	0	10	1000	917.14	-257.30	136.30	389.26	394.5	13	1000180400	38	0
293	37	10168	2	1	12	0	2	1091	2730.29	-195.36	126.90	131.61	331.1	11	1000180400	11	1
293	37	11087	1	0	12	0	1	1003	1056.11	-55.40	-55.04	444.94	680.9	11	1000180400	13	1
297	99	153	1	0	12	0	1	1003	821.10	-85.46	174.10	232.85	691.7	11	1000180400	11	1
297	99	319	4	0	14	0	0	1001	747.39	224.92	-74.18	-360.65	108.0	13	1000120240	17	0
297	99	319	4	1	14	0	0	1001	860.18	6.06	175.37	641.04	706.6	13	1000180400	10	0
297	99	319	4	2	14	0	0	1001	546.40	-484.74	37.64	19.75	459.3	13	1000140280	8	0
297	99	319	4	3	12	0	10	1000	1048.57	171.74	-36.40	366.79	1017.6	11	1000180400	16	1
297	99	370	3	0	14	0	0	1001	204.80	587.23	328.63	-104.37	1361.9	13	1000140280	8	0
297	99	370	3	1	14	0	0	1001	1005.83	148.23	-249.04	-332.75	902.2	13	1000140280	9	0
297	99	370	3	2	12	0	0	1001	2080.32	-70.65	81.02	465.51	493.8	11	1000180400	10	1
297	99	2557	2	0	12	0	1	1003	1172.90	106.18	22.20	366.83	279.7	11	1000180400	18	1
297	99	2557	2	1	14	0	10	1000	876.41	122.79	242.29	-175.94	109.9	13	1000260560	67	0
297	99	4004	2	0	14	1	1	1007	353.97	-421.19	95.76	-366.18	938.8	14	1000200400	12	0
297	99	4004	2	1	12	0	2	1091	2945.22	145.14	-40.90	4.22	800.7	11	1000180400	15	1
297	99	5314	3	0	12	0	0	1001	356.15	136.31	-44.94	17.64	627.7	11	1000180400	11	1
297	99	5314	3	1	14	0	2	1091	3312.11	116.67	72.18	236.58	577.4	13	1000180400	14	1
297	99	5314	3	2	14	0	0	1001	344.70	159.43	-597.53	259.33	561.3	13	1000260560	9	0
297	99	6536	1	0	12	0	2	1091	3530.20	-89.87	8.45	88.09	1161.6	11	1000180400	17	1
297	99	9497	2	0	14	0	0	1001	826.85	27.95	-131.74	-436.70	690.5	13	1000080160	19	0
297	99	9497	2	1	12	0	0	1001	979.24	100.87	27.61	103.08	195.2	11	1000180400	9	1
297	99	11793	1	0	12	0	2	1091	2849.09	134.51	76.27	217.98	387.8	11	1000180400	15	1
294	26	1203	1	0	12	0	1	1003	839.30	-177.25	147.71	296.49	448.0	11	1000180400	12	1
294	26	1343	2	0	14	0	0	1001	1116.94	-523.26	-182.84	253.70	334.3	13	1000080160	9	0
294	26	1343	2	1	12	0	0	1001	869.21	111.01	197.17	263.76	975.0	11	1000180400	34	1
294	26	3236	2	0	14	1	0	1002	290.03	-149.38	490.64	-301.76	1451.6	14	1000080160	9	0
294	26	3236	2	1	12	0	1	1005	2973.42	1.82	-67.55	403.80	717.5	11	1000180400	19	1
294	26	6903	2	0	14	0	2	1091	3444.60	-122.73	-235.83	567.48	720.5	13	1000180400	17	0
294	26	6903	2	1	12	0	1	1004	1168.84	-149.12	38.07	400.35	871.3	11	1000180400	19	1
294	26	7863	3	0	12	0	1	1004	2020.30	2.48	101.82	359.48	373.9	11	1000180400	12	1
294	26	7863	3	1	14	1	0	1002	2355.47	-532.70	143.98	248.40	826.3	14	1000140280	9	0
294	26	7863	3	2	14	0	0	1001	438.96	660.24	-526.42	957.55	93.1	13	1000080160	10	0
294	26	8665	1	0	12	0	0	1001	1576.45	-154.39	-127.95	377.49	1152.0	11	1000180400	9	1
294	26	10381	1	0	12	0	2	1091	1720.04	91.29	-23.78	367.21	1189.1	11	1000180400	15	1
294	26	12495	2	0	12	0	1	1005	3423.59	35.81	21.43	249.39	788.4	11	1000180400	11	1
294	26	12495	2	1	14	0	10	1000	514.15	132.97	-41.68	978.43	831.4	13	1000080160	11	0
293	96	942	2	0	14	1	0	1002	346.43	-520.05	91.59	491.90	1403.4	14	1000110230	14	0
293	96	942	2	1	12	0	1	1005	3631.52	194.52	3.89	36.14	838.2	11	1000180400	12	1
293	96	3172	1	0	12	0	1	1003	999.62	38.90	-139.47	218.84	1394.3	11	1000180400	17	1
293	96	4024	1	0	12	0	1	1005	1142.63	-149.08	-200.43	192.02	1449.8	11	1000180400	17	0
293	96	4078	2	0	14	1	1	1009	1569.85	6.97	-380.57	987.94	189.3	14	1000140280	12	0
293	96	4078	2	1	12	0	1	1003	1512.75	-102.37	-113.13	491.80	190.8	11	1000180400	21	1
293	96	6506	2	0	12	0	0	1001	589.82	-76.94	-39.44	78.27	971.7	11	1000180400	39	1
293	96	6506	2	1	14	0	0	1001	1195.42	150.84	207.27	248.45	1298.6	13	1000180400	9	0
293	96	6853	1	0	12	0	0	1001	1499.57	-104.91	43.49	375.66	792.2	11	1000180400	9	1
293	96	7567	2	0	14	0	0	1001	247.88	486.97	574.90	-467.01	858.9	13	1000080160	9	0
293	96	7567	2	1	12	0	0	1001	1326.32	-109.92	135.05	361.80	622.7	11	1000180400	9	1
293	96	9317	2	0	14	0	1	1005	2719.01	-547.72	426.29	-814.27	91.0	13	1000080160	12	0
293	96	9317	2	1	12	0	2	1091	2762.68	-10.73	39.88	321.95	1527.9	11	1000180400	14	1
293	96	10744	1	0	12	0	1	1000	2204.91	151.12	-150.88	394.16	550.1	11	1000180400	18	1
295	66	820	2	0	14	0	0	1001	406.35	-402.85	67.94	302.10	390.5	13	1000130270	9	0
295	66	820	2	1	12	0	10	1000	915.27	-154.52	-78.64	392.75	603.5	11	1000180400	12	1
295	66	1122	3	0	12	0	0	1001	2351.66	143.62	-160.53	284.49	1317.3	11	1000180400	9	1
295	66	1122	3	1	14	0	0	1001	410.58	221.36	120.15	488.26	1214.2	13	1000180400	14	0
295	66	1122	3	2	14	0	2	1091	3085.65	-473.58	-72.46	260.54	1414.2	13	1000080160	19	0
295	66	2287	2	0	14	0	1	1005	1540.86	183.30	-89.23	438.36	263.0	13	1000180400	16	1
295	66	2287	2	1	12	0	1	1005	3012.85	88.54	-109.45	21.81	515.3	11	1000180400	11	1
295	66	2647	3	0	14	0	0	1001	845.62	-176.98	181.58	-323.41	1012.2	13	1000140280	8	0
295	66	2647	3	1	14	0	1	1003	1266.09	11.09	-500.25	917.99	524.0	13	1000140280	15	0
295	66	2647	3	2	-12	0	1	1000	3105.37	29.00	53.06	240.52	788.1	-11	1000180400	12	1
295	66	8174	3	0	14	0	1	1003	1291.58	150.92	118.46	69.62	1065.4	13	1000180400	19	1
295	66	8174	3	1	12	0	10	1000	1854.93	-198.65	1.19	411.59	529.4	11	1000180400	15	1
295	66	8174	3	2	14	0	1	1003	3673.57	288.62	-73.37	-821.61	865.7	13	1000080160	12	0
295	66	8252	2	0	12	0	10	1000	901.59	-16.36	64.72	0.62	418.4	11	1000180400	11	1
295	66	8252	2	1	14	1	1	1008	3296.74	-694.09	519.30	823.07	675.8	14	1000080160	16	0
295	66	9829	3	0	14	0	0	1001	311.00	508.83	-508.53	-222.70	981.5	13	1000140280	9	0
295	66	9829	3	1	12	0	0	1001	679.58	-51.67	-62.04	297.42	222.3	11	1000180400	9	1
295	66	9829	3	2	14	0	0	1001	394.82	674.73	-156.39	41.89	253.2	13	1000080160	8	0
295	66	10727	2	0	12	0	1	1000	3669.42	151.04	-183.22	246.94	105.2	11	1000180400	32	1
295	66	10727	2	1	14	0	1	1003	687.20	-338.57	-461.32	-124.45	225.3	13	1000140280	19	0
295	66	11431	2	0	12	0	1	1004	1404.01	96.67	124.26	352.43	1038.6	11	1000180400	12	1
295	66	11431	2	1	14	0	0	1001	733.14	-65.88	-12.45	-342.58	106.9	13	1000200400	12	0
300	58	1951	1	0	12	0	0	1001	1237.04	-179.51	174.60	215.44	1091.8	11	1000180400	13	1
300	58	2160	3	0	14	0	0	1001	2919.87	-678.28	-610.76	1187.52	421.0	13	1000080160	8	0
300	58	2160	3	1	12	0	1	1000	1954.28	144.68	-55.84	360.88	261.6	11	1000180400	19	1
300	58	2160	3	2	14	0	10	1000	403.90	611.21	-19.24	-450.34	1543.8	13	1000200400	12	0
300	58	2428	2	0	12	0	2	1091	2250.27	-66.46	-68.17	112.62	214.8	11	1000180400	13	1
300	58	2428	2	1	14	0	0	1001	1208.31	-32.79	-86.92	166.21	1240.1	13	1000180400	9	1
300	58	3387	1	0	12	0	10	1000	969.63	-16.87	125.62	158.83	1542.9	11	1000180400	24	1
300	58	4114	1	0	12	0	10	1000	1712.98	47.76	-67.57	226.30	1487.7	11	1000180400	11	1
300	58	4273	1	0	12	0	1	1000	4015.31	117.69	-10.03	119.35	1580.4	11	1000180400	30	1
300	58	4360	2	0	14	0	0	1001	633.34	-116.10	-235.82	452.35	1097.9	13	1000180400	8	0
300	58	4360	2	1	12	0	0	1001	2309.80	-10.45	93.55	267.25	767.8	11	1000180400	15	1
300	58	6270	3	0	14	0	0	1001	263.81	-340.22	-250.54	387.73	981.8	13	1000260560	20	0
300	58	6270	3	1	12	0	10	1000	2106.37	-86.64	110.62	279.20	1092.3	11	1000180400	12	1
300	58	6270	3	2	12	0	2	1091	3734.98	628.79	-476.87	244.63	881.2	11	1000200400	11	0
300	58	6481	2	0	14	0	0	1001	402.97	-149.99	-82.90	496.52	530.4	13	1000180400	9	1
300	58	6481	2	1	12	0	1	1000	1376.87	71.48	97.97	257.72	882.5	11	1000180400	18	1
300	58	6701	1	0	12	0	1	1004	2548.79	-32.88	-45.53	137.91	1580.4	11	1000180400	11	1
300	58	7569	1	0	12	0	1	1004	1817.91	-138.36	-144.55	270.95	1073.6	11	1000180400	22	1
300	58	9551	3	0	14	1	0	1002	343.64	-251.02	398.23	87.64	630.2	14	1000260560	9	0
300	58	9551	3	1	14	1	0	1002	380.01	-651.17	563.32	-367.11	710.0	14	1000130270	9	0
300	58	9551	3	2	12	0	0	1001	325.32	-90.95	71.71	338.13	1058.5	11	1000180400	8	1
300	58	9910	3	0	14	0	1	1004	2260.30	-488.30	123.52	101.75	480.2	13	1000080160	13	0
300	58	9910	3	1	14	0	0	1001	1001.47	-103.23	-309.02	968.45	1493.3	13	1000130270	8	0
300	58	9910	3	2	12	0	0	1001	1987.61	-127.27	46.83	231.53	427.3	11	1000180400	8	1
300	58	10366	1	0	12	0	1	1003	1991.20	130.85	37.60	450.10	378.5	11	1000180400	14	1
300	58	10419	2	0	14	0	0	1001	365.92	25.26	-630.96	-35.23	1273.3	13	1000080160	17	0
300	58	10419	2	1	12	0	1	1003	1500.76	190.70	149.39	413.15	224.4	11	1000180400	15	1
300	72	589	1	0	12	0	0	1001	1368.72	123.59	125.00	377.04	1492.8	11	1000180400	9	1
300	72	661	2	0	14	1	0	1002	2746.31	500.29	-19.65	-253.42	1491.5	14	1000080160	11	0
300	72	661	2	1	12	0	2	1091	3271.04	118.08	-174.11	226.12	123.9	11	1000180400	13	1
300	72	2703	3	0	12	0	1	1004	1843.55	43.20	105.61	72.58	79.0	11	1000180400	18	1
300	72	2703	3	1	14	0	10	1000	2704.49	643.83	146.04	-684.58	283.4	13	1000200400	12	0
300	72	2703	3	2	14	1	0	1002	505.82	-575.43	-320.79	803.11	1584.4	14	1000200400	9	0
300	72	5655	1	0	12	0	0	1001	1826.38	139.26	-82.43	249.40	1261.2	11	1000180400	10	1
296	59	687	1	0	12	0	0	1001	1821.21	-199.45	-190.87	277.85	1510.8	11	1000180400	8	1
296	59	1516	3	0	14	0	1	1004	1291.98	340.49	112.21	368.20	148.8	13	1000260560	12	0
296	59	1516	3	1	12	0	0	1001	928.07	142.13	-182.41	417.95	677.3	11	1000180400	9	1
296	59	1516	3	2	14	1	1	1007	620.32	-60.73	-451.19	121.81	195.8	14	1000080160	14	0
296	59	2839	4	0	14	0	0	1001	356.54	108.05	-479.39	756.64	634.9	13	1000140280	9	0
296	59	2839	4	1	14	0	0	1001	551.58	-124.42	-186.38	245.93	503.9	13	1000180400	12	1
296	59	2839	4	2	14	0	0	1001	997.91	-221.22	-42.50	404.68	1267.6	13	1000180400	10	0
296	59	2839	4	3	12	0	1	1005	952.40	-31.17	126.49	285.33	1034.6	11	1000180400	13	1
296	59	3103	1	0	12	0	2	1091	3668.88	-85.78	49.08	150.56	256.1	11	1000180400	21	1
296	59	8504	3	0	14	0	2	1091	3684.96	-36.89	-361.20	1570.54	945.0	13	1000080160	14	0
296	59	8504	3	1	12	0	1	1003	879.89	-14.92	1.49	349.22	1456.2	11	1000180400	11	1
296	59	8504	3	2	14	0	0	1001	537.73	-512.14	91.47	-237.48	581.2	13	1000140280	9	0
296	59	10608	2	0	12	0	1	1003	2376.23	71.21	38.98	467.81	282.3	11	1000180400	13	1
296	59	10608	2	1	14	0	1	1003	1176.22	54.58	-186.04	-509.60	327.6	13	1000080160	17	0
296	59	11811	3	0	14	0	0	1001	469.33	228.89	-254.25	-16.62	629.4	13	1000180400	8	0
296	59	11811	3	1	12	0	0	1001	1332.51	88.11	-67.76	240.64	1450.8	11	1000180400	8	1
296	59	11811	3	2	14	0	0	1001	433.59	-627.31	-219.65	-419.18	236.5	13	1000120240	9	0
300	33	501	1	0	12	0	1	1003	1182.40	84.38	-7.11	314.47	618.8	11	1000180400	24	1
300	33	814	1	0	12	0	1	1003	549.70	47.63	-158.75	402.82	1058.4	11	1000180400	38	1
300	33	2148	2	0	12	0	2	1091	2812.41	-129.72	150.30	394.42	128.9	11	1000180400	14	1
300	33	2148	2	1	14	1	0	1002	933.04	-1.02	167.84	24.13	1558.0	14	1000180400	13	1
300	33	2405	2	0	14	1	0	1002	611.55	342.18	133.77	-282.81	1018.4	14	1000080160	10	0
300	33	2405	2	1	12	0	1	1003	712.70	-4.25	-186.18	232.19	370.5	11	1000180400	11	1
300	33	6091	2	0	12	0	2	1091	3006.93	-114.74	179.20	153.67	631.7	11	1000180400	12	1
300	33	6091	2	1	14	0	10	1000	821.65	-170.04	-259.01	481.25	1098.8	13	1000180400	29	0
300	33	7543	3	0	14	0	0	1001	353.49	-525.02	-444.76	750.93	1374.9	13	1000080160	8	0
300	33	7543	3	1	12	0	2	1091	2905.01	34.50	185.99	140.86	972.1	11	1000180400	12	1
300	33	7543	3	2	14	0	1	1003	3460.84	628.65	-523.83	162.03	1240.0	13	1000130270	15	0
300	33	8211	2	0	12	0	0	1001	1064.10	-119.05	178.21	123.03	1406.6	11	1000180400	9	1
300	33	8211	2	1	14	1	10	1000	882.12	-203.83	374.73	341.06	393.4	14	1000280590	13	0
300	33	9092	1	0	12	0	1	1004	962.39	-200.63	-56.44	38.25	989.2	11	1000180400	35	0
300	33	9496	1	0	12	0	0	1001	654.54	18.63	113.81	27.21	932.4	11	1000180400	9	1
300	33	9630	3	0	14	0	1	1003	1171.70	-600.13	127.34	-348.30	1032.2	13	1000200400	28	0
300	33	9630	3	1	14	0	0	1001	931.32	-242.87	-462.84	-355.54	1316.9	13	1000080160	9	0
300	33	9630	3	2	12	0	1	1000	1160.49	-151.15	-183.82	131.30	158.4	11	1000180400	16	1
300	33	10774	1	0	12	0	0	1001	1232.56	163.85	-159.73	376.67	1154.4	11	1000180400	10	1
300	33	11160	3	0	14	0	0	1001	776.42	516.89	-478.25	705.89	555.7	13	1000140280	9	0
300	33	11160	3	1	14	1	1	1009	1286.02	160.47	-180.38	628.24	1520.0	14	1000180400	12	0
300	33	11160	3	2	12	0	1	1005	1917.25	-97.68	-100.78	48.08	1255.1	11	1000180400	11	1
300	33	12416	2	0	12	0	2	1091	3360.42	-65.02	-5.49	354.82	773.1	11	1000180400	14	1
300	33	12416	2	1	14	1	1	1006	1247.94	-28.61	459.63	-270.43	562.5	14	1000080160	15	0
293	67	2048	1	0	12	0	1	1004	991.82	-0.42	105.48	159.96	104.6	11	1000240520	53	1
293	67	3048	2	0	12	0	10	1000	947.19	-91.53	14.64	256.18	712.1	11	1000180400	12	1
293	67	3048	2	1	14	0	0	1001	223.27	486.67	266.59	-112.09	1063.3	13	1000080160	9	0
293	67	5159	3	0	12	0	1	1003	2388.44	-173.42	186.25	265.90	67.6	11	1000180400	13	1
293	67	5159	3	1	14	1	1	1008	1194.28	-30.54	-90.86	260.77	768.1	14	1000180400	23	1
293	67	5159	3	2	14	0	0	1001	756.72	-96.22	-58.29	515.40	325.3	13	1000180400	40	0
293	67	5204	2	0	14	0	1	1003	708.24	75.65	-627.49	33.59	668.3	13	1000140280	11	0
293	67	5204	2	1	12	0	0	1001	804.01	-7.42	55.98	216.15	1582.7	11	1000180400	19	1
293	67	5570	2	0	12	0	0	1001	854.47	-98.14	-189.30	471.17	964.8	11	1000180400	12	1
293	67	5570	2	1	14	0	1	1005	1925.77	-67.82	44.11	959.16	1244.9	13	1000080160	12	0
293	67	6125	2	0	14	0	0	1001	548.86	7.19	-175.13	554.32	799.8	13	1000180400	9	0
293	67	6125	2	1	12	0	1	1004	3296.29	64.00	163.80	90.04	1521.8	11	1000180400	36	1
293	67	6955	1	0	12	0	1	1005	1913.93	-138.36	-51.01	127.14	1563.3	11	1000180400	12	1
293	67	7886	2	0	14	0	10	1000	601.97	-647.24	88.54	987.61	546.1	13	1000200400	12	0
293	67	7886	2	1	12	0	0	1001	243.06	-142.21	46.44	192.66	1295.8	11	1000180400	10	1
293	67	8801	2	0	14	0	0	1001	368.05	-146.70	-488.45	98.43	747.3	13	1000080160	9	0
293	67	8801	2	1	12	0	10	1000	1319.75	-62.99	65.21	397.36	1397.1	11	1000180400	11	1
293	67	9277	2	0	12	0	0	1001	1043.07	142.51	186.17	282.22	578.6	11	1000180400	12	1
293	67	9277	2	1	14	0	1	1004	2659.35	-424.88	-16.78	1150.41	305.3	13	1000200400	20	0
293	67	9772	2	0	14	1	0	1002	221.72	-560.87	2.39	824.18	960.6	14	1000080160	10	0
293	67	9772	2	1	12	0	10	1000	611.97	-95.20	202.30	220.02	824.8	11	1000180400	11	0
293	67	10470	1	0	12	0	0	1001	1780.56	-106.67	189.92	1.13	892.9	11	1000180400	10	1
293	67	11469	2	0	14	1	1	1006	2057.00	442.36	-475.63	576.79	666.6	14	1000080160	13	0
293	67	11469	2	1	12	0	1	1005	2091.17	-25.91	149.24	313.42	392.0	11	1000180400	27	1
295	8	358	1	0	12	0	1	1003	2188.30	-51.42	-121.08	217.53	1032.5	11	1000180400	13	1
295	8	4214	1	0	12	0	0	1001	303.69	39.16	-157.98	299.45	257.7	11	1000180400	8	1
295	8	6526	2	0	14	0	10	1000	424.84	-487.54	242.65	406.39	1532.1	13	1000080160	23	0
295	8	6526	2	1	12	0	0	1001	1229.63	-164.42	-0.94	247.57	391.4	11	1000180400	10	1
295	8	7471	3	0	14	1	0	1002	1262.30	-202.51	14.87	436.28	1001.4	14	1000180400	26	0
295	8	7471	3	1	12	0	1	1003	1086.29	43.81	-63.61	130.22	1030.3	11	1000180400	11	1
295	8	7471	3	2	14	0	0	1001	463.07	34.94	-47.12	95.44	1330.9	13	1000180400	12	1
295	8	7527	1	0	12	0	0	1001	488.69	-152.33	165.66	436.57	793.3	11	1000180400	10	1
295	8	8963	2	0	12	0	1	1003	1938.10	-130.24	-161.25	87.00	1179.2	11	1000180400	17	1
295	8	8963	2	1	14	0	10	1000	778.90	-94.83	-548.39	264.89	1186.6	13	1000080160	25	0
295	8	10657	2	0	12	0	1	1004	999.02	-77.45	-11.29	444.11	434.6	11	1000180400	18	1
295	8	10657	2	1	14	0	10	1000	520.04	-256.54	237.33	111.64	743.8	13	1000180400	11	0
296	14	342	1	0	12	0	0	1001	1462.97	20.86	-31.81	151.26	1012.9	11	1000180400	9	1
296	14	1543	2	0	12	0	0	1001	343.46	47.49	-152.24	310.65	184.3	11	1000180400	10	1
296	14	1543	2	1	14	1	1	1006	2623.11	108.22	374.47	211.89	409.3	14	1000240520	14	0
296	14	1725	1	0	12	0	0	1001	1146.41	79.89	164.65	368.54	715.9	11	1000180400	10	1
296	14	4244	1	0	12	0	0	1001	1469.77	83.24	-56.04	13.10	1554.8	11	1000180400	9	1
296	14	4844	2	0	12	0	1	1003	1132.01	121.96	-98.39	308.09	827.5	11	1000180400	12	1
296	14	4844	2	1	14	1	0	1002	1161.19	182.26	259.75	-290.85	1318.7	14	1000080160	10	0
296	14	5623	2	0	14	0	0	1001	447.30	-74.38	-488.37	165.40	1523.9	13	1000110230	8	0
296	14	5623	2	1	12	0	1	1003	1778.47	133.12	-58.66	100.25	1580.1	11	1000180400	12	1
296	14	6079	1	0	12	0	0	1001	1147.19	-80.57	-30.40	265.93	1320.7	11	1000180400	10	1
296	14	7619	1	0	12	0	0	1001	978.64	56.23	177.38	129.85	1524.7	11	1000180400	17	1
296	14	7937	2	0	12	0	1	1003	2800.14	-54.69	33.91	299.92	1244.6	11	1000180400	12	1
296	14	7937	2	1	14	0	1	1005	3764.29	-83.60	82.77	-452.59	100.9	13	1000080160	11	0
296	14	11037	4	0	14	0	0	1001	727.48	-184.23	-57.15	662.15	1560.6	13	1000080160	8	0
296	14	11037	4	1	12	0	1	1005	1418.26	105.65	43.96	331.97	351.5	11	1000180400	13	1
296	14	11037	4	2	14	1	0	1002	457.42	-326.34	-622.71	-143.17	1135.3	14	1000130270	10	0
296	14	11037	4	3	14	0	10	1000	619.59	341.43	250.32	342.83	262.1	13	1000240520	11	0
296	14	11781	2	0	-14	0	1	1000	977.64	2.67	309.69	-386.07	1409.5	-13	1000080160	13	0
296	14	11781	2	1	12	0	1	1004	1081.84	24.13	80.40	491.21	663.3	11	1000180400	11	1
296	14	12412	2	0	12	0	0	1001	2957.83	-105.09	-116.41	436.26	947.5	11	1000180400	9	1
296	14	12412	2	1	14	1	0	1002	513.22	139.01	154.56	-336.35	275.1	14	1000200400	9	0
294	99	4767	2	0	14	0	0	1001	599.87	8.58	226.81	60.98	591.4	13	1000180400	20	0
294	99	4767	2	1	12	0	1	1000	1419.07	-142.46	-111.35	243.53	919.8	11	1000180400	14	1
294	99	5944	4	0	14	0	0	1001	873.32	690.01	-693.57	-424.40	82.7	13	1000080160	18	0
294	99	5944	4	1	14	0	10	1000	2081.62	541.66	-187.81	-313.04	69.2	13	1000080160	15	0
294	99	5944	4	2	14	1	0	1002	597.92	216.40	104.51	-390.44	233.9	14	1000200400	31	0
294	99	5944	4	3	-12	0	2	1091	3452.65	200.21	-138.11	12.04	78.6	-11	1000180400	15	0
294	99	6483	1	0	12	0	0	1001	1067.09	-148.23	6.86	299.53	334.9	11	1000180400	9	1
294	99	10643	1	0	12	0	0	1001	1593.68	31.56	121.03	257.61	654.0	11	1000180400	10	1
294	99	11187	3	0	14	0	1	1003	1164.29	89.21	-233.55	-488.38	1349.3	13	1000200400	12	0
294	99	11187	3	1	12	0	10	1000	1407.17	177.26	169.02	260.82	1091.4	11	1000180400	11	1
294	99	11187	3	2	14	0	0	1001	2647.08	-598.10	-665.28	35.27	611.4	13	1000140280	8	0
294	99	11762	1	0	12	0	1	1003	3070.88	-17.09	-135.06	279.80	769.1	11	1000180400	14	1
299	47	1445	1	0	12	0	1	1004	1931.94	-120.63	154.79	287.13	1240.7	11	1000180400	12	1
299	47	4330	1	0	12	0	0	1001	910.16	-117.98	180.50	458.51	187.1	11	1000180400	8	1
299	47	6025	2	0	12	0	1	1003	2107.07	59.56	-189.25	414.72	962.2	11	1000180400	12	1
299	47	6025	2	1	14	0	0	1001	368.04	-518.80	-525.11	-118.81	1400.2	13	1000080160	12	0
299	47	6099	3	0	14	0	0	1001	472.66	-601.62	-589.75	64.21	1311.3	13	1000110230	9	0
299	47	6099	3	1	14	0	0	1001	337.14	-107.64	-567.13	183.44	730.0	13	1000080160	9	0
299	47	6099	3	2	-12	0	0	1001	743.30	140.38	124.34	219.73	407.5	-11	1000180400	22	1
299	47	6245	3	0	12	0	0	1001	986.46	-83.92	156.76	172.17	484.8	11	1000180400	9	1
299	47	6245	3	1	14	0	2	1091	3326.43	-293.55	329.87	-865.16	789.8	13	1000080160	29	0
299	47	6245	3	2	14	0	1	1003	1977.88	601.11	482.46	24.41	1253.8	13	1000080160	13	0
299	47	6465	1	0	12	0	1	1005	3979.13	-199.93	30.37	370.80	1150.2	11	1000180400	14	1
299	47	8751	1	0	12	0	1	1005	3273.58	-94.16	61.60	418.81	775.1	11	1000180400	16	1
299	47	8976	1	0	12	0	2	1091	1899.22	-151.06	-119.16	239.76	615.3	11	1000180400	11	1
299	47	10303	1	0	-12	0	10	1000	2085.82	-107.87	12.89	15.41	875.8	-11	1000180400	12	1
299	47	10855	1	0	12	0	2	1091	3219.17	-52.96	-112.67	276.17	220.2	11	1000180400	14	1
299	47	10992	3	0	14	0	0	1001	833.19	178.62	596.47	-372.41	256.9	13	1000080160	19	0
299	47	10992	3	1	14	0	0	1001	819.39	-202.47	-122.97	495.29	871.0	13	1000180400	9	0
299	47	10992	3	2	12	0	10	1000	2607.92	8.01	6.88	438.03	377.7	11	1000180400	11	1
295	81	164	1	0	12	0	1	1003	2022.98	-22.30	-149.08	245.72	1127.4	11	1000180400	13	1
295	81	2868	1	0	12	0	1	1005	4101.62	-76.67	-83.37	71.36	400.2	11	1000180400	14	1
295	81	3265	1	0	12	0	1	1003	1395.76	111.39	-177.06	472.55	1062.1	11	1000180400	12	1
295	81	3565	1	0	12	0	0	1001	537.77	39.50	-52.16	400.88	849.1	11	1000180400	9	1
295	81	5113	2	0	14	0	0	1001	343.88	-540.27	333.99	-209.73	774.4	13	1000080160	8	0
295	81	5113	2	1	12	0	1	1004	2001.42	108.08	95.81	205.54	788.2	11	1000180400	16	1
295	81	6046	2	0	12	0	1	1003	2210.14	-88.94	-102.77	125.59	860.4	11	1000180400	12	1
295	81	6046	2	1	14	0	1	1005	1253.71	17.71	181.77	-368.45	1333.9	13	1000080160	11	0
295	81	6309	2	0	14	0	0	1001	738.47	-703.39	392.38	592.23	365.3	13	1000130270	8	0
295	81	6309	2	1	12	0	0	1001	664.90	-187.96	107.67	46.41	1519.3	11	1000180400	9	1
295	81	10273	1	0	12	0	0	1001	2289.68	-88.52	18.73	384.17	567.8	11	1000180400	9	1
295	81	10926	2	0	12	0	0	1001	1069.56	137.82	171.73	304.80	450.7	11	1000180400	9	1
295	81	10926	2	1	14	0	1	1003	1131.71	-71.29	-211.30	975.52	1458.0	13	1000140280	11	0
295	81	11842	4	0	12	0	3	1097	2093.89	192.26	163.70	152.74	1145.5	11	1000180400	5	1
295	81	11842	4	1	14	0	2	1091	3153.58	-678.65	-240.41	-332.93	408.9	13	1000080160	18	0
295	81	11842	4	2	14	0	0	1001	416.32	615.10	181.90	569.69	1272.9	13	1000080160	9	0
295	81	11842	4	3	14	0	1	1004	2461.99	17.05	180.58	307.85	716.7	13	1000180400	12	1
293	87	3652	3	0	14	1	1	1006	1879.23	-544.47	-605.09	-486.53	119.3	14	1000130270	12	0
293	87	3652	3	1	12	0	10	1000	2352.82	158.13	-64.79	272.26	1166.7	11	1000180400	17	1
293	87	3652	3	2	14	1	0	1002	250.59	483.11	544.03	-251.03	583.6	14	1000140280	17	0
293	87	4688	2	0	14	0	0	1001	565.78	553.41	244.87	273.87	240.4	13	1000140280	8	0
293	87	4688	2	1	12	0	10	1000	790.72	-24.00	-188.67	378.99	339.1	11	1000180400	12	1
293	87	4780	2	0	12	0	2	1091	2541.13	-1.52	-17.32	301.18	806.8	11	1000180400	13	1
293	87	4780	2	1	14	0	0	1001	468.91	-478.53	413.42	-92.85	1457.7	13	1000130270	9	0
293	87	6972	1	0	12	0	0	1001	1340.39	4.26	75.63	37.39	952.6	11	1000180400	10	1
293	87	7251	2	0	12	0	2	1091	2873.73	196.93	-191.95	255.63	258.6	11	1000180400	29	1
293	87	7251	2	1	14	0	0	1001	364.47	665.91	328.53	123.95	669.4	13	1000080160	9	0
293	87	7699	1	0	12	0	2	1091	2006.52	-80.81	5.26	66.76	498.3	11	1000180400	13	1
293	87	10712	1	0	12	0	1	1003	2312.69	1.42	-149.70	287.47	127.6	11	1000180400	14	1
293	87	11705	3	0	12	0	10	1000	2776.46	190.10	99.69	375.24	924.1	11	1000180400	12	1
293	87	11705	3	1	14	0	0	1001	572.97	-270.54	274.12	-437.22	1466.4	13	1000120240	9	0
293	87	11705	3	2	14	0	0	1001	1233.72	-251.19	-33.22	-496.66	630.2	13	1000080160	8	0
292	41	2895	2	0	14	0	1	1005	6184.67	70.44	-37.27	-1689.18	1044.8	13	1000200400	14	0
292	41	2895	2	1	12	0	1	1004	2160.65	35.55	170.20	36.72	422.2	11	1000180400	12	1
292	41	3222	1	0	12	0	1	1004	1618.32	7.07	-11.63	1.56	854.8	11	1000180400	12	1
292	41	8082	2	0	12	0	10	1000	1143.88	54.17	-52.00	121.62	520.3	11	1000180400	14	1
292	41	8082	2	1	14	0	0	1001	919.43	-4.12	-173.92	568.04	1311.6	13	1000180400	9	0
292	41	8911	3	0	14	1	1	1009	995.27	89.44	17.93	334.86	545.1	14	1000180400	13	1
292	41	8911	3	1	12	0	2	1091	3835.63	-84.49	-1.21	131.71	1543.9	11	1000180400	17	1
292	41	8911	3	2	14	0	0	1001	4016.13	-182.88	-96.59	-616.15	892.6	13	1000200400	9	0
292	41	10003	2	0	12	0	0	1001	1205.29	-101.62	-2.90	23.96	516.2	11	1000180400	10	1
292	41	10003	2	1	14	0	1	1003	1271.18	58.07	-82.43	586.90	1196.3	13	1000180400	13	0
294	81	306	2	0	12	0	0	1001	1651.54	-116.64	-1.54	10.00	553.7	11	1000180400	21	1
294	81	306	2	1	-14	1	0	1002	115.48	216.81	-665.06	-284.36	1336.3	-14	1000140280	9	0
294	81	1144	4	0	14	0	0	1001	602.36	6.99	-270.74	-32.23	1536.9	13	1000180400	10	0
294	81	1144	4	1	14	0	1	1005	1301.27	-287.74	-643.56	225.81	939.9	13	1000140280	17	0
294	81	1144	4	2	14	0	0	1001	1023.43	-511.82	120.87	77.53	799.8	13	1000140280	9	0
294	81	1144	4	3	12	0	0	1001	1393.33	-188.66	-56.86	201.81	1315.9	11	1000180400	9	1
294	81	3482	1	0	12	0	1	1004	1223.89	5.46	-6.11	154.62	1526.8	11	1000180400	18	1
294	81	3876	2	0	14	1	0	1002	1048.73	-362.65	174.59	-271.57	1186.0	14	1000140280	9	0
294	81	3876	2	1	12	0	10	1000	833.65	-74.67	-119.47	389.27	1098.3	11	1000180400	11	1
294	81	5475	2	0	14	0	2	1091	1606.16	-169.11	-165.17	265.34	410.7	13	1000180400	15	1
294	81	5475	2	1	-12	0	2	1091	2199.68	71.40	-133.78	237.71	975.1	-11	1000180400	15	1
294	81	6768	3	0	-12	0	1	1000	2449.04	4.50	6.23	439.30	586.3	-11	1000180400	11	1
294	81	6768	3	1	14	0	2	1091	1775.60	115.34	221.25	949.20	509.3	13	1000080160	14	0
294	81	6768	3	2	14	0	0	1001	372.08	92.50	-687.21	-45.76	474.4	13	1000140280	9	0
294	81	11035	2	0	12	0	1	1003	829.57	70.99	22.52	96.43	345.8	11	1000180400	11	1
294	81	11035	2	1	-14	1	0	1002	2165.91	644.92	520.07	-172.37	222.9	-14	1000200400	9	0
294	81	11096	1	0	12	0	2	1091	2471.77	140.06	133.76	24.49	114.6	11	1000180400	15	1
294	81	11486	1	0	12	0	1	1004	1949.32	25.04	-162.72	36.18	1254.6	11	1000180400	11	1
296	52	130	1	0	12	0	0	1001	1612.97	-42.84	57.16	18.26	421.7	11	1000180400	8	1
296	52	789	2	0	12	0	1	1003	843.70	-159.17	-30.16	0.15	1405.2	11	1000180400	12	1
296	52	789	2	1	14	0	0	1001	623.74	-16.07	576.16	-433.26	937.3	13	1000140280	8	0
296	52	2905	2	0	12	0	1	1005	912.27	27.62	-61.00	398.16	1323.7	11	1000180400	12	1
296	52	2905	2	1	14	0	10	1000	476.91	-131.98	-439.77	-75.04	1213.9	13	1000140280	25	0
296	52	3075	2	0	12	0	0	1001	426.05	-6.67	122.92	56.40	1523.1	11	1000180400	9	1
296	52	3075	2	1	14	0	1	1004	1698.82	-195.82	195.91	432.95	1549.4	13	1000180400	14	1
296	52	3120	1	0	-12	0	10	1000	1739.96	-58.48	-134.52	474.35	1193.8	-11	1000180400	12	1
296	52	3606	3	0	12	0	0	1001	324.66	162.65	-93.68	231.01	275.8	11	1000180400	25	1
296	52	3606	3	1	14	0	0	1001	3253.25	-573.69	373.32	-332.65	1187.4	13	1000200400	8	0
296	52	3606	3	2	14	0	0	1001	311.22	-31.53	-199.06	-464.84	689.6	13	1000200400	20	0
296	52	3824	2	0	14	0	1	1004	1652.18	-411.45	623.13	413.55	1076.6	13	1000130270	12	0
296	52	3824	2	1	12	0	1	1000	2250.42	28.64	-6.71	30.56	211.0	11	1000180400	15	1
296	52	6298	2	0	14	0	0	1001	574.58	-521.71	-649.65	622.12	100.3	13	1000110230	8	0
296	52	6298	2	1	12	0	10	1000	1223.70	21.89	28.55	188.12	293.8	11	1000180400	28	1
296	52	7136	2	0	12	0	1	1004	2549.41	-193.11	182.67	112.63	801.8	11	1000180400	14	1
296	52	7136	2	1	14	0	0	1001	1129.40	-159.41	4.21	614.61	1045.1	13	1000180400	10	0
296	52	7365	1	0	12	0	0	1001	515.94	-52.40	201.50	384.51	1474.5	11	1000180400	10	0
296	52	8195	2	0	12	0	0	1001	2266.45	-2.45	-82.92	264.13	87.6	11	1000180400	9	1
296	52	8195	2	1	14	0	0	1001	588.80	-656.84	-16.78	-181.55	715.4	13	1000200400	8	0
294	80	78	3	0	12	0	2	1091	385.09	77.97	60.84	189.65	373.5	11	1000180400	11	1
294	80	78	3	1	14	0	0	1001	1219.79	-319.33	316.63	718.80	992.8	13	1000080160	9	0
294	80	78	3	2	14	0	10	1000	436.83	-627.84	-607.78	-196.19	1398.9	13	1000130270	18	0
294	80	453	1	0	12	0	1	1005	2364.19	-90.12	92.78	178.05	1274.1	11	1000180400	11	1
294	80	659	3	0	14	1	1	1008	1308.31	-611.13	459.93	-209.76	830.5	14	1000200400	11	0
294	80	659	3	1	12	0	1	1003	1393.11	120.33	100.79	2.43	303.5	11	1000180400	11	1
294	80	659	3	2	14	0	0	1001	512.40	282.94	-339.69	-442.82	819.5	13	1000080160	8	0
294	80	1826	1	0	12	0	1	1005	1484.08	-145.04	-19.21	316.98	1584.7	11	1000180400	17	1
294	80	3252	3	0	12	0	1	1003	1774.25	17.81	84.75	438.84	1173.7	11	1000180400	13	1
294	80	3252	3	1	14	0	1	1004	4552.07	343.78	34.38	-439.47	517.4	13	1000200400	11	0
294	80	3252	3	2	14	1	0	1002	518.89	61.73	-341.01	-275.03	941.6	14	1000140280	9	0
294	80	4329	2	0	12	0	0	1001	635.41	82.50	-38.08	458.33	243.7	11	1000180400	9	1
294	80	4329	2	1	14	1	0	1002	655.14	168.74	121.73	181.57	1161.2	14	1000180400	10	1
294	80	8153	1	0	12	0	10	1000	1547.52	78.08	-94.12	40.07	592.3	11	1000180400	11	1
294	80	8805	1	0	12	0	1	1004	755.97	22.23	18.09	466.76	700.6	11	1000180400	17	1
294	80	8993	2	0	12	0	0	1001	1015.54	197.62	74.77	470.45	1100.5	11	1000180400	9	1
294	80	8993	2	1	14	0	0	1001	694.99	-165.91	-167.45	56.29	745.1	13	1000180400	16	1
294	80	9479	1	0	12	0	1	1003	1376.03	137.69	-92.71	124.72	1313.3	11	1000180400	12	1
294	80	11081	2	0	14	0	1	1003	940.62	-130.70	-201.77	-424.41	1504.8	13	1000080160	13	0
294	80	11081	2	1	12	0	0	1001	1754.30	102.50	-89.85	205.09	85.5	11	1000180400	9	1
294	80	11457	3	0	14	0	0	1001	1048.11	-144.64	-15.60	-28.90	1098.3	13	1000180400	10	0
294	80	11457	3	1	14	1	0	1002	644.88	-315.60	-418.57	1004.71	1609.6	14	1000080160	8	0
294	80	11457	3	2	12	0	1	1004	793.56	-188.59	-151.09	24.17	60.2	11	1000180400	28	1
293	79	682	4	0	14	0	2	1091	2152.04	64.37	533.80	-341.44	1352.3	13	1000080160	16	0
293	79	682	4	1	14	0	1	1004	2455.55	-5.31	270.59	-512.19	896.4	13	1000080160	19	0
293	79	682	4	2	14	0	1	1003	1286.97	-505.55	378.54	-508.26	668.4	13	1000200400	11	0
293	79	682	4	3	12	0	0	1001	828.06	14.08	153.90	358.24	1224.9	11	1000180400	10	1
293	79	1329	3	0	14	0	0	1001	271.83	-578.93	-636.10	-173.00	756.2	13	1000140280	8	0
293	79	1329	3	1	12	0	0	1001	805.62	118.17	42.14	477.27	796.6	11	1000180400	8	1
293	79	1329	3	2	14	0	0	1001	900.32	-509.08	-408.11	-344.50	503.1	13	1000140280	9	0
293	79	1924	1	0	12	0	2	1091	3129.66	65.17	7.80	157.83	83.4	11	1000180400	13	1
293	79	4349	2	0	14	1	1	1006	625.65	-691.48	-418.89	269.42	85.8	14	1000080160	12	0
293	79	4349	2	1	12	0	0	1001	705.35	172.68	-96.98	328.08	1092.4	11	1000180400	9	1
293	79	4723	4	0	14	1	1	1009	1165.32	627.67	493.82	646.43	193.9	14	1000190390	12	0
293	79	4723	4	1	12	0	1	1003	2561.97	55.01	-10.11	31.75	668.2	11	1000180400	11	1
293	79	4723	4	2	14	0	2	1091	4071.71	-238.71	248.72	-282.48	564.0	13	1000080160	17	0
293	79	4723	4	3	14	0	0	1001	2664.29	595.45	-85.08	714.11	1162.8	13	1000120240	9	0
293	79	4785	3	0	12	0	0	1001	2684.78	98.84	80.19	115.72	1484.0	11	1000180400	9	1
293	79	4785	3	1	14	0	0	1001	431.73	565.47	-567.89	454.55	210.8	13	1000110230	15	0
293	79	4785	3	2	14	1	0	1002	343.42	-557.53	482.12	374.62	1095.5	14	1000140280	9	0
293	79	8217	2	0	14	0	1	1003	1444.97	97.24	-208.76	-367.96	1241.0	13	1000080160	13	0
293	79	8217	2	1	12	0	0	1001	591.79	87.59	-31.48	168.36	463.7	11	1000180400	9	1
293	79	10521	2	0	12	0	0	1001	969.70	105.04	58.63	134.50	1160.5	11	1000180400	9	1
293	79	10521	2	1	14	0	0	1001	587.29	-226.73	-149.51	-426.79	767.1	13	1000200400	11	0
293	79	11188	1	0	12	0	2	1091	1089.28	-124.49	-109.69	337.79	87.9	11	1000180400	15	1
296	76	1276	1	0	12	0	0	1001	480.87	146.96	120.83	149.63	1029.3	11	1000180400	9	1
296	76	2476	3	0	12	0	2	1091	3487.92	-103.51	135.22	351.23	277.4	11	1000180400	17	1
296	76	2476	3	1	14	1	0	1002	498.54	565.11	49.58	939.10	584.0	14	1000140280	16	0
296	76	2476	3	2	14	0	1	1003	1251.84	-409.66	-454.24	457.09	795.6	13	1000110230	16	0
296	76	3527	1	0	12	0	10	1000	784.26	88.63	-19.55	438.46	1436.2	11	1000180400	19	1
296	76	3905	2	0	12	0	0	1001	1850.83	-108.52	-106.72	437.58	927.7	11	1000180400	8	1
296	76	3905	2	1	14	1	1	1006	761.03	-342.39	269.60	-350.15	975.1	14	1000080160	13	0
296	76	4390	1	0	12	0	1	1000	1818.41	125.09	154.89	161.98	975.2	11	1000180400	18	1
296	76	6093	1	0	12	0	0	1001	2372.27	7.05	171.08	149.31	423.5	11	1000180400	10	1
296	76	7607	1	0	12	0	0	1001	533.41	-116.53	110.80	348.72	1400.2	11	1000180400	8	1
296	76	10485	3	0	12	0	1	1005	2258.98	-194.99	-147.64	121.94	1235.6	11	1000180400	15	1
296	76	10485	3	1	14	1	0	1002	1082.82	-213.18	90.86	312.95	977.9	14	1000180400	10	0
296	76	10485	3	2	14	0	0	1001	553.02	-560.48	58.11	-47.65	1516.0	13	1000200400	8	0
296	76	11246	4	0	14	0	10	1000	898.24	78.79	126.12	-352.97	1184.8	13	1000120240	13	0
296	76	11246	4	1	12	0	0	1001	820.27	-139.20	-60.68	398.81	1323.1	11	1000180400	8	1
296	76	11246	4	2	14	0	0	1001	552.40	-168.80	11.16	-381.86	1485.3	13	1000080160	9	0
296	76	11246	4	3	14	0	2	1091	519.76	292.52	-494.93	-364.44	1392.4	13	1000140280	11	0
296	76	11247	2	0	12	0	0	1001	790.23	107.70	-174.61	126.01	1202.3	11	1000180400	9	1
296	76	11247	2	1	14	0	10	1000	1342.45	12.38	-13.12	-279.47	353.5	13	1000200400	21	0
294	25	2049	1	0	12	0	0	1001	2204.83	25.52	83.66	4.27	1255.2	11	1000180400	10	1
294	25	4300	2	0	14	0	0	1001	820.06	495.38	-557.16	217.11	863.5	13	1000080160	9	0
294	25	4300	2	1	12	0	2	1091	2308.77	108.92	-125.40	203.41	273.5	11	1000180400	25	1
294	25	4668	1	0	12	0	0	1001	658.71	-10.47	103.06	48.86	213.3	11	1000180400	10	1
294	25	7277	1	0	12	0	1	1003	2067.55	191.47	-24.96	495.23	968.2	11	1000180400	12	1
294	25	8772	2	0	14	0	0	1001	434.22	636.55	331.55	-79.14	985.1	13	1000160320	8	0
294	25	8772	2	1	12	0	1	1005	1800.73	-110.30	-162.21	277.31	410.5	11	1000180400	24	1
295	56	545	2	0	12	0	1	1000	1333.27	24.73	118.28	111.20	804.2	11	1000180400	15	1
295	56	545	2	1	14	0	0	1001	406.92	138.95	-118.94	-281.50	1471.2	13	1000140280	8	0
295	56	875	1	0	12	0	0	1001	696.46	50.75	167.60	274.70	1108.6	11	1000180400	15	1
295	56	1131	1	0	12	0	10	1000	1440.75	58.87	-1.65	125.29	596.5	11	1000180400	11	1
295	56	2107	1	0	12	0	2	1091	2891.86	-0.12	-98.47	397.83	1302.3	11	1000260560	24	1
295	56	3435	2	0	12	0	1	1004	1112.75	1.63	-197.78	447.06	1286.1	11	1000180400	21	1
295	56	3435	2	1	14	0	0	1001	1075.33	-141.81	-575.53	685.98	634.2	13	1000080160	9	0
295	56	4856	2	0	14	0	1	1003	875.73	-422.08	127.62	-376.94	1221.3	13	1000080160	15	0
295	56	4856	2	1	12	0	0	1001	3109.78	-97.20	90.47	19.27	723.5	11	1000180400	10	1
295	56	5346	3	0	14	1	0	1002	1613.36	-562.17	401.03	257.85	446.6	14	1000080160	9	0
295	56	5346	3	1	14	0	10	1000	884.83	182.02	147.35	-110.50	1172.9	13	1000060120	18	0
295	56	5346	3	2	12	0	0	1001	2183.56	19.55	-25.04	120.64	480.2	11	1000180400	9	1
295	56	5587	2	0	14	0	10	1000	1082.52	53.69	-196.82	63.26	1330.7	13	1000180400	25	1
295	56	5587	2	1	12	0	1	1005	2571.73	-68.77	-79.17	356.01	1077.1	11	1000180400	11	1
295	56	7785	3	0	14	0	1	1000	1623.08	210.86	-212.12	148.27	312.1	13	1000180400	16	0
295	56	7785	3	1	12	0	0	1001	1243.17	73.32	118.02	414.21	852.8	11	1000180400	10	1
295	56	7785	3	2	14	0	0	1001	2597.10	57.49	219.91	-459.79	612.5	13	1000080160	8	0
295	56	8257	1	0	12	0	0	1001	1198.47	3.59	-137.95	377.85	1588.3	11	1000180400	10	1
295	56	10375	1	0	12	0	1	1004	595.98	57.81	-31.16	297.30	166.2	11	1000180400	14	1
295	56	10857	1	0	12	0	1	1004	758.18	-92.60	-104.47	400.67	1190.0	11	1000180400	11	1
295	56	11350	1	0	12	0	2	1091	3454.38	-179.72	45.68	48.60	1481.2	11	1000180400	11	1
294	76	639	1	0	12	0	10	1000	404.79	-120.08	56.64	24.53	515.3	11	1000180400	13	1
294	76	1251	2	0	12	0	0	1001	1133.18	-164.12	-65.48	137.67	1369.3	11	1000180400	15	1
294	76	1251	2	1	14	0	1	1003	1198.44	-49.77	-66.80	468.12	1362.6	13	1000180400	13	1
294	76	4886	3	0	14	1	1	1006	1110.57	646.17	-512.18	-277.37	1396.6	14	1000140280	17	0
294	76	4886	3	1	12	0	0	1001	1014.32	-194.25	-191.55	176.99	464.1	11	1000180400	20	1
294	76	4886	3	2	14	1	1	1009	3173.45	452.19	-132.52	1458.18	562.1	14	1000140280	13	0
294	76	5035	2	0	14	0	0	1001	1707.21	-64.52	-424.02	416.56	829.5	13	1000080160	8	0
294	76	5035	2	1	12	0	0	1001	425.30	-152.79	-109.88	147.30	405.3	11	1000180400	9	1
294	76	5087	1	0	12	0	2	1091	2599.61	15.11	35.83	282.21	959.9	11	1000180400	21	1
294	76	5835	4	0	14	0	1	1003	701.09	-310.51	443.24	-384.90	1392.2	13	1000130270	12	0
294	76	5835	4	1	14	0	10	1000	1164.66	-218.64	111.64	-145.04	849.5	13	1000260560	23	0
294	76	5835	4	2	12	0	1	1003	3109.30	156.13	59.48	45.03	536.7	11	1000180400	13	1
294	76	5835	4	3	14	0	10	1000	1015.98	-59.29	171.61	216.74	276.8	13	1000180400	15	1
294	76	6571	3	0	12	0	2	1091	3764.74	50.17	-89.45	483.99	1306.0	11	1000180400	15	1
294	76	6571	3	1	14	0	1	1003	1059.87	536.29	494.34	-162.03	1438.3	13	1000140280	15	0
294	76	6571	3	2	14	0	0	1001	2399.42	-227.59	-462.47	1048.54	987.1	13	1000140280	32	0
294	76	6849	2	0	12	0	0	1001	496.29	-55.80	74.85	153.64	612.9	11	1000180400	10	1
294	76	6849	2	1	14	0	2	1091	3203.14	-495.22	600.35	215.50	333.8	13	1000080160	14	0
294	76	8954	1	0	12	0	1	1003	619.18	2.74	-148.67	366.87	1455.8	11	1000180400	17	1
294	76	9681	3	0	14	0	0	1001	897.66	-32.66	119.07	-502.02	269.1	13	1000080160	8	0
294	76	9681	3	1	14	0	0	1001	713.64	38.40	-260.08	315.63	564.4	13	1000180400	9	0
294	76	9681	3	2	12	0	0	1001	721.20	11.33	-74.21	499.16	227.5	11	1000180400	10	1
294	76	12425	1	0	12	0	1	1003	1518.29	168.90	3.13	491.32	663.5	11	1000180400	40	1
294	70	89	2	0	14	0	0	1001	3464.25	-381.98	36.76	-793.45	1547.2	13	1000140280	9	0
294	70	89	2	1	12	0	0	1001	1164.78	-101.82	118.69	252.25	275.1	11	1000180400	24	1
294	70	4189	2	0	14	0	0	1001	422.35	581.07	-89.08	41.23	137.9	13	1000120240	9	0
294	70	4189	2	1	12	0	0	1001	1426.89	145.65	193.13	185.22	368.8	11	1000180400	9	1
294	70	5597	2	0	12	0	0	1001	1896.34	-194.29	-66.75	266.95	789.0	11	1000180400	10	1
294	70	5597	2	1	14	1	0	1002	528.10	416.89	-571.12	-318.98	1337.1	14	1000080160	14	0
294	70	6634	1	0	12	0	0	1001	986.62	-184.77	-198.20	37.86	1388.7	11	1000180400	16	1
294	70	7348	2	0	14	0	0	1001	431.00	-400.53	-475.45	-77.08	1440.6	13	1000130270	8	0
294	70	7348	2	1	12	0	10	1000	2316.61	-84.75	173.70	108.67	1218.9	11	1000180400	11	1
294	70	7927	1	0	12	0	0	1001	483.43	80.89	-148.77	325.06	981.8	11	1000180400	9	1
294	70	8232	3	0	14	0	0	1001	358.47	-598.59	-206.02	780.02	1143.6	13	1000120240	16	0
294	70	8232	3	1	12	0	0	1001	524.89	-88.48	-11.65	148.61	1372.2	11	1000180400	22	1
294	70	8232	3	2	14	0	0	1001	484.79	-77.23	204.49	-321.23	425.9	13	1000080160	8	0
294	70	9257	2	0	12	0	0	1001	1555.46	0.93	-149.68	476.73	1139.1	11	1000180400	10	1
294	70	9257	2	1	14	0	10	1000	380.54	-246.20	-469.72	-159.65	582.6	13	1000080160	11	0
294	70	11747	2	0	12	0	1	1004	1521.13	-173.31	179.92	143.97	290.8	11	1000180400	12	1
294	70	11747	2	1	14	1	0	1002	2006.42	-78.65	60.20	254.97	957.6	14	1000180400	12	1
295	42	749	2	0	12	0	0	1001	1275.37	155.50	-42.18	132.27	120.1	11	1000180400	10	1
295	42	749	2	1	14	0	2	1091	3108.21	503.25	274.55	556.63	1499.1	13	1000080160	16	0
295	42	1505	2	0	12	0	0	1001	1081.78	-185.85	167.74	480.77	150.1	11	1000180400	9	1
295	42	1505	2	1	14	0	10	1000	3314.28	200.83	53.53	-780.04	1321.3	13	1000080160	11	0
295	42	1694	1	0	12	0	0	1001	1564.51	106.18	-193.73	14.44	780.8	11	1000180400	10	1
295	42	5303	2	0	12	0	0	1001	557.54	-53.24	-2.01	324.39	1494.0	11	1000180400	21	1
295	42	5303	2	1	14	0	1	1004	1263.52	-292.69	-110.02	-490.03	645.8	13	1000200400	16	0
295	42	7259	1	0	12	0	0	1001	815.56	170.46	142.37	328.55	1510.0	11	1000180400	13	1
295	42	7930	2	0	14	0	0	1001	340.84	254.48	-552.40	551.08	305.9	13	1000080160	9	0
295	42	7930	2	1	12	0	0	1001	1507.00	115.86	-185.16	155.13	1239.0	11	1000180400	9	1
295	42	9059	1	0	12	0	2	1091	3574.66	35.19	183.53	177.34	1296.0	11	1000180400	14	1
295	42	9196	3	0	14	1	0	1002	880.47	-429.87	-45.67	-454.37	536.9	14	1000120240	21	0
295	42	9196	3	1	14	0	0	1001	340.50	-454.15	-533.04	296.18	69.4	13	1000080160	12	0
295	42	9196	3	2	12	0	1	1003	1020.69	-99.90	9.58	212.35	842.8	11	1000180400	11	1
295	42	9569	2	0	14	1	0	1002	721.22	608.91	-38.10	737.75	1580.1	14	1000200400	19	0
295	42	9569	2	1	12	0	2	1091	2288.20	15.20	33.83	301.22	258.4	11	1000180400	20	1
295	42	12121	3	0	14	0	0	1001	946.39	98.24	74.43	22.32	1194.3	13	1000180400	10	1
295	42	12121	3	1	14	1	10	1000	614.00	260.89	-623.35	609.67	1011.2	14	1000140280	18	0
295	42	12121	3	2	12	0	1	1003	1900.21	38.58	78.79	67.84	1180.5	11	1000180400	40	1
299	57	239	4	0	14	0	0	1001	1396.66	-208.12	-643.80	-378.37	1033.1	13	1000080160	11	0
299	57	239	4	1	12	0	0	1001	2198.58	-190.21	-122.01	163.52	917.9	11	1000180400	9	1
299	57	239	4	2	14	1	1	1006	2813.98	-604.95	-176.51	72.24	1086.1	14	1000080160	19	0
299	57	239	4	3	14	1	10	1000	576.74	230.32	91.26	343.00	1396.3	14	1000180400	17	0
299	57	1208	2	0	12	0	0	1001	757.57	-53.77	101.17	350.56	147.9	11	1000180400	9	1
299	57	1208	2	1	14	1	0	1002	311.73	274.75	-601.03	-193.58	505.9	14	1000080160	12	0
299	57	2594	3	0	14	0	0	1001	1878.26	-1.14	-193.85	-401.43	1523.1	13	1000130270	8	0
299	57	2594	3	1	-12	0	1	1000	2434.92	42.52	-111.69	176.89	1334.6	-11	1000180400	14	1
299	57	2594	3	2	14	0	2	1091	2631.15	181.14	73.81	-334.00	636.6	13	1000200400	15	0
299	57	7198	1	0	12	0	0	1001	2742.07	50.58	89.48	79.77	1027.3	11	1000180400	9	1
299	57	8549	1	0	12	0	0	1001	830.07	145.40	191.22	221.10	1166.2	11	1000180400	10	1
299	57	8625	3	0	12	0	0	1001	794.42	145.58	-133.63	11.22	156.3	11	1000180400	8	1
299	57	8625	3	1	14	0	0	1001	283.35	411.46	-285.02	-369.21	1163.6	13	1000160320	8	0
299	57	8625	3	2	14	1	0	1002	196.92	503.50	-76.43	637.31	1238.1	14	1000080160	9	0
299	57	9246	1	0	12	0	0	1001	507.04	109.30	-159.34	396.63	1380.9	11	1000180400	10	1
299	57	10042	3	0	14	0	1	1005	1564.01	273.88	-445.07	851.42	408.0	13	1000140280	13	0
299	57	10042	3	1	12	0	1	1003	807.06	-64.03	147.69	170.25	1144.0	11	1000180400	13	1
299	57	10042	3	2	14	1	0	1002	459.45	-240.97	-65.47	475.04	551.8	14	1000180400	10	0
299	57	10184	3	0	14	1	10	1000	767.24	-582.44	607.99	-378.34	691.5	14	1000200400	22	0
299	57	10184	3	1	14	0	1	1003	2538.85	-306.86	-195.02	-478.70	591.5	13	1000200400	12	0
299	57	10184	3	2	12	0	3	1097	722.55	7.45	90.22	499.37	683.7	11	1000180400	5	1
291	69	3289	2	0	12	0	1	1005	2011.73	152.77	118.90	467.24	192.0	11	1000180400	13	1
291	69	3289	2	1	14	0	0	1001	465.65	178.58	-247.92	576.12	1593.8	13	1000180400	10	0
291	69	7548	2	0	14	1	1	1008	2502.72	563.58	627.11	-467.00	1445.7	14	1000080160	12	0
291	69	7548	2	1	12	0	10	1000	961.27	-37.47	75.80	62.66	666.9	11	1000180400	11	1
291	69	11249	2	0	12	0	1	1003	2259.06	65.79	115.20	323.70	942.6	11	1000180400	18	1
291	69	11249	2	1	14	0	0	1001	444.54	-133.67	215.41	617.80	877.5	13	1000180400	16	0
300	9	2267	2	0	14	0	1	1003	1502.51	499.29	-5.37	726.39	1220.0	13	1000200400	18	0
300	9	2267	2	1	12	0	10	1000	910.69	-46.24	-119.07	349.70	1529.9	11	1000180400	11	1
300	9	2628	1	0	12	0	10	1000	873.44	-12.39	98.81	495.02	1554.4	11	1000180400	12	1
300	9	2715	1	0	12	0	1	1003	554.31	-27.60	-102.30	432.54	680.9	11	1000180400	12	1
300	9	3520	2	0	12	0	10	1000	1158.77	73.47	-56.27	468.01	1229.6	11	1000180400	12	1
300	9	3520	2	1	14	1	0	1002	565.77	-352.24	194.25	-271.34	1431.6	14	1000080160	10	0
300	9	6269	2	0	12	0	0	1001	725.28	-193.94	188.14	157.68	1070.6	11	1000180400	9	1
300	9	6269	2	1	14	1	1	1006	1257.10	-103.95	-124.08	138.63	934.5	14	1000180400	16	1
300	9	6985	1	0	12	0	0	1001	864.76	-125.07	-31.44	222.22	1543.5	11	1000180400	9	1
300	9	7318	1	0	12	0	1	1003	1865.42	-145.34	-38.45	132.20	102.4	11	1000180400	13	1
300	9	7868	2	0	12	0	0	1001	1139.54	-38.87	30.77	488.89	643.0	11	1000180400	25	1
300	9	7868	2	1	14	1	0	1002	521.62	680.31	-103.39	30.65	1178.0	14	1000200400	22	0
300	9	8930	1	0	12	0	0	1001	674.22	54.66	141.45	226.36	842.6	11	1000180400	8	1
300	9	9428	3	0	14	0	0	1001	1211.78	-162.50	82.58	104.42	1503.1	13	1000180400	9	1
300	9	9428	3	1	14	1	1	1007	2225.44	-511.00	-279.65	288.12	1132.9	14	1000080160	13	0
300	9	9428	3	2	12	0	1	1003	1106.23	131.06	-183.62	63.07	610.7	11	1000180400	12	1
300	9	9594	2	0	12	0	0	1001	874.91	184.61	-28.54	311.31	849.8	11	1000180400	9	1
300	9	9594	2	1	14	0	10	1000	1031.77	155.43	128.94	-319.71	1337.5	13	1000080160	12	0
300	9	9607	2	0	14	0	10	1000	726.53	120.25	216.44	-356.89	272.7	13	1000200400	12	0
300	9	9607	2	1	12	0	10	1000	1903.19	104.19	22.33	483.03	1137.8	11	1000180400	16	1
300	9	9790	2	0	14	1	0	1002	822.06	-326.83	166.12	-468.53	1067.5	14	1000130270	9	0
300	9	9790	2	1	12	0	1	1003	1919.74	-141.60	78.25	4.59	513.8	11	1000180400	16	1
294	23	1859	2	0	14	0	0	1001	836.87	-141.06	-198.04	592.90	1595.4	13	1000180400	9	0
294	23	1859	2	1	12	0	0	1001	1322.92	195.25	75.17	198.50	671.9	11	1000180400	8	1
294	23	2807	2	0	12	0	2	1091	991.24	-16.11	187.66	58.43	669.0	11	1000180400	12	1
294	23	2807	2	1	14	0	1	1003	1047.99	-131.87	48.91	428.49	1457.2	13	1000180400	16	1
294	23	9964	3	0	14	0	1	1003	1122.99	-76.99	163.07	-298.56	106.0	13	1000080160	12	0
294	23	9964	3	1	12	0	0	1001	572.14	-165.63	-70.37	8.35	230.4	11	1000180400	9	1
294	23	9964	3	2	14	0	0	1001	1100.84	52.92	-169.54	-298.74	863.4	13	1000080160	9	0
294	23	12068	1	0	12	0	0	1001	608.64	-129.44	140.51	114.43	651.2	11	1000180400	9	1
299	50	677	2	0	14	1	0	1002	397.02	-522.98	-270.41	-57.41	134.5	14	1000140280	12	0
299	50	677	2	1	12	0	10	1000	2082.80	-8.00	-0.61	184.32	483.8	11	1000180400	11	1
299	50	2158	1	0	-12	0	0	1001	1437.11	184.47	121.49	170.11	862.4	-11	1000180400	9	1
299	50	2907	1	0	12	0	10	1000	795.53	52.39	136.23	385.73	508.4	11	1000180400	11	1
299	50	6364	1	0	12	0	0	1001	1355.15	-125.83	176.06	67.23	1138.4	11	1000180400	8	1
299	50	7780	1	0	12	0	0	1001	1952.01	-195.86	193.38	380.44	810.7	11	1000180400	8	1
299	50	10437	1	0	-12	0	10	1000	2016.96	-15.59	-132.37	349.91	1379.0	-11	1000180400	12	1
299	50	10579	4	0	12	0	0	1001	2034.59	-31.23	-114.73	423.78	133.1	11	1000180400	9	1
299	50	10579	4	1	14	0	0	1001	546.78	-164.10	114.12	416.08	1097.2	13	1000180400	8	1
299	50	10579	4	2	14	0	10	1000	821.42	94.78	-481.03	927.94	699.6	13	1000080160	11	0
299	50	10579	4	3	14	1	0	1002	534.21	-41.40	-165.37	-494.23	1426.1	14	1000080160	12	0
299	50	11753	2	0	14	1	1	1006	845.94	539.54	291.68	943.34	414.1	14	1000250550	17	0
299	50	11753	2	1	12	0	0	1001	1240.53	-51.81	54.33	95.45	1010.5	11	1000180400	9	1
299	50	11772	2	0	14	0	0	1001	336.20	318.74	-256.91	-439.79	1258.2	13	1000080160	9	0
299	50	11772	2	1	12	0	1	1005	929.80	-38.25	75.07	339.60	376.2	11	1000180400	20	1
299	50	11811	2	0	14	0	2	1091	4619.57	-118.06	-441.46	1818.39	840.9	13	1000110230	26	0
299	50	11811	2	1	12	0	1	1003	3961.91	-147.29	48.82	316.30	694.6	11	1000180400	19	1
296	63	878	3	0	14	0	0	1001	930.84	55.48	116.72	-315.64	1562.6	13	1000080160	8	0
296	63	878	3	1	12	0	0	1001	467.65	71.47	-45.78	283.11	241.2	11	1000180400	9	1
296	63	878	3	2	14	1	0	1002	333.35	276.95	279.28	-361.85	1296.9	14	1000120240	25	0
296	63	1871	2	0	14	1	2	1092	540.99	-181.95	-486.99	808.56	785.5	14	1000140280	12	0
296	63	1871	2	1	12	0	10	1000	1150.67	186.89	158.76	54.66	1065.7	11	1000180400	43	1
296	63	2178	1	0	12	0	1	1003	1580.99	-154.24	-87.48	42.31	1272.5	11	1000180400	12	1
296	63	3342	2	0	12	0	2	1091	3771.54	-35.11	-4.84	333.64	1246.7	11	1000180400	19	1
296	63	3342	2	1	14	0	1	1000	2755.79	270.81	-499.41	255.16	295.5	13	1000080160	14	0
296	63	4805	2	0	14	0	1	1003	2985.02	185.28	-172.01	1262.49	1540.9	13	1000160320	17	0
296	63	4805	2	1	12	0	1	1003	1897.92	-2.90	66.76	480.91	834.8	11	1000180400	16	1
296	63	6783	2	0	14	1	0	1002	318.01	-36.05	-654.02	-422.23	936.6	14	1000080160	12	0
296	63	6783	2	1	12	0	1	1003	2360.18	123.04	-92.63	46.30	1556.1	11	1000180400	11	1
296	63	8809	2	0	14	0	1	1004	640.39	220.82	-34.25	184.42	561.3	13	1000180400	25	0
296	63	8809	2	1	12	0	10	1000	788.69	160.10	-169.98	154.85	1408.6	11	1000180400	15	1
296	63	10068	1	0	-12	0	10	1000	4428.99	5.30	-197.32	342.22	810.6	-11	1000180400	18	1
296	63	10384	1	0	12	0	1	1000	1802.29	37.67	-195.99	409.68	508.6	11	1000180400	18	1
296	63	11314	2	0	14	0	1	1003	3440.47	-188.11	-193.09	638.24	1368.7	13	1000180400	15	0
296	63	11314	2	1	12	0	0	1001	684.42	-131.18	40.06	163.18	1277.7	11	1000180400	14	1
296	63	12136	1	0	12	0	1	1005	1373.31	-9.84	177.99	158.62	537.7	11	1000180400	12	1
295	33	849	3	0	12	0	0	1001	1723.90	-79.22	-198.49	137.20	216.0	11	1000180400	16	1
295	33	849	3	1	14	0	0	1001	1526.67	-245.40	-430.34	-144.40	1531.8	13	1000140280	8	0
295	33	849	3	2	14	0	0	1001	245.85	545.78	3.32	746.35	710.1	13	1000080160	8	0
295	33	1232	1	0	12	0	0	1001	674.57	-133.23	-133.56	0.04	1553.6	11	1000180400	9	1
295	33	2036	1	0	12	0	0	1001	395.93	-171.12	-26.34	151.99	824.0	11	1000180400	8	1
295	33	2616	1	0	12	0	1	1003	723.45	-59.38	100.03	482.57	606.8	11	1000180400	12	1
295	33	5601	2	0	14	0	1	1004	916.80	570.51	-102.54	357.09	1530.1	13	1000080160	11	0
295	33	5601	2	1	12	0	0	1001	2304.31	105.04	-35.03	366.17	773.8	11	1000180400	10	1
295	33	6434	2	0	12	0	1	1003	682.46	134.91	110.58	238.33	465.0	11	1000180400	13	1
295	33	6434	2	1	14	0	2	1091	1632.23	484.25	69.75	305.66	314.7	13	1000080160	15	0
295	33	6636	1	0	12	0	0	1001	1006.46	120.48	-162.93	14.72	1045.7	11	1000180400	10	1
295	33	7694	2	0	14	0	0	1001	476.78	490.00	187.52	-76.95	1381.9	13	1000080160	9	0
295	33	7694	2	1	12	0	2	1091	2451.83	-173.68	110.68	6.04	875.2	11	1000180400	13	1
295	33	9146	1	0	12	0	1	1000	2567.70	157.46	-183.94	31.60	99.5	11	1000180400	15	1
295	33	10318	1	0	12	0	1	1003	514.01	-6.84	-41.17	83.08	859.5	11	1000180400	13	1
295	33	10406	3	0	12	0	1	1003	865.41	113.07	195.65	227.78	843.2	11	1000180400	13	1
295	33	10406	3	1	-12	1	1	1015	1812.11	411.42	538.69	-363.45	557.9	-12	1000080160	13	0
295	33	10406	3	2	14	0	0	1001	794.28	-131.16	-25.77	774.99	1166.3	13	1000130270	16	0
295	33	10656	2	0	12	0	1	1005	1134.44	15.87	-196.14	390.93	1342.7	11	1000180400	12	1
295	33	10656	2	1	14	0	0	1001	3707.37	-117.27	-252.30	-1096.33	949.3	13	1000080160	9	0
295	33	12161	1	0	12	0	2	1091	1137.18	83.10	29.39	63.70	1462.8	11	1000180400	22	1
294	11	667	2	0	14	0	1	1003	2381.00	484.57	45.71	93.75	1311.8	13	1000140280	11	0
294	11	667	2	1	12	0	0	1001	1341.86	-166.77	164.30	220.98	636.5	11	1000180400	11	1
294	11	1701	3	0	14	1	0	1002	371.51	-496.90	-444.05	133.72	879.4	14	1000080160	11	0
294	11	1701	3	1	12	0	1	1005	1966.00	130.81	-37.19	446.17	152.8	11	1000180400	29	1
294	11	1701	3	2	14	0	10	1000	720.71	-493.04	-92.55	-195.78	1456.0	13	1000080160	17	0
294	11	2982	2	0	-12	0	0	1001	1529.48	109.44	-151.01	411.78	1306.7	-11	1000180400	17	1
294	11	2982	2	1	14	0	2	1091	2369.93	-448.18	12.55	-444.60	1069.9	13	1000200400	11	0
294	11	9882	2	0	14	0	1	1003	1071.71	215.29	-186.83	106.97	933.4	13	1000180400	11	0
294	11	9882	2	1	12	0	0	1001	496.40	-93.91	-70.38	495.04	1327.2	11	1000180400	12	1
294	11	9909	2	0	14	1	2	1092	3333.22	45.78	29.13	1027.09	813.6	14	1000130270	13	0
294	11	9909	2	1	12	0	1	1003	924.39	114.50	-191.62	110.92	160.7	11	1000180400	13	1
297	41	2394	1	0	12	0	0	1001	1693.12	-41.73	-37.10	58.83	649.0	11	1000180400	9	1
297	41	2444	2	0	12	0	0	1001	1082.38	101.00	-8.58	177.18	1316.3	11	1000180400	8	1
297	41	2444	2	1	14	1	2	1092	1063.27	-104.27	-41.03	956.63	697.2	14	1000080160	12	0
297	41	3189	1	0	12	0	0	1001	1349.92	-111.97	-30.57	230.70	1167.5	11	1000180400	19	1
297	41	3399	1	0	12	0	1	1003	1036.19	-102.11	-143.68	111.66	63.8	11	1000180400	19	1
297	41	4920	3	0	14	0	0	1001	2196.51	266.89	-708.97	115.88	1484.3	13	1000110230	8	0
297	41	4920	3	1	14	1	10	1000	726.46	199.26	-419.30	-167.84	1531.6	14	1000080160	12	0
297	41	4920	3	2	12	0	1	1004	1354.98	180.28	-18.64	105.42	1313.1	11	1000180400	15	1
297	41	5953	2	0	14	0	1	1003	1649.49	-247.57	-52.37	-339.54	1526.5	13	1000080160	12	0
297	41	5953	2	1	12	0	1	1004	784.54	-121.92	198.38	321.95	905.8	11	1000180400	12	1
297	41	6426	2	0	12	0	0	1001	1073.12	21.54	22.06	478.51	206.2	11	1000180400	9	1
297	41	6426	2	1	14	1	10	1000	469.11	491.59	101.22	268.15	636.6	14	1000080160	11	0
297	41	6740	2	0	12	0	0	1001	1470.61	201.44	-133.63	441.09	1305.9	11	1000180400	12	0
297	41	6740	2	1	14	0	0	1001	891.39	134.99	5.35	408.68	151.3	13	1000180400	36	1
297	41	7147	1	0	12	0	1	1000	1252.84	-93.34	20.83	65.28	971.9	11	1000180400	38	1
297	41	7893	2	0	14	0	1	1003	1191.68	-75.19	-118.66	-456.30	707.5	13	1000140280	12	0
297	41	7893	2	1	12	0	0	1001	2455.55	36.70	-138.03	373.42	983.2	11	1000180400	9	1
292	15	312	2	0	12	0	1	1003	879.93	-163.07	4.59	296.72	637.2	11	1000180400	12	1
292	15	312	2	1	14	0	1	1000	2654.90	603.93	-128.66	357.90	89.9	13	1000080160	15	0
292	15	8217	2	0	12	0	1	1004	3226.73	120.71	44.79	65.15	270.7	11	1000180400	16	1
292	15	8217	2	1	14	1	1	1006	2129.79	557.06	-339.37	554.80	666.3	14	1000080160	11	0
292	15	8398	2	0	14	0	0	1001	1322.86	-548.98	285.74	847.19	444.8	13	1000200400	8	0
292	15	8398	2	1	12	0	1	1004	1913.23	18.60	157.28	141.27	1145.0	11	1000180400	13	1
292	15	9805	1	0	12	0	10	1000	1220.83	-3.71	125.82	128.91	270.7	11	1000180400	12	1
295	63	977	4	0	14	0	10	1000	850.88	50.61	61.25	214.33	350.2	13	1000180400	16	1
295	63	977	4	1	14	0	10	1000	3358.92	294.66	208.48	-295.13	849.8	13	1000080160	11	0
295	63	977	4	2	12	0	1	1003	869.84	-131.14	112.21	478.05	1023.6	11	1000180400	11	1
295	63	977	4	3	14	0	1	1003	3627.42	-179.63	161.22	-699.92	947.5	13	1000080160	13	0
295	63	3012	2	0	14	0	0	1001	667.76	36.05	453.10	-454.36	706.4	13	1000200400	8	0
295	63	3012	2	1	12	0	1	1005	1917.22	177.18	-128.20	195.14	445.6	11	1000180400	14	1
295	63	3115	2	0	14	0	0	1001	655.11	238.32	-163.99	585.51	1175.8	13	1000180400	9	0
295	63	3115	2	1	12	0	1	1005	2245.14	164.09	-51.53	30.15	211.3	11	1000180400	16	1
295	63	3524	1	0	12	0	0	1001	1408.53	-102.08	142.03	106.67	218.6	11	1000180400	20	1
295	63	3550	2	0	14	1	1	1008	1037.64	-533.10	-435.82	0.18	627.8	14	1000140280	12	0
295	63	3550	2	1	12	0	0	1001	2400.60	44.93	180.45	268.48	1415.6	11	1000180400	11	1
295	63	10319	1	0	12	0	2	1091	2779.86	-94.38	-44.31	377.48	1341.8	11	1000180400	18	1
295	63	11731	1	0	12	0	2	1091	3725.57	165.44	202.17	214.49	162.9	11	1000180400	13	0
295	63	11900	2	0	12	0	10	1000	1501.52	-163.18	44.25	37.68	99.0	11	1000180400	16	1
295	63	11900	2	1	14	0	0	1001	639.64	-609.03	453.73	553.82	762.6	13	1000080160	8	0
293	16	2368	1	0	12	0	2	1091	1066.70	-172.69	-166.19	252.28	1109.5	11	1000180400	14	1
293	16	2863	1	0	12	0	1	1005	1246.32	48.49	-80.44	57.72	840.3	11	1000180400	14	1
293	16	3230	1	0	12	0	2	1091	861.56	53.15	89.06	129.08	1522.8	11	1000180400	29	1
293	16	4590	3	0	12	0	2	1091	1470.55	61.75	7.94	162.40	900.3	11	1000180400	16	1
293	16	4590	3	1	14	0	0	1001	3479.77	401.18	272.91	-119.65	1285.3	13	1000130270	8	0
293	16	4590	3	2	14	1	0	1002	722.43	-579.39	-346.62	36.31	420.6	14	1000080160	14	0
293	16	5245	2	0	12	0	2	1091	2615.14	67.25	13.52	492.65	225.5	11	1000180400	13	1
293	16	5245	2	1	14	1	0	1002	274.42	201.05	-510.10	354.77	1285.1	14	1000140280	9	0
293	16	8245	1	0	12	0	2	1091	1816.35	26.39	30.38	415.92	91.3	11	1000180400	25	1
293	16	10152	2	0	12	0	10	1000	1048.03	-161.56	-30.63	188.16	1581.0	11	1000180400	12	1
293	16	10152	2	1	14	0	10	1000	791.31	-291.80	-662.40	225.18	806.3	13	1000140280	25	0
293	16	11685	2	0	14	0	3	1097	1670.91	-67.76	14.56	290.46	1375.9	13	1000180400	5	1
293	16	11685	2	1	12	0	1	1003	521.61	-128.45	187.91	416.83	359.2	11	1000180400	18	1
291	14	761	2	0	12	0	1	1003	1687.81	-176.56	160.11	70.36	802.4	11	1000180400	12	1
291	14	761	2	1	14	0	1	1004	1080.88	20.09	48.42	222.40	540.8	13	1000180400	13	1
291	14	3143	3	0	12	0	0	1001	1410.51	117.05	-188.73	449.74	715.9	11	1000180400	9	1
291	14	3143	3	1	14	0	2	1091	2393.49	470.21	279.90	1009.93	1399.6	13	1000140280	14	0
291	14	3143	3	2	14	0	3	1097	1176.05	-339.69	-414.39	-354.23	48.9	13	1000080160	5	0
291	14	3812	1	0	12	0	0	1001	1260.43	-157.14	21.05	186.49	993.2	11	1000180400	34	1
291	14	6248	1	0	12	0	1	1004	3398.57	-136.10	-116.48	23.09	1423.5	11	1000180400	11	1
291	14	10406	1	0	-12	0	1	1000	2069.27	11.90	-111.97	292.61	1413.9	-11	1000180400	17	1
291	14	11963	1	0	12	0	10	1000	1005.28	-112.44	-170.72	59.69	838.5	11	1000180400	24	1
293	78	789	1	0	12	0	0	1001	1112.05	-126.78	-161.32	282.13	863.6	11	1000180400	9	1
293	78	1755	1	0	12	0	1	1003	1757.06	-166.12	192.75	316.47	980.8	11	1000180400	38	1
293	78	3501	2	0	12	0	0	1001	1273.65	-146.08	-115.84	278.98	278.4	11	1000180400	9	1
293	78	3501	2	1	14	1	0	1002	817.88	-377.44	-179.64	952.78	1189.2	14	1000080160	17	0
293	78	4009	1	0	12	0	10	1000	432.39	-134.57	-53.46	202.23	1143.4	11	1000180400	13	1
293	78	8256	2	0	12	0	1	1005	1528.02	98.15	154.11	415.75	1362.2	11	1000180400	12	1
293	78	8256	2	1	14	1	1	1007	785.17	-54.27	-123.94	-53.85	193.9	14	1000180400	11	0
293	78	9061	1	0	12	0	1	1000	1586.06	52.87	156.67	77.12	175.7	11	1000180400	28	1
293	78	11856	3	0	14	0	0	1001	393.86	533.66	-326.78	-310.97	695.4	13	1000220480	8	0
293	78	11856	3	1	14	1	0	1002	913.62	-490.74	204.23	-36.04	645.9	14	1000260560	9	0
293	78	11856	3	2	12	0	2	1091	2099.44	-73.22	8.43	164.31	1010.8	11	1000180400	26	1
296	87	700	2	0	12	0	0	1001	478.88	190.12	-41.60	217.76	333.8	11	1000180400	8	1
296	87	700	2	1	14	0	10	1000	2982.82	-592.69	428.89	96.84	139.6	13	1000080160	12	0
296	87	833	1	0	12	0	2	1091	3324.59	-102.34	13.58	147.34	1561.2	11	1000180400	13	1
296	87	3854	2	0	12	0	1	1003	2381.54	122.28	-7.04	161.36	482.4	11	1000180400	11	1
296	87	3854	2	1	14	0	0	1001	687.07	112.07	445.70	-282.90	1206.0	13	1000080160	9	0
296	87	3959	1	0	12	0	10	1000	1529.14	-50.55	-98.77	54.84	439.9	11	1000180400	12	1
296	87	4958	1	0	12	0	1	1003	1168.78	32.18	-14.18	252.39	977.1	11	1000180400	11	1
296	87	7773	1	0	12	0	1	1003	987.90	133.89	-55.14	67.29	138.3	11	1000180400	17	1
296	87	9969	1	0	12	0	10	1000	2000.68	89.48	-46.25	425.61	339.2	11	1000180400	12	1
296	87	11140	2	0	12	0	0	1001	953.99	17.96	141.61	24.87	400.0	11	1000180400	9	1
296	87	11140	2	1	14	0	10	1000	919.20	-562.30	-147.59	313.38	617.9	13	1000080160	11	0
296	87	11210	3	0	12	0	1	1003	828.48	163.42	39.13	245.40	1110.1	11	1000180400	27	1
296	87	11210	3	1	14	1	1	1008	699.21	-572.73	-234.43	928.66	1263.6	14	1000130270	13	0
296	87	11210	3	2	14	0	0	1001	213.06	518.12	132.23	-317.98	240.2	13	1000080160	8	0
296	87	12290	2	0	14	1	0	1002	900.20	-99.72	9.89	-336.21	1282.1	14	1000080160	9	0
296	87	12290	2	1	12	0	10	1000	756.17	-44.73	142.16	324.64	504.7	11	1000180400	12	1
294	97	1977	1	0	-12	0	10	1000	2398.91	13.04	122.86	303.21	1300.1	-11	1000180400	13	1
294	97	3460	1	0	-12	0	0	1001	1706.24	-109.16	19.67	102.80	1162.9	-11	1000180400	9	1
294	97	4290	2	0	14	0	0	1001	320.86	-434.90	-671.49	120.36	1217.6	13	1000110230	8	0
294	97	4290	2	1	12	0	2	1091	3213.31	-84.04	-28.18	139.27	1104.7	11	1000180400	11	1
294	97	7191	2	0	14	1	1	1008	962.00	33.46	-76.90	563.25	1044.7	14	1000180400	13	0
294	97	7191	2	1	12	0	1	1003	971.08	-63.48	-150.07	344.98	1262.7	11	1000180400	11	1
294	97	9697	1	0	12	0	1	1003	1216.78	-107.61	53.64	170.73	140.9	11	1000180400	12	1
294	97	10584	1	0	12	0	2	1091	4005.05	-162.69	21.08	48.15	79.9	11	1000180400	14	1
294	97	11037	1	0	12	0	0	1001	460.01	-133.36	48.09	363.97	565.2	11	1000180400	8	1
294	97	11302	2	0	12	0	0	1001	638.45	-126.98	-175.45	461.60	511.7	11	1000180400	9	1
294	97	11302	2	1	14	0	2	1091	889.85	90.30	-112.95	310.52	318.3	13	1000180400	11	1
294	97	11574	2	0	12	0	0	1001	2670.59	-71.02	115.82	426.92	1305.9	11	1000180400	16	1
294	97	11574	2	1	14	0	0	1001	2628.11	-413.97	-230.18	1152.61	968.7	13	1000080160	8	0
296	34	7279	3	0	14	1	1	1007	759.84	279.65	68.43	-352.29	145.4	14	1000200400	13	0
296	34	7279	3	1	-12	0	10	1000	1914.12	33.97	97.89	351.18	337.6	-11	1000180400	11	1
296	34	7279	3	2	14	0	2	1091	4874.10	544.30	27.54	1860.64	1315.1	13	1000200400	13	0
296	34	7894	2	0	14	1	0	1002	235.53	304.25	-350.32	-85.52	929.6	14	1000060120	9	0
296	34	7894	2	1	12	0	0	1001	1027.04	-199.34	-3.29	388.53	583.8	11	1000180400	9	1
296	34	9641	1	0	12	0	1	1004	1453.96	-176.30	196.49	125.54	1486.2	11	1000180400	11	1
296	34	9965	2	0	14	0	0	1001	1464.99	-219.26	-23.14	119.81	1388.5	13	1000180400	10	0
296	34	9965	2	1	12	0	2	1091	1109.50	-103.50	107.69	122.66	1199.2	11	1000180400	14	1
296	34	10886	2	0	14	0	0	1001	546.82	308.46	-477.19	-122.59	472.3	13	1000130270	9	0
296	34	10886	2	1	12	0	1	1003	2970.99	177.07	-83.42	76.31	1407.5	11	1000180400	13	1
291	37	293	1	0	12	0	10	1000	663.17	-65.06	-153.58	394.60	298.6	11	1000180400	12	1
291	37	690	1	0	12	0	1	1005	2188.13	-187.92	-130.45	398.64	1134.8	11	1000180400	12	1
291	37	4348	3	0	14	0	0	1001	814.23	82.84	123.13	391.58	1323.4	13	1000180400	10	1
291	37	4348	3	1	14	0	1	1003	2427.22	532.31	208.88	100.98	422.4	13	1000080160	11	0
291	37	4348	3	2	12	0	1	1004	1805.62	-19.45	141.95	30.44	1387.6	11	1000180400	13	1
291	37	4819	3	0	14	0	10	1000	1025.43	-168.99	-79.17	611.55	951.4	13	1000180400	35	0
291	37	4819	3	1	12	0	0	1001	1331.03	-187.48	192.26	318.37	864.6	11	1000180400	10	1
291	37	4819	3	2	14	0	1	1003	1076.70	-251.53	-524.05	-326.28	145.4	13	1000140280	12	0
291	37	9656	1	0	12	0	0	1001	548.22	177.65	-149.39	138.66	273.7	11	1000180400	10	1
291	37	10354	3	0	14	1	1	1008	3280.35	-340.24	-97.29	371.04	1493.7	14	1000280590	16	0
291	37	10354	3	1	12	0	1	1003	1349.38	-4.08	-193.95	160.09	1127.1	11	1000180400	13	1
291	37	10354	3	2	14	0	0	1001	713.19	703.70	-64.04	-226.03	261.5	13	1000080160	13	0
291	37	11789	2	0	12	0	0	1001	719.29	79.20	-182.23	195.83	1090.1	11	1000180400	9	1
291	37	11789	2	1	14	1	1	1007	900.72	31.63	-224.33	-449.57	766.6	14	1000110230	12	0
296	75	2301	3	0	14	0	0	1001	406.54	337.47	-524.66	-489.62	835.9	13	1000110230	8	0
296	75	2301	3	1	14	0	0	1001	350.12	41.09	-539.02	439.24	717.6	13	1000080160	14	0
296	75	2301	3	2	12	0	2	1091	2413.98	-135.28	-153.57	285.23	1185.9	11	1000180400	13	1
296	75	5298	1	0	12	0	0	1001	512.52	-125.42	147.08	41.80	780.1	11	1000180400	9	1
296	75	7791	2	0	14	1	0	1002	530.22	547.72	525.98	958.66	927.2	14	1000120240	11	0
296	75	7791	2	1	12	0	2	1091	3677.57	47.77	-63.45	60.79	1370.1	11	1000180400	15	1
296	75	7926	2	0	12	0	0	1001	952.61	50.50	174.31	190.77	1394.1	11	1000180400	38	1
296	75	7926	2	1	14	0	1	1000	3785.70	-55.02	-241.84	1659.07	683.5	13	1000080160	19	0
296	75	8189	1	0	12	0	0	1001	1212.86	90.01	191.53	1.03	1118.7	11	1000180400	10	1
296	75	9249	3	0	14	1	0	1002	402.96	-27.19	-504.11	761.71	485.3	14	1000140280	11	0
296	75	9249	3	1	14	0	1	1003	3394.76	-175.49	-180.08	28.09	1538.7	13	1000180400	11	1
296	75	9249	3	2	12	0	0	1001	734.10	132.81	-31.56	107.84	745.1	11	1000180400	13	1
296	75	10453	1	0	12	0	10	1000	790.37	96.29	67.59	10.96	1272.0	11	1000180400	12	1
296	75	11838	4	0	14	0	1	1003	1867.30	645.34	193.95	-490.68	992.7	13	1000130270	12	0
296	75	11838	4	1	-12	0	0	1001	2743.17	-192.98	-20.25	407.30	393.4	-11	1000180400	9	1
296	75	11838	4	2	14	1	0	1002	1116.11	-212.83	-5.10	957.06	450.9	14	1000140280	9	0
296	75	11838	4	3	14	1	10	1000	1251.34	374.54	625.94	211.38	596.7	14	1000060120	11	0
295	31	650	2	0	12	0	2	1091	2015.37	159.59	-54.27	69.57	175.2	11	1000180400	25	1
295	31	650	2	1	14	0	10	1000	555.97	-116.63	-371.59	151.46	1218.3	13	1000260560	22	0
295	31	1098	1	0	12	0	1	1004	1214.40	26.30	87.94	446.10	1058.2	11	1000180400	14	1
295	31	1953	2	0	14	1	10	1000	330.97	494.99	-266.59	496.20	739.6	14	1000140280	29	0
295	31	1953	2	1	12	0	10	1000	1346.38	164.23	166.96	65.71	857.7	11	1000180400	11	1
295	31	2012	2	0	14	0	0	1001	1943.14	-462.43	-418.53	-239.92	1451.8	13	1000080160	18	0
295	31	2012	2	1	12	0	0	1001	943.37	-147.86	-156.64	271.21	69.1	11	1000180400	10	1
295	31	3244	2	0	12	0	1	1003	716.37	96.39	5.84	324.29	1299.3	11	1000180400	13	1
295	31	3244	2	1	14	0	0	1001	647.88	-255.81	89.72	399.75	1380.3	13	1000180400	8	0
295	31	3451	1	0	12	0	10	1000	932.05	175.81	180.24	16.49	307.8	11	1000180400	12	1
295	31	4252	2	0	14	1	0	1002	893.80	-10.47	-224.14	105.99	196.4	14	1000180400	18	0
295	31	4252	2	1	12	0	2	1091	1600.22	-131.46	-4.61	2.75	913.8	11	1000180400	15	1
295	31	6215	2	0	14	0	2	1091	4954.40	-464.26	-80.93	1009.10	1022.1	13	1000130270	15	0
295	31	6215	2	1	12	0	10	1000	737.77	21.60	88.40	385.74	734.8	11	1000180400	24	1
295	31	7209	1	0	12	0	0	1001	1445.45	8.07	-127.56	32.46	799.0	11	1000180400	10	1
295	31	7301	2	0	14	0	2	1091	2497.83	106.74	243.50	-615.09	1251.8	13	1000200400	13	0
295	31	7301	2	1	-12	0	0	1001	940.07	-89.66	25.45	172.40	770.4	-11	1000180400	25	1
295	31	10812	1	0	12	0	10	1000	1272.13	-93.54	12.15	105.00	1313.1	11	1000180400	12	1
299	58	941	2	0	12	0	2	1091	2339.31	-27.89	113.27	411.50	869.8	11	1000180400	18	1
299	58	941	2	1	14	0	0	1001	1085.92	107.20	328.89	-175.13	356.8	13	1000240520	8	0
299	58	1658	3	0	14	0	0	1001	791.61	-92.60	587.75	-297.57	445.5	13	1000140280	8	0
299	58	1658	3	1	14	0	0	1001	1457.05	-79.35	-42.35	258.66	409.2	13	1000180400	9	1
299	58	1658	3	2	12	0	10	1000	1201.70	-156.65	128.03	147.64	746.8	11	1000180400	11	1
299	58	2650	1	0	12	0	0	1001	531.79	-74.39	-61.07	184.87	1202.6	11	1000180400	31	1
299	58	2955	3	0	12	0	0	1001	1215.51	-181.12	6.91	47.63	419.5	11	1000180400	22	1
299	58	2955	3	1	14	0	1	1000	1615.49	39.92	24.42	-482.57	1500.7	13	1000140280	11	0
299	58	2955	3	2	14	1	0	1002	418.30	104.15	-623.53	-279.95	846.3	14	1000140280	10	0
299	58	4315	2	0	12	0	10	1000	1565.13	-109.01	-153.15	108.51	614.7	11	1000180400	21	1
299	58	4315	2	1	14	1	2	1092	810.20	-33.11	-58.01	119.42	1559.6	14	1000180400	11	1
299	58	6829	2	0	12	0	1	1003	4232.26	-45.46	-105.56	348.89	603.3	11	1000180400	11	1
299	58	6829	2	1	-14	1	0	1002	192.89	82.93	-579.15	32.23	211.1	-14	1000260560	9	0
299	58	8744	2	0	12	0	10	1000	1237.42	41.53	161.51	422.24	1323.8	11	1000180400	20	1
299	58	8744	2	1	14	1	0	1002	1192.40	-105.74	-602.21	528.29	437.7	14	1000130270	11	0
299	58	11733	1	0	12	0	0	1001	795.42	130.44	-190.70	315.71	125.8	11	1000180400	12	1
299	58	12124	3	0	14	1	0	1002	235.53	-236.52	28.19	532.47	891.1	14	1000180400	11	0
299	58	12124	3	1	14	1	10	1000	1282.76	-116.77	224.12	-458.82	43.4	14	1000200400	13	0
299	58	12124	3	2	12	0	1	1005	1415.18	25.36	74.61	213.09	104.1	11	1000180400	13	1
299	58	12455	1	0	12	0	1	1003	1469.72	-132.35	-27.62	413.92	205.4	11	1000180400	13	1
295	40	1056	3	0	-12	0	1	1000	808.24	-58.19	105.31	496.39	721.0	-11	1000180400	12	1
295	40	1056	3	1	14	0	0	1001	389.30	-610.50	-216.22	974.96	1131.8	13	1000140280	8	0
295	40	1056	3	2	14	1	0	1002	421.55	8.98	-574.42	957.93	849.9	14	1000080160	10	0
295	40	6016	2	0	12	0	1	1000	1527.21	1.01	-72.88	122.37	405.3	11	1000260560	30	1
295	40	6016	2	1	14	0	0	1001	262.67	-641.36	-385.08	247.94	1318.6	13	1000140280	9	0
295	40	6319	3	0	14	0	1	1005	1842.59	-154.25	72.77	212.21	690.6	13	1000180400	12	1
295	40	6319	3	1	14	1	0	1002	603.39	41.36	-52.86	540.35	966.8	14	1000180400	9	0
295	40	6319	3	2	12	0	0	1001	631.89	-150.61	-77.41	491.04	853.8	11	1000180400	9	1
295	40	6865	1	0	12	0	0	1001	3577.25	-93.48	-7.44	150.86	368.8	11	1000180400	10	1
295	40	7144	1	0	12	0	10	1000	809.39	-115.58	164.86	66.33	895.2	11	1000180400	46	1
295	40	9657	4	0	14	0	1	1003	2550.07	185.61	-15.39	619.85	476.7	13	1000180400	23	0
295	40	9657	4	1	14	1	0	1002	391.68	538.89	197.86	637.63	1141.3	14	1000140280	10	0
295	40	9657	4	2	12	0	0	1001	608.42	169.86	-39.97	299.53	1376.9	11	1000180400	34	1
295	40	9657	4	3	14	0	0	1001	2655.04	252.81	-214.76	-792.25	153.0	13	1000080160	10	0
295	40	10297	1	0	12	0	10	1000	637.57	-82.71	59.13	249.46	1053.5	11	1000180400	12	1
296	80	5621	2	0	14	0	1	1003	1475.55	180.60	-255.71	-363.20	1562.8	13	1000200400	11	0
296	80	5621	2	1	12	0	1	1004	1998.92	-86.53	60.57	299.61	921.8	11	1000180400	20	1
296	80	7027	3	0	14	0	1	1003	2346.28	505.29	-293.46	-391.15	85.8	13	1000200400	12	0
296	80	7027	3	1	14	0	0	1001	242.80	671.53	-69.93	800.92	1298.1	13	1000080160	12	0
296	80	7027	3	2	12	0	1	1004	2589.46	-146.37	100.36	245.79	103.9	11	1000180400	19	1
296	80	8553	3	0	14	0	0	1001	247.58	684.15	470.97	402.56	224.3	13	1000080160	8	0
296	80	8553	3	1	12	0	1	1003	1953.58	-40.83	-136.35	236.59	181.8	11	1000180400	11	1
296	80	8553	3	2	14	1	0	1002	650.06	-82.00	270.45	-461.51	1465.2	14	1000200400	22	0
296	80	9222	1	0	12	0	1	1004	913.34	147.39	-165.64	19.01	1309.1	11	1000180400	20	1
296	80	10158	1	0	12	0	0	1001	2055.14	-54.16	-194.73	334.12	794.6	11	1000180400	10	1
296	80	11310	1	0	12	0	1	1003	764.29	-88.80	1.50	166.87	502.7	11	1000180400	11	1
296	80	12239	2	0	12	0	1	1003	2686.20	199.72	-99.36	231.89	1375.1	11	1000180400	19	1
296	80	12239	2	1	14	0	1	1000	3960.68	-28.49	-112.33	-415.51	974.2	13	1000140280	20	0
300	12	594	3	0	14	0	1	1004	3063.00	-265.96	338.65	-278.64	240.1	13	1000080160	12	0
300	12	594	3	1	12	0	0	1001	774.30	-65.22	-186.94	102.16	556.5	11	1000180400	9	1
300	12	594	3	2	14	0	1	1003	1367.20	-609.85	-364.26	-162.25	1078.2	13	1000120240	11	0
300	12	1217	3	0	14	0	0	1001	776.21	-219.04	-541.12	249.39	1561.9	13	1000130270	34	0
300	12	1217	3	1	12	0	0	1001	770.37	-54.36	196.76	146.14	1333.6	11	1000180400	8	1
300	12	1217	3	2	14	0	1	1004	3680.85	-117.92	-311.85	-165.51	92.9	13	1000260560	11	0
300	12	1322	2	0	12	0	0	1001	1110.40	21.40	30.04	107.17	82.6	11	1000180400	9	1
300	12	1322	2	1	14	0	1	1003	1204.99	-590.61	303.33	53.24	895.0	13	1000200400	13	0
300	12	2488	1	0	12	0	2	1091	3308.91	92.83	-23.53	333.25	1434.5	11	1000180400	14	1
300	12	4683	1	0	12	0	10	1000	586.13	-183.30	-75.44	116.68	1521.4	11	1000180400	12	1
300	12	5516	2	0	12	0	2	1091	2661.91	132.91	-153.22	401.13	1437.2	11	1000180400	14	1
300	12	5516	2	1	14	0	0	1001	225.13	332.93	128.05	-285.79	239.0	13	1000080160	9	0
300	12	10659	2	0	12	0	1	1004	703.92	83.84	97.50	71.24	1560.1	11	1000180400	13	1
300	12	10659	2	1	14	0	1	1004	670.98	-58.04	-220.09	-492.43	385.8	13	1000200400	20	0
300	12	11235	4	0	14	1	0	1002	2102.82	-332.13	-50.71	-286.91	1033.6	14	1000080160	10	0
300	12	11235	4	1	14	1	0	1002	357.96	-621.61	34.98	343.49	1568.9	14	1000080160	9	0
300	12	11235	4	2	12	0	1	1005	1076.85	124.02	-130.56	252.57	655.0	11	1000180400	14	1
300	12	11235	4	3	14	0	0	1001	3141.20	-254.34	-519.65	1052.11	475.0	13	1000080160	24	0
294	2	4697	1	0	12	0	0	1001	1679.45	83.09	51.77	467.88	1060.5	11	1000180400	9	1
294	2	8542	1	0	12	0	0	1001	1368.98	-57.35	55.59	482.99	493.7	11	1000180400	9	1
294	2	8752	2	0	12	0	0	1001	248.49	166.66	203.67	324.99	506.5	11	1000180400	10	0
294	2	8752	2	1	14	0	0	1001	893.76	58.31	154.67	195.07	520.9	13	1000180400	8	1
294	2	10486	1	0	12	0	0	1001	3624.16	-39.28	-168.08	152.97	387.7	11	1000180400	9	1
294	2	12081	2	0	14	1	2	1092	3881.30	179.77	-370.86	-552.02	1558.5	14	1000080160	14	0
294	2	12081	2	1	-12	0	0	1001	2489.75	73.83	-72.07	218.96	462.2	-11	1000180400	9	1
297	38	387	2	0	12	0	0	1001	2577.60	48.60	184.12	389.06	624.7	11	1000180400	9	1
297	38	387	2	1	14	0	1	1003	949.15	-402.33	-139.85	510.65	798.1	13	1000130270	12	0
297	38	485	2	0	12	0	0	1001	2067.32	-77.71	-150.79	334.95	1491.7	11	1000180400	14	1
297	38	485	2	1	14	0	0	1001	451.69	-631.07	256.23	-447.21	310.3	13	1000120240	8	0
297	38	3717	3	0	12	0	1	1003	607.98	-170.92	-166.86	249.03	1375.8	11	1000180400	13	1
297	38	3717	3	1	14	0	0	1001	438.94	509.67	127.59	-43.29	758.8	13	1000080160	9	0
297	38	3717	3	2	14	0	10	1000	830.46	-177.36	115.48	333.77	1584.2	13	1000180400	38	1
297	38	5792	1	0	12	0	1	1003	1482.57	-185.83	87.83	78.26	443.7	11	1000180400	17	1
297	38	7266	4	0	14	0	1	1004	528.22	368.57	-160.22	-321.82	1354.6	13	1000080160	15	0
297	38	7266	4	1	14	0	1	1003	1553.50	-61.14	-464.47	197.61	198.8	13	1000140280	12	0
297	38	7266	4	2	14	0	0	1001	586.83	-497.38	259.41	-152.82	1323.3	13	1000140280	9	0
297	38	7266	4	3	12	0	1	1003	1720.96	72.02	176.35	367.57	224.5	11	1000180400	12	1
297	38	8023	3	0	14	0	0	1001	936.89	246.88	16.80	621.03	233.3	13	1000180400	9	0
297	38	8023	3	1	14	0	1	1003	1967.49	607.73	156.74	773.63	197.9	13	1000080160	23	0
297	38	8023	3	2	12	0	0	1001	2037.08	143.00	-54.82	451.60	1212.1	11	1000180400	8	1
297	38	9991	4	0	12	0	1	1003	620.87	3.43	-29.90	70.10	386.1	11	1000180400	11	1
297	38	9991	4	1	14	1	0	1002	377.82	459.71	-476.93	502.42	229.5	14	1000080160	11	0
297	38	9991	4	2	14	0	10	1000	584.52	201.12	-440.16	722.65	1297.5	13	1000080160	12	0
297	38	9991	4	3	14	0	1	1003	793.07	20.54	-8.42	-460.63	707.2	13	1000080160	12	0
297	38	12059	1	0	12	0	2	1091	2811.19	-14.74	20.21	24.67	97.2	11	1000180400	37	1
295	9	163	2	0	12	0	1	1005	997.54	-25.06	167.98	119.10	859.5	11	1000180400	46	1
295	9	163	2	1	14	1	10	1000	255.25	-638.00	-696.63	107.70	1336.0	14	1000110230	29	0
295	9	5740	1	0	12	0	0	1001	1512.56	86.90	28.99	44.78	893.8	11	1000180400	9	1
295	9	11595	1	0	12	0	0	1001	787.59	181.12	-140.09	193.02	122.6	11	1000180400	9	1
295	9	12208	1	0	12	0	0	1001	1596.38	-176.27	-71.87	182.88	841.4	11	1000180400	10	1
293	6	100	1	0	12	0	1	1003	788.29	0.68	-79.71	165.96	1409.3	11	1000180400	13	1
293	6	647	2	0	14	0	0	1001	258.14	508.41	-9.32	221.28	1395.0	13	1000080160	19	0
293	6	647	2	1	12	0	1	1000	2486.30	168.43	107.49	292.05	353.7	11	1000180400	17	1
293	6	689	1	0	12	0	1	1003	1133.81	187.73	96.51	130.06	1178.2	11	1000180400	11	1
293	6	1427	1	0	12	0	10	1000	828.02	-136.19	72.15	236.69	1317.3	11	1000180400	11	1
293	6	3014	1	0	12	0	1	1005	2450.92	129.83	-192.15	101.58	856.7	11	1000180400	12	1
293	6	3526	3	0	14	1	1	1006	978.10	0.13	98.74	272.00	487.4	14	1000260560	14	1
293	6	3526	3	1	-14	0	0	1001	297.85	-128.95	-502.04	987.38	1323.6	-13	1000080160	9	0
293	6	3526	3	2	12	0	0	1001	1308.23	-65.86	29.58	325.38	1017.2	11	1000180400	9	1
293	6	3620	2	0	12	0	0	1001	796.69	-3.10	-185.41	241.57	694.2	11	1000180400	15	1
293	6	3620	2	1	14	1	10	1000	1330.60	-243.97	-398.31	-478.34	1446.2	14	1000080160	13	0
293	6	5558	2	0	14	0	0	1001	309.81	513.42	-501.89	-124.57	775.1	13	1000140280	8	0
293	6	5558	2	1	12	0	0	1001	1608.32	108.73	-2.81	495.98	492.8	11	1000180400	16	1
293	6	6518	2	0	12	0	1	1005	2016.94	-195.80	-88.40	500.59	1251.0	11	1000180400	16	0
293	6	6518	2	1	14	1	0	1002	306.97	375.02	-0.13	-56.26	948.6	14	1000260560	14	0
293	6	6538	1	0	12	0	2	1091	3289.33	166.74	148.92	463.39	1305.6	11	1000180400	12	1
293	6	8488	2	0	14	0	0	1001	475.19	10.00	273.04	-280.82	1433.5	13	1000080160	9	0
293	6	8488	2	1	12	0	10	1000	1391.65	-168.34	155.79	171.33	577.1	11	1000180400	11	1
297	6	449	1	0	12	0	10	1000	1008.59	105.40	-96.53	305.56	1264.5	11	1000180400	11	1
297	6	2221	1	0	12	0	1	1003	1873.34	13.12	-172.11	90.68	1199.2	11	1000180400	13	1
297	6	2365	3	0	12	0	0	1001	904.09	-108.31	52.35	485.38	1099.8	11	1000180400	15	1
297	6	2365	3	1	14	1	0	1002	1139.92	36.45	3.53	953.13	1587.0	14	1000080160	10	0
297	6	2365	3	2	14	0	0	1001	256.69	-622.18	575.51	828.81	542.0	13	1000080160	9	0
297	6	5652	3	0	14	0	10	1000	976.32	176.77	-88.64	520.12	380.0	13	1000180400	12	0
297	6	5652	3	1	14	0	2	1091	1629.14	87.35	-158.75	-479.35	762.5	13	1000200400	14	0
297	6	5652	3	2	12	0	2	1091	929.00	160.65	-0.57	395.94	1134.1	11	1000180400	14	1
297	6	6548	2	0	12	0	0	1001	675.44	72.74	-29.85	469.76	77.9	11	1000180400	10	1
297	6	6548	2	1	14	0	2	1091	5850.52	380.19	-405.67	-283.76	1242.7	13	1000080160	12	0
297	6	6995	3	0	14	1	0	1002	578.74	-405.64	-317.88	-391.09	877.9	14	1000200400	14	0
297	6	6995	3	1	12	0	0	1001	548.94	197.75	45.29	491.70	191.3	11	1000180400	9	1
297	6	6995	3	2	14	0	1	1004	1070.39	387.88	-411.53	-45.65	323.7	13	1000140280	13	0
297	6	7155	3	0	14	1	1	1009	1251.26	43.67	-80.99	-360.88	1316.9	14	1000080160	11	0
297	6	7155	3	1	14	0	1	1004	1393.41	78.29	15.83	227.10	446.6	13	1000180400	12	1
297	6	7155	3	2	12	0	0	1001	1436.59	-101.66	195.13	363.61	1189.3	11	1000180400	8	1
297	6	8253	2	0	-12	0	0	1001	1735.20	3.67	-161.32	3.08	287.5	-11	1000180400	9	1
297	6	8253	2	1	14	1	0	1002	600.79	111.70	-248.32	-289.57	1070.4	14	1000080160	10	0
297	6	8370	1	0	12	0	2	1091	2059.20	3.37	8.21	48.24	176.1	11	1000180400	12	1
297	6	10010	3	0	14	0	0	1001	390.00	35.96	-162.52	136.91	462.4	13	1000180400	8	1
297	6	10010	3	1	14	1	0	1002	256.93	-611.49	-125.59	523.38	1363.0	14	1000140280	31	0
297	6	10010	3	2	12	0	0	1001	1484.84	68.16	-180.74	277.39	1073.2	11	1000180400	9	1
292	26	339	1	0	12	0	10	1000	1983.65	-178.22	58.04	143.11	1221.7	11	1000180400	23	1
292	26	1623	3	0	14	0	0	1001	1105.36	138.06	120.57	-280.08	1360.8	13	1000140280	8	0
292	26	1623	3	1	14	1	0	1002	1092.96	-663.03	-75.62	670.78	764.6	14	1000120240	9	0
292	26	1623	3	2	12	0	1	1004	2052.01	199.67	-23.00	478.04	1347.4	11	1000180400	11	1
292	26	1643	4	0	14	1	10	1000	729.94	-53.30	-152.09	-421.32	158.7	14	1000200400	12	0
292	26	1643	4	1	14	1	1	1008	510.72	-365.45	-375.15	120.41	897.6	14	1000280590	15	0
292	26	1643	4	2	12	0	10	1000	2313.55	88.59	-8.08	47.21	726.7	11	1000180400	12	1
292	26	1643	4	3	14	0	0	1001	1445.36	-669.50	-20.91	968.07	660.7	13	1000080160	11	0
292	26	3585	2	0	12	0	10	1000	608.14	36.72	24.16	107.70	1236.0	11	1000180400	20	1
292	26	3585	2	1	14	1	0	1002	234.63	-668.81	589.01	-129.17	793.2	14	1000200400	18	0
292	26	6046	2	0	12	0	0	1001	1227.94	105.76	-109.39	84.17	424.9	11	1000180400	8	1
292	26	6046	2	1	14	1	0	1002	496.22	-45.15	420.41	-354.77	1182.5	14	1000080160	9	0
292	26	6733	3	0	14	1	2	1092	3231.82	459.08	-0.59	-426.76	1237.5	14	1000200400	45	0
292	26	6733	3	1	12	0	0	1001	966.69	-173.51	178.38	415.81	1589.8	11	1000180400	8	1
292	26	6733	3	2	14	1	0	1002	316.41	-635.01	404.31	430.14	1549.5	14	1000080160	10	0
292	26	7989	1	0	12	0	0	1001	3616.38	190.12	-148.11	128.95	747.6	11	1000180400	10	1
292	26	8039	1	0	12	0	0	1001	808.31	146.50	-13.41	296.59	1224.3	11	1000180400	9	1
292	26	8687	2	0	14	0	0	1001	491.16	-111.51	-487.39	126.49	478.7	13	1000140280	8	0
292	26	8687	2	1	12	0	10	1000	3004.13	-89.13	191.19	491.84	246.9	11	1000180400	17	1
292	26	9241	2	0	14	0	0	1001	582.03	-480.81	-168.59	409.70	1456.4	13	1000140280	12	0
292	26	9241	2	1	-12	0	0	1001	1365.52	-109.23	44.78	304.67	1472.7	-11	1000180400	21	1
292	26	10658	1	0	12	0	2	1091	2226.31	-43.53	108.31	315.98	506.2	11	1000180400	14	1
292	26	10709	2	0	12	0	0	1001	1245.26	-200.59	178.70	400.25	962.5	11	1000180400	8	0
292	26	10709	2	1	14	0	0	1001	444.99	226.89	-531.10	235.70	220.7	13	1000080160	8	0
292	26	11557	1	0	12	0	1	1003	1916.66	-161.60	134.87	418.79	888.2	11	1000180400	11	1
292	26	11863	2	0	12	0	1	1003	3330.50	-83.81	189.60	101.63	138.1	11	1000180400	12	1
292	26	11863	2	1	14	0	2	1091	3006.60	-493.57	-323.95	1143.44	1272.9	13	1000080160	16	0
296	91	3191	1	0	12	0	1	1005	2113.00	79.74	125.68	449.39	1155.2	11	1000180400	12	1
296	91	3278	2	0	14	0	0	1001	610.77	-333.93	-369.81	467.43	1099.2	13	1000260560	8	0
296	91	3278	2	1	12	0	0	1001	860.08	-34.64	-100.56	361.34	319.2	11	1000180400	9	1
296	91	4775	3	0	14	0	0	1001	1089.16	-365.45	-61.33	-372.37	918.7	13	1000120240	17	0
296	91	4775	3	1	12	0	2	1091	2209.95	-34.58	12.80	256.48	336.9	11	1000180400	17	1
296	91	4775	3	2	14	0	0	1001	1561.51	-532.93	-48.10	530.78	341.8	13	1000140280	8	0
296	91	5191	2	0	14	0	1	1003	1310.93	-202.84	-158.19	218.38	314.1	13	1000180400	14	0
296	91	5191	2	1	12	0	3	1097	1690.12	-43.92	114.21	255.08	712.3	11	1000180400	5	1
293	47	5463	1	0	12	0	2	1091	2490.87	-12.71	-127.59	87.48	1522.1	11	1000180400	12	1
293	47	5839	3	0	12	0	10	1000	1446.14	-128.28	7.83	437.68	490.5	11	1000180400	18	1
293	47	5839	3	1	14	0	0	1001	3334.54	-616.63	16.17	1366.42	636.9	13	1000140280	19	0
293	47	5839	3	2	14	0	10	1000	1641.43	-631.69	-685.91	-48.42	607.6	13	1000080160	13	0
293	47	6786	2	0	14	1	1	1006	668.33	-533.21	119.45	747.13	1316.3	14	1000080160	12	0
293	47	6786	2	1	12	0	1	1003	1580.05	116.51	-39.88	100.94	1104.7	11	1000180400	11	1
293	47	7274	2	0	14	0	0	1001	1080.75	155.37	63.04	52.65	310.0	13	1000180400	34	1
293	47	7274	2	1	12	0	10	1000	879.16	30.87	48.16	226.20	1412.5	11	1000180400	12	1
293	47	8324	2	0	12	0	1	1005	1308.33	-33.39	152.17	403.08	1418.8	11	1000180400	14	1
293	47	8324	2	1	14	0	10	1000	846.63	-167.11	470.68	-415.79	1106.7	13	1000080160	11	0
293	47	8681	2	0	14	1	0	1002	332.78	-507.37	485.87	324.41	1418.0	14	1000080160	11	0
293	47	8681	2	1	12	0	1	1003	2948.91	43.07	58.08	455.41	396.6	11	1000180400	13	1
293	47	10755	1	0	12	0	0	1001	1446.75	69.58	-170.64	275.98	845.3	11	1000180400	9	1
293	47	11595	2	0	14	0	0	1001	1750.90	-84.22	13.52	323.70	999.3	13	1000180400	9	1
293	47	11595	2	1	12	0	2	1091	1225.35	-85.67	126.82	9.59	950.2	11	1000180400	40	1
294	69	987	1	0	12	0	0	1001	1435.12	69.60	98.33	7.86	665.7	11	1000180400	9	1
294	69	1711	2	0	12	0	0	1001	486.85	6.59	100.78	486.39	1307.5	11	1000180400	9	1
294	69	1711	2	1	14	0	0	1001	1499.97	39.51	55.81	210.91	276.1	13	1000180400	10	1
294	69	3734	3	0	14	0	0	1001	490.41	642.26	204.63	-237.72	979.7	13	1000080160	9	0
294	69	3734	3	1	14	1	0	1002	337.12	-610.53	206.59	39.66	327.8	14	1000080160	10	0
294	69	3734	3	2	12	0	1	1003	411.25	75.71	-76.09	26.81	382.8	11	1000180400	12	1
294	69	5568	2	0	12	0	0	1001	401.45	123.00	-95.12	255.23	351.0	11	1000180400	8	1
294	69	5568	2	1	14	1	0	1002	595.79	58.00	-547.92	-113.82	508.7	14	1000110230	11	0
294	69	9010	1	0	12	0	0	1001	999.10	21.39	-143.55	247.55	1374.4	11	1000180400	8	1
294	69	10844	2	0	12	0	10	1000	1762.75	66.32	171.34	444.91	415.3	11	1000180400	11	1
294	69	10844	2	1	14	1	0	1002	320.73	159.47	-489.77	260.38	1089.1	14	1000140280	9	0
296	71	206	1	0	12	0	1	1003	823.84	89.97	-101.17	164.39	1447.9	11	1000180400	13	1
296	71	1101	4	0	12	0	2	1091	2726.10	23.48	121.85	31.15	631.0	11	1000180400	15	1
296	71	1101	4	1	14	0	0	1001	332.10	-432.40	-490.32	248.00	124.1	13	1000110230	9	0
296	71	1101	4	2	14	1	2	1092	2721.19	-585.79	-177.85	-754.11	548.6	14	1000130270	16	0
296	71	1101	4	3	14	1	1	1007	1242.74	-138.28	-71.11	999.18	378.5	14	1000260560	16	0
296	71	2069	2	0	14	1	0	1002	378.60	-158.32	2.54	428.83	1588.4	14	1000180400	10	1
296	71	2069	2	1	12	0	1	1000	1562.88	-118.50	36.91	351.48	1527.5	11	1000180400	16	1
296	71	3432	2	0	12	0	1	1005	994.23	32.31	69.02	145.28	1220.4	11	1000180400	12	1
296	71	3432	2	1	14	1	0	1002	302.69	-259.86	-526.89	-211.27	1169.9	14	1000140280	9	0
296	71	3671	1	0	12	0	0	1001	1089.47	-16.26	-5.44	386.57	1093.2	11	1000180400	13	1
296	71	4248	1	0	12	0	0	1001	451.36	-197.03	111.16	268.27	487.1	11	1000180400	8	1
296	71	5393	2	0	14	1	1	1007	630.42	-589.38	126.20	944.30	1454.1	14	1000080160	12	0
296	71	5393	2	1	12	0	0	1001	1092.00	-10.07	161.46	135.20	634.0	11	1000180400	8	1
296	71	11659	3	0	12	0	1	1003	2011.44	154.61	-174.91	468.69	209.0	11	1000180400	19	1
296	71	11659	3	1	14	0	10	1000	728.84	220.40	-110.81	734.81	502.0	13	1000240520	12	0
296	71	11659	3	2	14	0	1	1004	3024.51	-175.32	-433.95	1259.09	652.7	13	1000140280	12	0
295	96	1762	2	0	12	0	0	1001	1057.53	-67.05	8.95	470.14	1211.5	11	1000180400	10	1
295	96	1762	2	1	14	0	10	1000	1073.01	-159.84	-57.74	331.33	676.6	13	1000180400	12	1
295	96	1994	3	0	12	0	0	1001	1147.58	43.93	-91.88	97.47	783.0	11	1000180400	8	1
295	96	1994	3	1	14	0	0	1001	3494.78	-64.10	228.64	-419.31	177.1	13	1000140280	10	0
295	96	1994	3	2	14	0	1	1003	3520.90	-380.49	59.80	1394.03	1281.7	13	1000080160	13	0
295	96	2208	2	0	14	0	0	1001	3135.37	-484.64	-145.94	-226.89	827.6	13	1000200400	31	0
295	96	2208	2	1	12	0	0	1001	941.10	7.97	185.27	132.44	1105.8	11	1000180400	8	1
295	96	2228	2	0	14	0	1	1003	1144.40	70.79	228.51	-331.90	595.8	13	1000080160	27	0
295	96	2228	2	1	12	0	0	1001	682.19	127.67	169.35	43.49	1009.6	11	1000180400	9	1
295	96	2824	2	0	14	0	0	1001	349.03	-531.85	162.98	933.42	1321.1	13	1000140280	9	0
295	96	2824	2	1	12	0	1	1005	1802.12	163.99	-130.09	132.80	1123.3	11	1000180400	13	1
295	96	4299	1	0	12	0	0	1001	576.49	129.32	31.50	52.79	269.0	11	1000180400	8	1
295	96	6500	1	0	12	0	1	1003	1638.25	84.87	86.50	343.98	962.7	11	1000180400	26	1
295	96	7545	1	0	12	0	1	1005	1440.53	150.66	178.51	309.69	1377.4	11	1000180400	16	1
295	96	9509	2	0	14	1	1	1009	814.99	-202.92	216.15	-312.43	996.3	14	1000260560	17	0
295	96	9509	2	1	12	0	1	1004	1912.76	56.14	60.87	319.54	638.5	11	1000180400	19	1
295	96	11492	3	0	12	0	1	1003	875.37	-70.47	99.60	16.86	1234.1	11	1000180400	12	1
295	96	11492	3	1	14	0	0	1001	718.95	184.57	95.59	973.71	1208.7	13	1000080160	8	0
295	96	11492	3	2	14	0	0	1001	289.69	426.27	-472.31	-380.80	1336.6	13	1000140280	9	0
295	96	11628	2	0	14	0	0	1001	334.66	-223.92	-577.10	-284.34	109.9	13	1000140280	8	0
295	96	11628	2	1	12	0	2	1091	1306.49	-153.54	174.49	349.23	942.1	11	1000180400	29	1
295	94	3079	3	0	14	0	1	1004	552.38	-322.32	-354.14	988.15	1189.7	13	1000140280	13	0
295	94	3079	3	1	12	0	2	1091	1268.28	100.03	16.31	102.34	613.1	11	1000180400	15	1
295	94	3079	3	2	14	1	0	1002	390.99	485.86	14.32	-24.74	269.0	14	1000140280	9	0
295	94	4024	2	0	12	0	2	1091	1846.01	129.71	82.61	14.23	854.3	11	1000180400	29	1
295	94	4024	2	1	14	0	10	1000	682.83	96.65	236.58	-399.05	821.2	13	1000200400	11	0
295	94	7471	2	0	14	0	1	1003	2303.66	-93.28	-269.36	9.75	856.5	13	1000180400	14	0
295	94	7471	2	1	12	0	1	1005	1801.10	-122.35	-37.53	210.31	1393.0	11	1000180400	11	1
295	94	10843	1	0	12	0	2	1091	1615.24	76.21	21.31	489.91	833.1	11	1000180400	14	1
295	32	1054	1	0	12	0	1	1000	2502.04	-79.29	-16.85	25.25	1010.1	11	1000180400	16	1
295	32	2577	3	0	12	0	2	1091	1622.14	-495.76	-627.55	210.92	159.5	11	1000260560	36	0
295	32	2577	3	1	12	0	10	1000	722.26	78.72	44.88	121.14	766.0	11	1000180400	12	1
295	32	2577	3	2	14	1	0	1002	966.63	89.99	-564.20	-264.30	1510.7	14	1000080160	22	0
295	32	2786	1	0	12	0	0	1001	483.12	-95.52	47.82	66.59	935.5	11	1000180400	23	1
295	32	6151	1	0	12	0	0	1001	1765.58	83.35	158.08	362.88	1113.9	11	1000180400	19	1
295	32	6803	1	0	12	0	1	1005	1564.01	139.15	-111.80	165.39	1049.2	11	1000180400	19	1
295	32	8159	2	0	14	0	1	1004	866.87	207.66	132.76	-499.07	933.8	13	1000080160	12	0
295	32	8159	2	1	12	0	0	1001	740.94	-197.85	-21.59	15.51	346.9	11	1000180400	9	1
295	32	11702	4	0	14	0	0	1001	343.48	527.85	408.55	-167.12	1342.8	13	1000080160	18	0
295	32	11702	4	1	14	0	0	1001	1363.99	-116.66	-36.06	-508.59	1407.4	13	1000080160	8	0
295	32	11702	4	2	12	0	1	1004	1267.40	-139.10	-68.45	235.13	1223.6	11	1000180400	13	1
295	32	11702	4	3	14	0	1	1003	1033.47	-58.45	-0.54	-503.19	1085.0	13	1000080160	13	0
295	38	1266	3	0	12	0	0	1001	2493.41	55.59	49.93	458.03	775.9	11	1000180400	9	1
295	38	1266	3	1	14	1	0	1002	598.10	-480.19	-458.82	109.78	841.3	14	1000140280	11	0
295	38	1266	3	2	14	0	0	1001	563.60	-704.94	-171.21	446.62	662.1	13	1000130270	8	0
295	38	2384	3	0	14	0	0	1001	2271.33	131.15	228.03	150.65	575.7	13	1000180400	10	0
295	38	2384	3	1	12	0	0	1001	356.25	154.95	-7.87	288.22	1526.2	11	1000180400	9	1
295	38	2384	3	2	14	0	0	1001	365.44	26.79	-446.88	26.36	760.2	13	1000200400	8	0
295	38	2745	3	0	14	0	0	1001	776.61	0.36	-248.52	-334.34	143.7	13	1000080160	8	0
295	38	2745	3	1	14	0	0	1001	674.56	-441.72	-456.02	-372.64	1484.4	13	1000200400	16	0
295	38	2745	3	2	12	0	1	1004	1283.76	-95.41	103.18	413.02	1324.0	11	1000180400	11	1
295	38	3030	4	0	12	0	10	1000	703.84	185.34	-107.63	186.50	370.4	11	1000180400	11	1
295	38	3030	4	1	14	0	0	1001	982.31	380.30	-652.80	844.98	164.4	13	1000080160	9	0
295	38	3030	4	2	14	1	0	1002	262.59	-326.13	624.35	346.40	1357.1	14	1000130270	11	0
295	38	3030	4	3	14	1	0	1002	209.02	-15.85	-469.46	-81.32	1421.5	14	1000140280	11	0
295	38	3550	1	0	12	0	0	1001	429.76	59.67	51.94	126.01	253.0	11	1000180400	10	1
295	38	4848	2	0	12	0	0	1001	188.77	-66.92	-6.53	305.09	902.3	11	1000180400	10	1
295	38	4848	2	1	14	0	1	1005	1404.87	-658.15	-238.14	90.85	439.8	13	1000200400	15	0
295	38	5714	2	0	12	0	1	1005	1948.57	-78.22	-151.68	362.24	1323.4	11	1000180400	15	1
295	38	5714	2	1	14	1	1	1008	1460.51	224.89	-476.69	964.16	1492.4	14	1000080160	11	0
295	38	6252	3	0	14	0	0	1001	500.20	-525.52	246.72	581.09	552.7	13	1000140280	8	0
295	38	6252	3	1	14	0	0	1001	279.19	578.46	246.04	409.36	75.2	13	1000200400	9	0
295	38	6252	3	2	12	0	1	1004	1328.65	-108.24	-142.90	69.06	252.8	11	1000180400	12	1
295	38	7266	1	0	12	0	1	1004	670.89	58.60	-75.49	319.51	1034.9	11	1000180400	11	1
295	38	7699	2	0	12	0	1	1000	2056.05	-199.07	-50.83	432.91	1078.1	11	1000180400	18	1
295	38	7699	2	1	14	0	1	1003	2043.79	132.07	-570.71	-413.27	1127.8	13	1000140280	11	0
295	38	8817	1	0	12	0	0	1001	1157.04	131.48	146.29	394.04	908.1	11	1000180400	8	1
295	38	10527	3	0	14	1	0	1002	401.54	-107.28	-557.39	648.29	195.6	14	1000080160	23	0
295	38	10527	3	1	14	1	0	1002	676.85	-113.78	-10.66	294.33	867.4	14	1000180400	11	1
295	38	10527	3	2	12	0	10	1000	282.75	152.78	-192.12	309.36	485.9	11	1000180400	12	1
295	38	10848	3	0	14	0	1	1004	974.34	4.62	551.64	-418.23	520.7	13	1000080160	12	0
295	38	10848	3	1	14	1	0	1002	540.10	83.96	222.56	-41.85	1234.6	14	1000180400	10	0
295	38	10848	3	2	12	0	0	1001	804.80	72.03	44.23	298.87	523.2	11	1000180400	10	1
295	38	11960	2	0	12	0	0	1001	768.58	-136.01	189.32	475.17	776.0	11	1000180400	9	1
295	38	11960	2	1	14	1	10	1000	1197.58	107.83	198.99	-292.71	315.6	14	1000140280	22	0
293	73	1072	2	0	14	1	0	1002	463.59	-518.23	-183.37	662.58	1028.1	14	1000080160	10	0
293	73	1072	2	1	12	0	0	1001	745.63	-147.82	74.20	310.91	791.8	11	1000180400	9	1
293	73	5123	4	0	14	1	2	1092	3726.76	69.41	-458.15	-395.87	1088.5	14	1000080160	30	0
293	73	5123	4	1	12	0	1	1004	3272.56	-172.07	38.73	138.45	1274.9	11	1000180400	17	1
293	73	5123	4	2	14	1	1	1009	1050.60	-160.85	-566.40	498.92	550.3	14	1000140280	11	0
293	73	5123	4	3	14	1	0	1002	160.49	-675.09	-459.38	533.03	344.0	14	1000080160	10	0
293	73	5516	3	0	14	0	10	1000	831.52	-303.34	-129.90	-420.49	841.6	13	1000080160	11	0
293	73	5516	3	1	14	1	1	1006	691.21	-13.89	-154.12	-498.61	1217.5	14	1000140280	42	0
293	73	5516	3	2	12	0	0	1001	742.23	123.93	107.76	209.67	786.7	11	1000180400	16	1
293	73	8016	3	0	14	1	0	1002	820.09	217.18	67.96	-322.02	693.3	14	1000140280	11	0
293	73	8016	3	1	12	0	2	1091	2834.17	-162.58	-59.85	333.41	886.9	11	1000180400	13	1
293	73	8016	3	2	14	0	0	1001	628.24	16.64	-121.84	643.16	1219.0	13	1000260560	9	0
293	73	9454	2	0	12	0	1	1003	1331.40	-69.31	179.09	10.58	306.2	11	1000180400	13	1
293	73	9454	2	1	14	1	0	1002	231.33	-277.68	55.46	-479.29	1277.2	14	1000140280	9	0
293	73	12398	3	0	12	0	10	1000	3422.34	-8.11	-14.42	443.68	1040.1	11	1000180400	22	1
293	73	12398	3	1	14	0	1	1003	1631.89	-552.89	-692.96	268.03	828.1	13	1000140280	15	0
293	73	12398	3	2	14	0	0	1001	979.00	-92.34	-488.66	1002.64	150.5	13	1000140280	9	0
291	42	410	4	0	12	0	0	1001	2398.01	62.49	-4.12	249.28	525.3	11	1000180400	9	1
291	42	410	4	1	14	0	0	1001	1053.10	-112.33	73.07	175.16	1505.6	13	1000180400	9	1
291	42	410	4	2	14	0	10	1000	714.87	-140.03	-434.27	684.85	1237.5	13	1000080160	11	0
291	42	410	4	3	12	1	0	1002	1135.89	-496.85	-17.29	-28.59	322.7	12	1000130270	11	0
291	42	3653	1	0	12	0	1	1000	1433.04	171.15	37.44	240.09	1183.3	11	1000180400	17	1
291	42	4539	1	0	12	0	0	1001	629.71	97.46	10.55	4.28	1214.9	11	1000180400	8	1
291	42	4958	1	0	12	0	0	1001	1385.21	143.34	178.23	0.51	1403.7	11	1000180400	9	1
291	42	6815	1	0	12	0	0	1001	1564.96	-16.35	161.01	439.68	1591.0	11	1000180400	9	1
291	42	7180	2	0	12	0	0	1001	993.60	143.73	119.02	73.72	253.1	11	1000180400	10	1
291	42	7180	2	1	14	0	0	1001	1053.92	-293.65	10.07	-327.06	371.1	13	1000080160	10	0
291	42	9911	2	0	-12	0	0	1001	1206.37	-110.53	-63.12	151.24	725.4	-11	1000180400	10	1
291	42	9911	2	1	14	0	0	1001	327.13	321.73	-454.16	685.79	1029.0	13	1000080160	10	0
291	42	10003	3	0	14	0	1	1003	2945.05	-625.46	-283.90	1154.82	342.6	13	1000140280	12	0
291	42	10003	3	1	14	0	10	1000	758.62	-257.09	243.19	76.58	762.2	13	1000180400	28	0
291	42	10003	3	2	12	0	2	1091	2075.97	-18.55	61.92	247.68	750.5	11	1000180400	27	1
291	42	10350	1	0	12	0	0	1001	1151.82	201.98	-97.16	20.63	1178.0	11	1000180400	8	0
295	49	2211	2	0	12	0	1	1000	2924.85	172.20	-71.98	50.75	1141.5	11	1000180400	27	1
295	49	2211	2	1	14	1	0	1002	416.03	351.73	6.94	-354.09	67.1	14	1000140280	9	0
295	49	3304	4	0	14	0	0	1001	577.47	-703.32	548.77	27.96	289.7	13	1000080160	13	0
295	49	3304	4	1	14	1	1	1008	771.81	8.77	-155.05	273.34	524.3	14	1000180400	13	1
295	49	3304	4	2	12	0	0	1001	591.68	-152.43	39.82	0.39	950.4	11	1000180400	9	1
295	49	3304	4	3	14	0	0	1001	635.33	582.59	60.25	-191.32	947.4	13	1000200400	8	0
295	49	3937	2	0	14	1	10	1000	609.69	-486.94	79.62	988.18	982.3	14	1000140280	12	0
295	49	3937	2	1	12	0	10	1000	584.59	-44.47	-12.34	421.62	1435.2	11	1000180400	12	1
295	49	4285	1	0	12	0	0	1001	1530.84	136.85	-189.64	328.73	1169.9	11	1000180400	8	1
295	49	5618	2	0	12	0	0	1001	731.75	-198.45	-53.52	424.61	603.2	11	1000180400	9	1
295	49	5618	2	1	14	0	0	1001	572.99	539.37	-166.82	-271.77	1226.8	13	1000140280	8	0
295	49	5942	2	0	12	0	0	1001	277.41	17.99	132.27	205.09	350.8	11	1000180400	9	1
295	49	5942	2	1	14	0	1	1003	862.45	214.69	103.27	-304.49	1205.2	13	1000080160	26	0
295	49	10507	1	0	12	0	1	1003	1256.85	-60.55	162.89	296.21	525.5	11	1000180400	13	1
295	49	11128	2	0	14	0	0	1001	423.91	54.49	303.14	-67.66	171.2	13	1000060120	8	0
295	49	11128	2	1	12	0	0	1001	546.08	-4.96	-27.89	392.70	680.3	11	1000180400	9	1
295	49	11289	3	0	14	0	1	1003	3094.96	15.86	-632.22	156.92	425.0	13	1000080160	12	0
295	49	11289	3	1	12	0	0	1001	1196.03	-32.80	180.98	46.57	1292.9	11	1000180400	8	1
295	49	11289	3	2	14	0	0	1001	2566.88	-547.71	-331.79	-509.09	988.9	13	1000080160	8	0
